fixed_acidity,volatile_acidity,citric_acid,residual_sugar,chlorides,free_sulfur_dioxide,total_sulfur_dioxide,density,ph,sulphates,alcohol,cluster,free_to_total_SO2,total_acidity,alcohol_acidity_ratio,PC1_score,PC2_score,good_quality,sample_weight
0.9517562447800928,-0.2628063377212388,-0.18347739979973715,0.10935927925309273,0.30627064817051747,-0.2987270619654435,-0.4674222183133764,1.7363631065577145,-0.18701275220302285,-0.5693818910455523,-0.3919820952015011,1.2126230021958784,0.1708479539965702,0.9442064985096985,-0.1814665478105909,0.6744802042837662,0.052365345080868535,0,0.5781914893617022
0.9517562447800928,-1.4547932054814505,1.3677795375789066,-0.4649090132498635,-0.09793458517766435,2.4252455079902053,0.765124289029384,-1.1837609372096667,-2.1205846765342304,-0.16085508209075644,1.2703663640238168,1.2126230021958784,1.2184015321196453,0.8164550213721945,2.2927290340891435,0.9203449368493041,0.05997120655726324,1,3.697278911564626
-0.2986722157006852,0.00809976858790052,0.2818996814138561,-0.10599133043551597,-0.16175646412737738,0.7345039128453198,2.8193684679339848,-0.09868752203925044,-0.05810795724760882,-0.33593800021424064,-0.8537455560974225,-0.8246586104577844,-1.3849427876835996,-0.30427384624317816,-0.4746061297835387,0.012515748836758184,1.6545945283764742,0,0.5781914893617022
0.6107303010126082,-1.0755246566486558,1.626322360475347,0.18114281581596198,-0.1830304237772817,-0.6744474164420847,-0.5261149091392221,0.459806147533744,-1.2182511118463322,-0.6861038364612083,1.4550717483821847,1.2126230021958784,-0.5191114184007224,0.5086900991772998,1.3836251269491502,0.9484921071365903,-1.211243963719605,0,0.5781914893617022
-0.7533734740573317,-0.8046185503395168,1.1092367146824658,-0.03420779387264641,0.19990084992099402,1.5798747104177624,1.0879340885715356,-0.28485207856362127,0.5219636200517557,0.6561985358188358,0.9009555953070794,1.2126230021958784,0.053865223036475327,-0.8559279520642167,0.7423192699744271,0.048084527814905714,0.5025990540561638,0,0.5781914893617022
-0.12815924381694285,-0.8046185503395168,1.0575281501031777,-0.5366925498127328,1.4763384289152552,-1.0501677709187258,-0.9076173995072193,0.459806147533744,-0.05810795724760882,2.29030577163802,-0.9460982482766065,1.2126230021958784,-0.5573098611632025,-0.21717056637669818,0.21191592961939304,0.9831581691941096,-0.739350829025546,0,0.5781914893617022
2.0316717333771286,0.27900587489703926,1.9882823125303641,-0.03420779387264641,-0.33194814132661205,-0.9562376822995656,-0.32069049124876203,1.3108441202163712,-1.6694178941902826,-0.5693818910455523,-0.3919820952015011,1.2126230021958784,-1.4141938474566698,2.1055835633960953,-0.5434515861276045,1.6736552370637356,-0.5008909916265282,0,0.5781914893617022
-0.014483929227780629,1.7148082383354764,-1.3727743851233638,-0.24955840356125478,-0.37449606062642044,-1.0501677709187258,-0.9956564357459879,-0.01890271210025967,0.0707968377078052,-0.45265994562989675,0.5315448265903419,-0.8246586104577844,-0.14804083156520395,0.16898730769802822,-0.9690945850291247,-0.7894264479580044,-0.5293640923773413,0,0.5781914893617022
2.3158600198500325,-0.9671622141250005,1.1092367146824658,0.03757574269022316,-0.1830304237772817,1.0162941787028006,0.6183925619647697,1.4172238668016923,-1.2182511118463322,0.5394765904031796,-0.022571326484763597,1.2126230021958784,0.0737948453473348,2.2623694671557586,0.7135259457837257,1.7552079210321967,0.3449825603696795,0,0.5781914893617022
0.4970549864234459,0.3331870961588671,-0.18347739979973715,0.5400604986303095,0.28499668852061105,0.3587835583686786,-0.027227037119533372,1.0980846270457292,-0.31591754715843684,0.0725888087405558,-0.7613928639182386,1.2126230021958784,0.29605960480709265,0.5435314111238909,-0.6412243585109932,0.5034115158323673,0.6835379817861709,0,0.5781914893617022
-0.7533734740573317,0.8749993087771452,-1.0625229976476351,-0.03420779387264641,0.07225709202157006,-0.11086688472712292,-0.7902320178555279,-0.54016347036838,0.4575112225740473,-0.33593800021424064,0.8086029031278954,-0.8246586104577844,2.171150336156788,-0.675914507006826,-0.6305798110025167,-0.9561299287034797,-0.32822298129762173,0,0.5781914893617022
1.9179964187879663,-1.346430762957795,1.0058195855238894,-0.6084760863756025,-0.7148794150248897,0.07699329251119767,-0.4674222183133764,0.06620108516797353,-1.0248939194132125,0.0725888087405558,0.16213405787360433,1.2126230021958784,0.9825648626992672,1.8152392971744962,1.5341356852187276,1.1152890866020269,-0.906527286568077,1,3.697278911564626
-0.41234753028984694,-0.6962561078158611,0.0750654230967034,-0.4649090132498635,-0.20430438342718604,1.2041543559411212,0.5303535257260011,0.19385678107038237,0.9086780049179978,-0.39429897292206867,-0.8537455560974225,-0.8246586104577844,0.3860759222131944,-0.4959010619494336,0.11246530330282377,-0.251087039047476,0.7501222071857583,0,0.5781914893617022
-0.2418345584061041,-1.2380683204341394,2.0916994416889403,4.129237326773785,-0.7999752536245069,2.002560109203984,6.751778753265649,-1.9018242266606427,-1.9272274841011108,-0.8611867545846925,1.7321298249197383,1.2126230021958784,-1.5912785006871628,-0.3797633554607934,1.8508622513164499,0.8153453668299233,2.979788649522338,1,3.697278911564626
-0.3555098729952658,0.8749993087771452,1.1092367146824658,-0.5366925498127328,0.5828321236192738,0.3587835583686786,1.880285414720453,0.03428716119240084,-0.6381795345469705,0.3060326995718674,-1.0384509404557904,-0.8246586104577844,-1.3076364154262,-0.269432534296586,-0.9226859984444198,0.4115953556728913,1.2483422902301458,0,0.5781914893617022
-1.3785877042977204,-1.2922495416959674,-0.13176883522044897,7.790197691480129,-0.43831793957613346,5.243148166565014,3.288909994540751,0.2523656416923444,0.13524923518551366,-0.6861038364612083,-0.11492401866394757,-0.8246586104577844,0.4549488720425143,-1.5469473056716225,1.2983282888293601,0.25082669838380395,4.6101555090687025,0,0.5781914893617022
0.78124327289635,-1.1838870991723116,1.0058195855238894,-0.6802596229384719,-0.5446877378256552,-0.2987270619654435,-0.4380758729004535,0.8321352605823676,-0.2514651496807284,0.014227836032727747,-0.3919820952015011,1.2126230021958784,0.0909061372303954,0.6712828882613949,0.9698794127719096,0.7996528040425847,-0.6192001656847945,0,0.5781914893617022
-0.5260228448790082,-0.9129809928631726,0.12677398767599157,-0.5366925498127328,-0.2894002220268034,0.07699329251119767,-0.7021929816167592,-1.353968531746192,-0.444822342113848,0.24767172686403935,0.9009555953070794,-0.8246586104577844,2.1324971500280885,-0.6352663097358009,0.9102803277535215,-0.2964305473384346,-1.0287721932010196,1,3.697278911564626
-1.2649123897085592,0.00809976858790052,-1.0108144330683468,-0.4649090132498635,-0.22557834307709038,0.7345039128453198,-0.08591972794537911,-0.7741989128561099,1.8754639670836015,0.13094978144838387,-0.11492401866394757,-0.8246586104577844,0.9960934778443122,-1.2914443513966154,-0.3224904548137927,-1.3141755559206212,0.2523237338339771,0,0.5781914893617022
-0.46918518758442757,1.2271772469790263,-1.4244829497026519,-0.4649090132498635,-0.07666062552776001,-0.9562376822995656,-1.0543491265718337,-0.008264737441715759,0.19970163266321922,-0.9779087000003487,-0.6690401717390546,-0.8246586104577844,0.779635635523593,-0.3478254861764176,-0.9862336027985033,-0.872797528903476,-0.2180458019794893,0,0.5781914893617022
-0.3555098729952658,-0.6420748865540336,2.5053679583232453,-0.5366925498127328,11.134716109971816,-0.768377505061245,-0.08591972794537911,0.03428716119240084,-1.6049654967125742,3.5158861985024084,-0.9460982482766065,1.2126230021958784,-1.3127901735766934,-0.43202532338068217,0.02950892720461321,2.879237012041715,0.33539165993661313,0,0.5781914893617022
-0.9238864459410739,0.1706434323733841,-0.9591058684890589,0.25292635237883154,-0.1830304237772817,-0.8623075936804053,-0.7608856724426051,-0.024221699429561153,0.9731304023957034,-0.27757702750641255,-0.20727671084313318,-0.8246586104577844,-0.4010435044076028,-0.9256105759574006,-0.4454053528920252,-0.8146401095758661,-0.3298820300707539,0,0.5781914893617022
1.1222692166638357,-0.47953122276855,1.160945279261754,1.4014629373847436,0.41264044642003916,-1.0501677709187258,-1.0250027811589109,0.6725656407043861,-0.18701275220302285,1.0063643720658035,0.9933082874862633,1.2126230021958784,0.0303584890287955,1.09518551694493,0.3529549996683454,1.1084443285982184,-1.062914609721138,0,0.5781914893617022
0.04235372806679999,-1.1838870991723116,0.0750654230967034,0.3964934255045707,2.2634749359617126,-0.20479697334628322,-0.6435002907909135,-0.7316470142219932,-0.573727137069262,0.7145595085266638,1.4550717483821847,1.2126230021958784,1.029394684355192,-0.08361220391476232,1.6200512493361454,0.4627705471711002,-0.8885453854937453,0,0.5781914893617022
1.2359445312529969,-0.1002626739357552,1.8848651833717878,-0.10599133043551597,0.41264044642003916,-0.9562376822995656,-0.9663100903330651,0.3002365276557034,-1.4116083042794547,0.014227836032727747,1.2703663640238168,1.2126230021958784,0.1302621085614355,1.2519714207045933,0.050714914413450836,1.2235282407858787,-1.383200583436464,1,3.697278911564626
-0.8670487886464934,0.22482465363521137,-1.4244829497026519,-0.03420779387264641,-0.33194814132661205,1.485944621798602,0.47166083490015537,-0.9710014440390246,0.7797732099625838,-0.5693818910455523,0.7162502109487098,-0.8246586104577844,0.779635635523593,-0.8617348373886485,-0.3008072993904738,-1.2401217896184096,0.641137394677729,0,0.5781914893617022
1.065431559369254,-1.021343435386828,1.0575281501031777,-0.32134194012412437,-0.7574273343246984,-1.0501677709187258,-1.1423881628106023,-1.1465280259047925,-0.7026319320246761,0.1893107541562113,1.5474244405613686,1.2126230021958784,1.140398706058125,0.9790478104562897,1.3054828166455077,0.43451749126505507,-2.0350989682534903,1,3.697278911564626
0.4970549864234459,0.76663686625349,-0.9073973039097707,0.3247098889417011,0.07225709202157006,-0.3926571505846038,0.0021193082933894966,1.1406365256798459,0.006344440230099625,-0.6861038364612083,-0.8537455560974225,-0.8246586104577844,-0.8437981818818011,0.5899864937193469,-0.8520573381972734,0.05010203763864546,0.5891151520752771,0,0.5781914893617022
0.3833796718342847,-0.2628063377212388,0.2301911168345679,0.18114281581596198,-0.07666062552776001,0.4527136469878389,2.1737488688496818,0.8853251338750281,0.0707968377078052,-0.2192160547985845,-0.9460982482766065,1.2126230021958784,-1.3494578954998748,0.36351796606650016,-0.30743734114491156,0.46079471644726083,1.4194408098269373,0,0.5781914893617022
0.04235372806679999,0.4957307599443507,-0.8039801747511945,-0.5366925498127328,-0.33194814132661205,2.049525153513564,-0.05657338253245624,-0.9018546087585186,0.4575112225740473,1.356530208312772,1.2703663640238168,-0.8246586104577844,2.897158006052368,0.09640124114262844,-0.3629728521847734,-0.584157261340088,0.23188660756614846,0,0.5781914893617022
-0.2418345584061041,-0.9671622141250005,0.9541110209446017,0.7554111083189182,-0.20430438342718604,-0.11086688472712292,-0.32069049124876203,0.3002365276557034,0.2641540301409277,1.1814472901892876,2.1938932858156597,1.2126230021958784,0.16536338028911934,-0.35072892883863405,1.4045657263605706,0.366480447392773,-0.9635158622845762,1,3.697278911564626
-0.7533734740573317,0.8479086981462318,-1.4244829497026519,-0.4649090132498635,0.24244876922080477,-0.6744474164420847,-0.7608856724426051,-0.35931790117336965,0.19970163266321922,-0.33593800021424064,-0.6690401717390546,-0.8246586104577844,0.1892960655579953,-0.6788179496690414,-0.8539237754882059,-0.8476727177010149,-0.0979243353905006,0,0.5781914893617022
-0.8670487886464934,-0.2628063377212388,-1.0108144330683468,-0.5366925498127328,-0.2894002220268034,2.2373853307518847,0.47166083490015537,-0.7688799255268673,-1.2182511118463322,-0.9779087000003487,-0.7613928639182386,-0.8246586104577844,1.5913525442262901,-0.9139968053085369,-0.2654470767001383,-0.5186366840883134,1.1643005050858661,0,0.5781914893617022
2.6568859636175173,-0.3169875589830667,1.1092367146824658,1.2578958642590046,-0.05538666587785568,-0.9562376822995656,-0.027227037119533372,2.853350445703703,-0.05810795724760882,0.13094978144838387,2.101540593636474,1.2126230021958784,-1.6382445180589087,2.680465210514862,0.44213354968838636,1.7126906071932932,-0.6861026433410804,0,0.5781914893617022
0.2697043572451234,-0.6420748865540336,1.8848651833717878,-0.24955840356125478,0.11480501132137874,-0.6744474164420847,-0.1739587641841477,0.9917048804604082,1.4887495822173595,0.014227836032727747,0.06978136569442037,1.2126230021958784,-1.075717298654001,0.20673206230683686,0.2998852641173012,0.4964847987004096,-0.5658637182552336,0,0.5781914893617022
-0.41234753028984694,-0.6420748865540336,0.2818996814138561,-0.03420779387264641,-0.20430438342718604,-0.9562376822995656,-0.7315393270296822,-0.5508014450269239,-0.05810795724760882,-0.45265994562989675,0.7162502109487098,-0.8246586104577844,-0.7732141028641754,-0.49009417662500177,0.4719429330617388,-0.2043032979616031,-1.0885237853392813,0,0.5781914893617022
-0.2986722157006852,0.6311838130989204,-1.4244829497026519,-0.39312547668699394,-0.11920854482757076,-0.768377505061245,-0.9369637449201422,-0.17847233197830026,0.4575112225740473,-0.39429897292206867,-0.576687479559869,-0.8246586104577844,0.779635635523593,-0.2374946650122102,-0.7497998944817122,-0.7686464651616101,-0.29923975037391776,0,0.5781914893617022
1.520132817725901,-1.4547932054814505,2.0916994416889403,0.0016839744087882185,-0.05538666587785568,-0.5805173278229244,-0.6728466362038364,0.14066690777772187,-0.8315367269800901,-0.27757702750641255,1.2703663640238168,1.2126230021958784,0.1302621085614355,1.397143553815393,2.2927290340891435,1.2739287464063989,-1.4715642626332064,0,0.5781914893617022
0.1560290426559612,1.6335364064427347,-1.4244829497026519,0.18114281581596198,0.1573529306211874,0.07699329251119767,-0.14461241877122483,0.789583361948251,0.13524923518551366,-0.33593800021424064,-0.022571326484763597,-0.8246586104577844,0.10005868870273023,0.33448353944433984,-1.0182363959028256,-0.42682171633742594,0.6306408334551558,0,0.5781914893617022
-0.8102111313519123,-0.6962561078158611,-0.18347739979973715,-0.03420779387264641,-0.09793458517766435,1.2980844445602815,-0.08591972794537911,-0.44442169844160284,-0.31591754715843684,-0.45265994562989675,-0.3919820952015011,-0.8246586104577844,1.861924847127189,-0.9023830346596721,0.23843609663714443,-0.2702322666176591,0.4346348756237252,0,0.5781914893617022
-0.3555098729952658,1.0104523619317147,-1.3727743851233638,-0.32134194012412437,-0.5021398185258464,1.3920145331794418,-0.14461241877122483,-1.6092799235510098,0.6508684150071697,-0.5110209183377248,1.2703663640238168,-0.8246586104577844,2.2142980788120807,-0.2549153209855058,-0.6178129321807552,-1.3848508263229977,0.12604755049273988,0,0.5781914893617022
-0.07132158652236226,4.342597469534126,-1.4244829497026519,-0.6084760863756025,-0.14048250447747304,-1.2380279481570464,-1.0543491265718337,-0.17847233197830026,1.424297184739651,-0.9779087000003487,0.43919213441115784,-0.8246586104577844,-0.8437981818818011,0.3925523926886595,-1.4550659972107156,-1.6267863688714357,-0.11153082360889262,0,0.5781914893617022
1.1222692166638357,-0.5337124440303778,0.8506938917860253,-0.10599133043551597,2.688954128959801,-1.0501677709187258,-1.0543491265718337,1.4172238668016923,-0.7670843295023845,-0.16085508209075644,-0.8537455560974225,1.2126230021958784,0.2384910297217951,1.089378631620498,-0.054519236698484665,1.4504978188962494,-0.4160444666098242,0,0.5781914893617022
-1.890126619948948,2.6629796104174632,-1.2176486913854994,-0.823826696064211,-0.9063450518740286,2.331315419371045,1.0879340885715356,-1.5614090375875918,2.8422499292492054,-1.0362696727081766,0.06978136569442037,-0.8246586104577844,0.6650403072361535,-1.6456643561869666,-1.2435732367078047,-2.6123070465680374,1.676332984382911,0,0.5781914893617022
-0.8102111313519123,0.06228098984972839,-1.2176486913854994,0.3247098889417011,-0.22557834307709038,-0.8623075936804053,-0.6141539453779907,1.0448947537530686,2.4555355443829634,1.473252153728428,-0.9460982482766065,-0.8246586104577844,-0.7836710034593796,-0.8210866401176246,-0.5267198332453958,-0.6665976597771358,0.05998452651505759,0,0.5781914893617022
-0.696535816762751,0.00809976858790052,-1.0625229976476351,-0.6084760863756025,-0.3532221009765164,-0.11086688472712292,-0.7021929816167592,-0.869940684782946,-0.1225603547253144,0.014227836032727747,0.3468394422319739,-0.8246586104577844,1.5913525442262901,-0.7107558189534171,-0.22741815795770176,-0.7599910303952205,-0.542147505322547,0,0.5781914893617022
-0.41234753028984694,-1.1838870991723116,0.3336082459931442,-0.03420779387264641,-0.11920854482757076,0.9223640900836404,-0.37938318207460775,-1.6890647334900006,-0.573727137069262,-0.39429897292206867,1.9168352092781062,-0.8246586104577844,2.3566856295745473,-0.548163029869322,1.7825942084772042,-0.3214406172520121,-0.8844197784154963,1,3.697278911564626
0.9517562447800928,1.0917241938244566,0.7989853272067371,-0.17777486699838554,-0.6085096167753682,-0.11086688472712292,-0.49676856372629924,-0.07209258539292018,-1.0248939194132125,-0.5110209183377248,0.5315448265903419,1.2126230021958784,0.6748979698845354,1.089378631620498,-0.7624277408136226,0.36507337152245395,-0.4267202947291625,0,0.5781914893617022
-0.7533734740573317,0.4957307599443507,-1.0108144330683468,-0.5366925498127328,-0.2468523027269947,-0.768377505061245,-0.7021929816167592,0.5661858941190651,1.1020351973511173,-0.7444648091690365,-1.315509016993344,-0.8246586104577844,-0.3026535760800032,-0.716562704277849,-0.8180931377797387,-0.7873384097655144,0.07632962688860724,0,0.5781914893617022
0.78124327289635,-0.5878936652922057,0.9541110209446017,-0.32134194012412437,-0.2894002220268034,-1.0501677709187258,-0.9369637449201422,-0.1306014460148822,-0.2514651496807284,0.4811156176953516,1.7321298249197383,1.2126230021958784,-0.43793972753045257,0.7351586268301464,0.6703359594976728,0.47018531294890314,-1.6838847789167506,0,0.5781914893617022
-0.2986722157006852,0.3331870961588671,-0.4937287872754658,-0.17777486699838554,-0.2468523027269947,0.07699329251119767,0.1781973807709267,0.4066162742410835,0.7797732099625838,-0.39429897292206867,-0.3919820952015011,-0.8246586104577844,-0.422907932924847,-0.269432534296586,-0.5729012163635648,-0.43400188147531227,0.39027035929304676,0,0.5781914893617022
1.0085939020746735,-0.8046185503395168,1.160945279261754,-0.10599133043551597,0.34881856747032614,-0.9562376822995656,-1.0250027811589109,-0.16251536999045488,-0.573727137069262,-0.04413313667510031,1.0856609796654473,1.2126230021958784,0.5298765866919938,0.9442064985096985,0.7953596040099303,0.7479014788156328,-1.4754551137579417,1,3.697278911564626
0.6675679583071887,1.362630300133596,-0.2868945289583133,-0.4649090132498635,-0.22557834307709038,-0.9562376822995656,-0.4674222183133764,1.0980846270457292,-0.31591754715843684,-0.5693818910455523,0.16213405787360433,-0.8246586104577844,-1.2496566362331496,0.8280687920210582,-0.91145114508127,0.09893419551370371,-0.24701007308595085,0,0.5781914893617022
0.7244056156017694,0.06228098984972839,0.7472767626274489,-0.10599133043551597,-0.14048250447747304,0.8284340014644801,0.11950468994508097,0.14066690777772187,-0.7026319320246761,0.3060326995718674,0.9009555953070794,1.2126230021958784,0.6547561111077935,0.7467723974790111,-0.15347303818074215,0.5479723316816704,-0.04887564404670847,0,0.5781914893617022
-1.1512370751193974,0.38736831742069494,-0.9073973039097707,-0.6802596229384719,-0.8425231729243156,-0.3926571505846038,-0.6435002907909135,-1.9550140999533032,1.5532019796950651,-0.8611867545846925,1.5474244405613686,-0.8246586104577844,0.5298765866919938,-1.1346584476369517,-0.2486509709222287,-1.8294782994458083,-1.0697509449907385,0,0.5781914893617022
1.065431559369254,-0.6420748865540336,0.7989853272067371,-0.24955840356125478,0.4764623253697522,-0.4865872392037641,-0.32069049124876203,0.28959855299721854,-0.9604415219355041,0.0725888087405558,0.3468394422319739,1.2126230021958784,-0.5366620542645643,1.0196960077273138,0.3736242650934888,0.9246949314579185,-0.6719617948006525,0,0.5781914893617022
-0.6396981594681699,-0.6149842759231197,0.43702537515172024,-0.39312547668699394,-0.14048250447747304,-0.2987270619654435,-0.08591972794537911,0.2470466543630429,1.1020351973511173,-0.10249410938292837,-1.1308036326349762,-0.8246586104577844,-0.5912640325076293,-0.7194661469400649,-0.04689533886710013,-0.18791545456653316,0.0245661535966849,0,0.5781914893617022
-0.7533734740573317,1.1729960257171983,-0.8039801747511945,-0.5366925498127328,0.5615581639693695,-0.11086688472712292,0.47166083490015537,-0.4550596731001467,-0.573727137069262,-0.39429897292206867,-0.8537455560974225,-0.8246586104577844,-0.9452627954696382,-0.6439766377224492,-0.9959085897259977,-0.5029769343032666,0.677090533596633,0,0.5781914893617022
-0.46918518758442757,-0.8046185503395168,1.5229052313167706,-0.17777486699838554,0.39136648677013486,-1.0501677709187258,-1.0543491265718337,-0.36463688850261206,0.32860642761863323,-0.6277428637533803,0.9009555953070794,1.2126230021958784,0.2384910297217951,-0.5655836858426175,0.7423192699744271,0.08393978385687952,-1.4086525778545944,0,0.5781914893617022
0.04235372806679999,0.1706434323733841,-1.2176486913854994,-0.39312547668699394,-0.11920854482757076,-0.5805173278229244,-0.7608856724426051,0.459806147533744,-0.573727137069262,-1.2697135635394887,-0.7613928639182386,-0.8246586104577844,0.4844658505407936,0.061559929196037276,-0.553380318607157,-0.2638302004751206,-0.10628509923864325,0,0.5781914893617022
-0.014483929227780629,1.2542678576099402,0.0750654230967034,1.1861123276961352,-0.26812626237689907,-0.3926571505846038,-0.9369637449201422,-0.1252824586855807,0.9086780049179978,0.13094978144838387,0.9933082874862633,-0.8246586104577844,2.403069452928987,0.1196287824403569,-0.7560701665285453,-0.41471440351888633,-0.422043492903846,0,0.5781914893617022
-0.5260228448790082,-0.046081452673927346,-0.7522716101719064,-0.10599133043551597,-0.20430438342718604,1.6738047990369227,0.38362179866138674,-0.7741989128561099,0.7797732099625838,-0.39429897292206867,0.3468394422319739,-0.8246586104577844,1.1522270034526996,-0.5423561445448896,-0.18792658849440239,-0.8337411723947425,0.6499648796291798,0,0.5781914893617022
-0.41234753028984694,-0.750437329077689,0.17848255225527973,-0.17777486699838554,-0.11920854482757076,0.6405738242261595,0.6770852527906154,0.7789453872897071,1.3598447872619455,-0.04413313667510031,-0.6690401717390546,-0.8246586104577844,-0.36362761617034645,-0.501707947273866,0.2255160152695215,-0.11882102757469067,0.668302336541616,0,0.5781914893617022
-0.46918518758442757,-0.5878936652922057,0.2301911168345679,0.10935927925309273,-0.43831793957613346,-0.8623075936804053,-0.6728466362038364,-0.24230017992944564,-0.444822342113848,-1.2697135635394887,-0.022571326484763597,-0.8246586104577844,-0.6489861237931537,-0.5423561445448896,0.21444165981155963,-0.15728551405299493,-0.7098403878702724,0,0.5781914893617022
0.6675679583071887,-0.8587997716013447,1.2643624084203304,-0.39312547668699394,0.008435213071857043,-0.3926571505846038,0.0901583445321581,-0.3220849898684955,-0.1225603547253144,-0.45265994562989675,0.6238975187695258,1.2126230021958784,-0.939294288788001,0.5899864937193469,0.7423192699744271,0.4631279657387018,-0.7522244883876282,0,0.5781914893617022
1.5769704750204816,-0.9671622141250005,1.0575281501031777,0.3964934255045707,0.05098313237166572,-1.0501677709187258,-0.7902320178555279,0.9917048804604082,-0.8959891244577985,-0.7444648091690365,0.06978136569442037,1.2126230021958784,-0.9211045541392014,1.5074743749796002,0.7423192699744275,1.2218517947651777,-0.9089514391803225,0,0.5781914893617022
-0.07132158652236226,-1.1838870991723116,0.6438596334688729,-0.24955840356125478,-0.6297835764252746,-0.9562376822995656,-1.1130418173976795,-0.7316470142219932,0.006344440230099625,0.13094978144838387,0.7162502109487098,1.2126230021958784,1.4290091624857506,-0.19974991040340262,1.3599825147104507,0.012107115540759283,-1.5499596500583968,1,3.697278911564626
0.0991913853613806,-1.346430762957795,0.3853168105724321,-0.6084760863756025,-0.5659616974755595,-0.9562376822995656,-0.9663100903330651,-0.7954748621731976,-0.05810795724760882,0.4811156176953516,1.2703663640238168,1.2126230021958784,0.1302621085614355,-0.0429640066437393,1.9660355480792562,0.011928624125622105,-1.7463355544148074,1,3.697278911564626
-1.3785877042977204,0.6311838130989204,-0.8039801747511945,-0.39312547668699394,-0.26812626237689907,1.485944621798602,-0.11526607335830197,-0.6731381536000903,1.682106774650479,0.3060326995718674,-0.20727671084313318,-0.8246586104577844,2.255484560437588,-1.3408028766542872,-0.6873027567034448,-1.2848625284550483,0.6738265701960564,0,0.5781914893617022
-0.41234753028984694,-0.046081452673927346,-0.8039801747511945,0.3247098889417011,-0.43831793957613346,-0.3926571505846038,0.14885103535800384,0.19385678107038237,0.32860642761863323,-0.5110209183377248,-1.2231563248141601,-0.8246586104577844,-0.9969523155992914,-0.4262184380562503,-0.5173886633687796,-0.36587295790656715,0.4491002477515511,0,0.5781914893617022
1.7474834469042244,-1.4547932054814505,0.8506938917860253,0.7554111083189182,-0.3532221009765164,-0.9562376822995656,-0.8489247086813736,0.9917048804604082,-1.2182511118463322,0.9480033993579754,-1.0384509404557904,1.2126230021958784,-0.4165787562488028,1.6294189667926724,1.3237229315174461,1.6597342602956644,-0.7084775611280042,0,0.5781914893617022
-0.41234753028984694,1.0104523619317147,-1.4244829497026519,-0.32134194012412437,-0.4170439799262291,1.2980844445602815,-0.37938318207460775,-0.7476039762097796,1.1020351973511173,-0.04413313667510031,0.9009555953070794,-0.8246586104577844,3.098826803245584,-0.31298417422982644,-0.6741914690576544,-1.2372819170874503,0.2413112698554175,0,0.5781914893617022
-0.014483929227780629,1.7418988489663905,-0.7005630455926182,-0.03420779387264641,0.11480501132137874,-0.2987270619654435,0.1781973807709267,0.2683226036801307,0.32860642761863323,-0.6861038364612083,-0.2996294030223171,-0.8246586104577844,-0.9039253603042234,0.17189075036024468,-1.0835162287065498,-0.5083896145999086,0.5482594911789497,0,0.5781914893617022
-0.3555098729952658,1.335539689502682,0.7472767626274489,-0.4649090132498635,0.0935310516714744,-0.768377505061245,1.1172804339844584,-0.44442169844160284,-0.5092747395915564,-0.39429897292206867,-0.8537455560974225,-0.8246586104577844,-1.863163602113096,-0.22007400903891464,-1.0456532805772212,-0.05041898900124301,0.5065961841937703,0,0.5781914893617022
-0.8670487886464934,0.8208180875153179,-0.3386030935376015,-0.32134194012412437,-0.37449606062642044,-0.6744474164420847,-0.7315393270296822,-0.6784571409293327,0.4575112225740473,-0.33593800021424064,-0.11492401866394757,-0.8246586104577844,0.0737948453473348,-0.7978590988198976,-0.7545101567039715,-0.8267046115819411,-0.4412735267305546,0,0.5781914893617022
-0.2418345584061041,-1.021343435386828,0.43702537515172024,-0.4649090132498635,-0.48086585887594213,-1.0501677709187258,-1.1130418173976795,-1.353968531746192,-0.2514651496807284,-0.6861038364612083,0.7162502109487098,-0.8246586104577844,0.779635635523593,-0.3565358141630659,1.0387211366434166,-0.3014569360362925,-1.6118344945289966,1,3.697278911564626
0.4970549864234459,0.1706434323733841,-0.4937287872754658,-0.6802596229384719,-0.20430438342718604,-0.5805173278229244,-0.7902320178555279,-0.5188875210513512,-1.0248939194132125,-0.9779087000003487,-0.4843347873806851,-0.8246586104577844,0.625022891008793,0.5261107551505954,-0.4993928357495911,-0.06346206813772998,-0.5446274683944686,0,0.5781914893617022
-1.0943994178248164,1.4439021320263377,-1.4244829497026519,-0.24955840356125478,-0.48086585887594213,1.110224267321961,0.11950468994508097,-1.5720470122461356,1.1664875948288258,-0.8028257818768645,1.0856609796654473,-0.8246586104577844,1.029394684355192,-0.9633553305662081,-0.8105282453417273,-1.7985785215619818,0.3682783989159857,0,0.5781914893617022
-0.696535816762751,0.76663686625349,-1.4244829497026519,-0.17777486699838554,-0.09793458517766435,0.170923381130358,-0.6141539453779907,0.5023580461678606,0.8442256074402894,-0.6861038364612083,-0.9460982482766065,-0.8246586104577844,1.861924847127189,-0.6294594244113695,-0.8670986269536103,-0.8470865463148227,0.5128131126444484,0,0.5781914893617022
2.4863729917337745,0.38736831742069494,1.1092367146824658,0.18114281581596198,-0.26812626237689907,-1.0501677709187258,-0.8489247086813736,1.4172238668016923,-1.089346316890918,-0.5110209183377248,0.9009555953070794,1.2126230021958784,-0.7583542967552015,2.5817481599995182,-0.3662237113675948,1.3703690833224655,-0.9867946221755362,0,0.5781914893617022
-0.6396981594681699,0.76663686625349,-1.4244829497026519,-0.24955840356125478,-0.4170439799262291,-0.5805173278229244,-0.7021929816167592,-0.6039913183195844,0.7153208124848753,0.3643936722796955,0.6238975187695258,-0.8246586104577844,0.2384910297217951,-0.5713905711670494,-0.6113967180958847,-1.0361685296511975,-0.5222080072419681,0,0.5781914893617022
-1.3785877042977204,-0.723346718446775,-0.7522716101719064,-0.10599133043551597,-0.6723314957250832,-0.20479697334628322,-0.5848075999650678,-1.6571508095144278,2.0043687620390154,0.0725888087405558,1.8244825170989223,-0.8246586104577844,0.779635635523593,-1.4859750097650868,0.882641166346835,-1.5687316592459468,-1.1453314359642972,0,0.5781914893617022
-0.12815924381694285,-1.0755246566486558,0.8506938917860253,-0.7520431595013414,-0.9701669308237415,-0.9562376822995656,-1.0543491265718337,-0.6997330902464205,0.2641540301409277,-0.27757702750641255,0.2544867500527883,1.2126230021958784,0.779635635523593,-0.2462049929988585,0.9866262631076549,-0.1282140909891032,-1.4856347066746152,0,0.5781914893617022
-0.6396981594681699,0.6582744237298342,-1.3210658205440755,-0.17777486699838554,0.13607897097128308,-1.0501677709187258,-0.49676856372629924,1.3640339935090318,2.326630749427549,0.83128145394232,-0.6690401717390546,-0.8246586104577844,-1.4198553428966187,-0.5830043418159137,-0.7770822988579947,-0.7266476262843348,0.09763286400107361,0,0.5781914893617022
0.3833796718342847,-0.3169875589830667,0.17848255225527973,0.10935927925309273,-0.07666062552776001,0.7345039128453198,2.2617879050884504,0.8853251338750281,0.006344440230099625,-0.27757702750641255,-0.9460982482766065,1.2126230021958784,-1.2204348275198524,0.3577110807420683,-0.2654470767001379,0.45513516367924656,1.5454481810250367,0,0.5781914893617022
-1.2649123897085592,0.1706434323733841,-1.4244829497026519,-0.24955840356125478,-0.1830304237772817,-0.9562376822995656,-1.1423881628106023,-1.0295103046609275,1.811011569605893,-0.6861038364612083,0.9933082874862633,-0.8246586104577844,1.861924847127189,-1.2740236954233193,-0.21145959384257235,-1.6539706435791985,-1.0263530399338183,0,0.5781914893617022
-0.41234753028984694,-0.9129809928631726,0.17848255225527973,-0.6084760863756025,-0.1830304237772817,0.9223640900836404,0.5010071803130782,0.22577070504601413,0.9731304023957034,-0.2192160547985845,-0.8537455560974225,-0.8246586104577844,0.1302621085614355,-0.5191286032471616,0.37840364478638966,-0.18416294000664746,0.5543632504241305,0,0.5781914893617022
-0.3555098729952658,0.6040932024680065,-0.3386030935376015,-0.24955840356125478,-0.22557834307709038,1.485944621798602,2.4965586683918333,-0.6039913183195844,-0.2514651496807284,-1.2113525908316605,-0.4843347873806851,-0.8246586104577844,-0.9048295284008016,-0.2984669609187463,-0.7220912025370507,-0.4968111199753219,1.803141251814104,0,0.5781914893617022
0.6107303010126082,0.4686401493134368,0.023356858517415518,0.46827696206744024,-0.012838746578047294,0.170923381130358,0.7064315982035383,1.7895529798503749,0.006344440230099625,-0.7444648091690365,-0.6690401717390546,1.2126230021958784,-0.8437981818818011,0.6741863309236114,-0.6914946378958894,0.4985069598085886,0.9967269999571362,0,0.5781914893617022
-0.696535816762751,0.8749993087771452,-1.0108144330683468,-0.32134194012412437,-0.5234137781757509,2.4252455079902053,0.11950468994508097,-0.3486799265148257,0.7153208124848753,-0.33593800021424064,-0.20727671084313318,-0.8246586104577844,2.777708026176386,-0.6178456537625058,-0.7912382140955637,-0.9875805355992107,1.2039880960199456,0,0.5781914893617022
1.065431559369254,-1.2922495416959674,1.9365737479510758,-0.10599133043551597,-0.26812626237689907,-0.9562376822995656,-0.9076173995072193,-0.5773963816732541,-0.573727137069262,-0.16085508209075644,1.2703663640238168,1.2126230021958784,-0.17532543353840374,0.9500133838341294,1.81958674400586,0.8414460315886003,-1.7837969754054368,0,0.5781914893617022
-0.7533734740573317,0.4957307599443507,-0.4937287872754658,-0.7520431595013414,-0.5446877378256552,-0.8623075936804053,0.06081199911923523,-0.869940684782946,-1.4760607017571603,-0.33593800021424064,-1.0384509404557904,-0.8246586104577844,-1.5581090615401745,-0.716562704277849,-0.7693302500374207,-0.3169780689230212,-0.0964342825768979,0,0.5781914893617022
-0.5260228448790082,0.27900587489703926,-1.4244829497026519,-0.39312547668699394,-0.5021398185258464,-0.8623075936804053,-1.0836954719847565,-0.5933533436610995,0.9086780049179978,-0.45265994562989675,0.8086029031278954,-0.8246586104577844,1.6651449904719897,-0.5075148325982973,-0.3175729222177879,-1.1386243634473712,-0.9435676404022171,0,0.5781914893617022
-0.5828605021735893,-0.6962561078158611,0.12677398767599157,-0.6084760863756025,-0.16175646412737738,1.5798747104177624,0.9118560160939984,0.08747703448506136,0.6508684150071697,-0.04413313667510031,-0.8537455560974225,-0.8246586104577844,0.2453409614408051,-0.670107621682393,0.11246530330282377,-0.19728268031201307,1.0041998433419717,0,0.5781914893617022
0.5538926437180275,-0.9129809928631726,0.5921510688895848,-0.7520431595013414,-0.16175646412737738,2.331315419371045,0.20754372618384956,-0.11464448402709584,1.0375827998734117,0.4227546449875235,0.43919213441115784,1.2126230021958784,2.3735524744307073,0.4680419019062757,0.7703127796042762,0.07235752873386832,0.3572857184745851,0,0.5781914893617022
-1.0943994178248164,-1.1838870991723116,-0.9591058684890589,-0.823826696064211,-0.4595918992260378,-0.11086688472712292,-0.5848075999650678,-1.14120903857555,0.7153208124848753,0.24767172686403935,-0.3919820952015011,-0.8246586104577844,1.0115547522957922,-1.2449892688011595,0.9698794127719096,-0.8972759535393975,-0.5964311217797891,1,3.697278911564626
1.065431559369254,-0.9129809928631726,1.8848651833717878,0.25292635237883154,0.731749841168604,-0.5805173278229244,-0.20330510959707057,0.6725656407043861,-0.5092747395915564,0.014227836032727747,1.9168352092781062,1.2126230021958784,-0.8833941286477865,0.9906615811051545,1.2182089336818607,1.175493855417282,-1.1039464191567911,0,0.5781914893617022
0.21286669995054183,0.06228098984972839,-0.08006027064116081,-0.03420779387264641,0.19990084992099402,-0.8623075936804053,-0.49676856372629924,0.459806147533744,-0.2514651496807284,-0.33593800021424064,-1.0384509404557904,-0.8246586104577844,-1.0009046803403878,0.22415271828013142,-0.5453821729986287,0.24019411051696696,-0.1257106599637814,0,0.5781914893617022
0.5538926437180275,-0.6420748865540336,0.5921510688895848,-0.24955840356125478,-0.5021398185258464,-0.3926571505846038,-0.49676856372629924,0.8853251338750281,-0.31591754715843684,-0.04413313667510031,-0.20727671084313318,1.2126230021958784,0.04647197605018914,0.49707632852843603,0.22614626314111358,0.6003241070189744,-0.4710018665539022,0,0.5781914893617022
-0.5828605021735893,0.11646221111155625,-1.2693572559647877,-0.6802596229384719,-0.33194814132661205,0.07699329251119767,-0.1739587641841477,-0.6039913183195844,0.3930588250963417,-1.0362696727081766,-1.315509016993344,-0.8246586104577844,0.16118465746439492,-0.5830043418159137,-0.6319075663999802,-0.9011327541101071,0.3351079240682567,0,0.5781914893617022
3.2252625365633256,-0.6420748865540336,1.8331566187924995,0.898978181444657,0.029709172721761382,-0.9562376822995656,-0.027227037119533372,2.4810213326550796,-1.9272274841011108,0.889642426650148,0.3468394422319739,1.2126230021958784,-1.6382445180589087,3.226312431011468,0.3736242650934888,2.7021418951538823,-0.5211055469825491,0,0.5781914893617022
3.111587221974164,-0.20862511645941093,2.0399908771096524,0.3247098889417011,0.11480501132137874,-0.9562376822995656,-0.9663100903330651,0.9917048804604082,-1.8627750866234023,1.589974099144084,1.4550717483821847,1.2126230021958784,0.1302621085614355,3.1566298071182834,0.18701944629660527,2.2851708400261908,-1.5243866829252353,0,0.5781914893617022
-0.6396981594681699,0.1706434323733841,-0.08006027064116081,-0.39312547668699394,-0.09793458517766435,-0.2987270619654435,1.5281292697653786,-0.46569764775869066,-0.31591754715843684,-0.8028257818768645,-0.4843347873806851,-0.8246586104577844,-1.6230464142363903,-0.6352663097358013,-0.4993928357495911,-0.33648578315098254,0.6373480798442264,0,0.5781914893617022
-0.6396981594681699,2.5546171678938077,-1.4244829497026519,0.3247098889417011,0.30627064817051747,-0.8623075936804053,-0.9369637449201422,-0.46569764775869066,0.7797732099625838,-1.1529916181238324,-0.3919820952015011,-0.8246586104577844,0.37377718117224445,-0.37976335546079437,-1.2732134233747037,-1.2880109443838632,0.167024061561087,0,0.5781914893617022
-0.6396981594681699,0.7124556449916621,0.2818996814138561,-0.03420779387264641,-0.4170439799262291,1.6738047990369227,1.5868219605912244,-1.3805634683925223,-0.2514651496807284,0.7145595085266638,2.1938932858156597,-0.8246586104577844,-0.3026535760800032,-0.5771974564914812,-0.3265238249834452,-0.5347761647127042,0.5184171316708205,0,0.5781914893617022
-0.3555098729952658,1.2000866363481124,-0.028351706061872647,0.898978181444657,0.4764623253697522,1.6738047990369227,1.205319470223227,-0.05081663607589141,-0.444822342113848,-1.2113525908316605,-1.0384509404557904,-0.8246586104577844,0.013520800343518947,-0.2345912223499948,-1.031349500172808,-0.14534277207721732,1.9295165737312454,0,0.5781914893617022
-0.07132158652236226,-0.5878936652922057,1.1092367146824658,0.03757574269022316,-0.07666062552776001,1.485944621798602,0.20754372618384956,1.0980846270457292,0.19970163266321922,0.5394765904031796,-1.5925670935308975,1.2126230021958784,1.3109412484926308,-0.13587417183465111,-0.19346376622338385,0.7078801686654682,1.0232177155857431,0,0.5781914893617022
0.0991913853613806,-0.6962561078158611,0.6438596334688729,2.6935665955163945,-0.7999752536245069,-1.2380279481570464,-1.1130418173976795,-0.5720773943440117,-0.18701275220302285,-0.5693818910455523,1.4550717483821847,1.2126230021958784,-0.5191114184007224,0.026718617249445083,0.7423192699744271,0.14361547879860936,-1.232337949314236,0,0.5781914893617022
-0.2418345584061041,1.931533123382788,-1.2693572559647877,-0.5366925498127328,-0.6297835764252746,-1.1440978595378861,-1.171734508223525,0.2470466543630429,0.32860642761863323,-1.9116842633255966,-1.2231563248141601,-0.8246586104577844,0.779635635523593,-0.04006056398152285,-1.2447454474799418,-1.0071198945886035,-0.05618383920822775,0,0.5781914893617022
-0.3555098729952658,-0.20862511645941093,-0.08006027064116081,-0.4649090132498635,-0.5446877378256552,-0.6744474164420847,-0.49676856372629924,-0.07209258539292018,0.5219636200517557,-0.10249410938292837,-0.7613928639182386,-0.8246586104577844,-0.5819540177841568,-0.3855702407852262,-0.3065803969725691,-0.30455569932702636,-0.38015036731209007,0,0.5781914893617022
-0.8670487886464934,1.5251739639190796,-1.1659401268062115,-0.39312547668699394,-0.37449606062642044,-0.9562376822995656,-0.9956564357459879,-0.5933533436610995,1.295392389784237,0.014227836032727747,0.3468394422319739,-0.8246586104577844,0.31579740197919415,-0.7223695896022814,-0.9372913078165152,-1.3200147661902313,-0.5694923910327354,0,0.5781914893617022
-0.2418345584061041,0.06228098984972839,0.3336082459931442,-0.03420779387264641,-0.2468523027269947,-0.768377505061245,-0.9076173995072193,-2.332662200331287,-0.7026319320246761,0.3643936722796955,2.4709513623532118,-0.8246586104577844,0.5886434217111933,-0.24039810767442563,0.16378673762421334,-0.4884348408905928,-1.80581118776771,1,3.697278911564626
0.04235372806679999,0.3331870961588671,0.0750654230967034,0.03757574269022316,0.45518836571984783,1.3920145331794418,2.085709832610913,0.6778846280336285,-1.0248939194132125,-0.9195477272925205,-1.2231563248141601,-0.8246586104577844,-0.7755866769488012,0.07898058516933286,-0.7266282861952784,0.42814322667790367,1.9867207781370708,0,0.5781914893617022
0.2697043572451234,-0.5878936652922057,-0.3386030935376015,-0.03420779387264641,0.0935310516714744,1.5798747104177624,1.1759731248103042,0.7949023492774935,-0.7670843295023845,-0.8028257818768645,-1.1308036326349762,-0.8246586104577844,-0.03208127317910405,0.21253894763126874,-0.0734915820954591,0.4129526324732244,1.464797329292322,0,0.5781914893617022
-0.18499690111152348,0.3331870961588671,-0.597145916434042,-0.5366925498127328,-0.48086585887594213,-1.2380279481570464,-0.9369637449201422,-0.28485207856362127,0.7153208124848753,1.531613126436256,0.06978136569442037,-0.8246586104577844,-1.2496566362331496,-0.1532948278079467,-0.4874972886792797,-0.38436108433934785,-0.9669728298581677,1,3.697278911564626
-0.12815924381694285,1.362630300133596,-0.9073973039097707,0.5400604986303095,0.05098313237166572,-1.1440978595378861,-1.0250027811589109,0.9651099438140779,0.32860642761863323,-0.9779087000003487,-0.8537455560974225,-0.8246586104577844,-0.46915960863440237,0.015104846600580334,-1.0535720401251187,-0.36621134173711467,0.06762437111588024,0,0.5781914893617022
-0.9238864459410739,1.2542678576099402,-1.3210658205440755,-0.5366925498127328,-0.20430438342718604,-0.9562376822995656,-1.0543491265718337,-0.39123182514894234,1.5532019796950651,-0.16085508209075644,-0.4381584412910939,-0.8246586104577844,0.779635635523593,-0.8094728694687607,-0.9616014609161211,-1.32413342554801,-0.37050136403813166,0,0.5781914893617022
-0.3555098729952658,0.8749993087771452,-1.1659401268062115,0.10935927925309273,-0.26812626237689907,-0.11086688472712292,-0.6141539453779907,0.3534264009483639,-0.31591754715843684,-0.27757702750641255,-1.2231563248141601,-0.8246586104577844,1.140398706058125,-0.269432534296586,-0.9518966171886104,-0.3554359755228464,0.44611522923494606,0,0.5781914893617022
-0.6396981594681699,-0.046081452673927346,-1.0625229976476351,-0.823826696064211,-0.2894002220268034,-1.0501677709187258,-0.8195783632684508,0.3002365276557034,0.0707968377078052,0.889642426650148,-0.7613928639182386,-0.8246586104577844,-0.8437981818818011,-0.6584938510335289,-0.42048805311161,-0.32288700098810047,-0.5102603006912424,0,0.5781914893617022
2.6568859636175173,-1.1297058779104838,1.9365737479510758,0.03757574269022316,0.11480501132137874,-0.11086688472712292,-0.027227037119533372,1.5236036133870723,-1.6694178941902826,-0.27757702750641255,0.16213405787360433,1.2126230021958784,-0.3947632962164792,2.5933619306483817,1.057246253310229,2.133148370712707,-0.47114384353158756,0,0.5781914893617022
2.0316717333771286,-0.750437329077689,2.143408006268228,0.18114281581596198,0.1573529306211874,0.07699329251119767,-0.37938318207460775,1.4172238668016923,-1.3471559068017462,-0.27757702750641255,0.3468394422319739,1.2126230021958784,0.6868679888147133,1.9952527422318869,0.5097578053572198,1.8485756442783696,-0.4871307757914985,0,0.5781914893617022
-0.6396981594681699,0.38736831742069494,-1.2176486913854994,-0.03420779387264641,-0.2468523027269947,0.170923381130358,1.1759731248103042,0.3800213375946942,1.424297184739651,-0.6277428637533803,-0.8537455560974225,-0.8246586104577844,-1.1389679668646004,-0.6120387684380734,-0.6853497211478737,-0.8658116065843939,1.1225013273686149,0,0.5781914893617022
1.5769704750204816,-1.1838870991723116,1.1092367146824658,0.10935927925309273,0.13607897097128308,-0.016936796107962622,-0.027227037119533372,0.9917048804604082,-1.2182511118463322,2.115222853514536,0.16213405787360433,1.2126230021958784,-0.256598716011765,1.4842468336818728,1.1649309637411804,1.7390072369117433,-0.4362529053136847,1,3.697278911564626
-1.0943994178248164,-0.8587997716013447,-0.13176883522044897,-0.4649090132498635,-0.2894002220268034,0.4527136469878389,0.031465653706312366,0.3534264009483639,1.682106774650479,-0.2192160547985845,-0.576687479559869,-0.8246586104577844,0.31579740197919415,-1.2101479568545674,0.3882392022239043,-0.6370467069200467,0.24134726796918965,0,0.5781914893617022
0.4970549864234459,2.1211673977991854,-0.18347739979973715,0.03757574269022316,-0.012838746578047294,-0.3926571505846038,1.3227048518749185,1.6299833599723934,1.1020351973511173,-0.6861038364612083,-0.576687479559869,-0.8246586104577844,-1.6293306741747342,0.7351586268301464,-1.2074895312002754,-0.13846392429067794,1.275946505989343,0,0.5781914893617022
-0.9807241032356551,1.5522645745499928,-1.3210658205440755,0.10935927925309273,-0.33194814132661205,0.07699329251119767,-0.40872952748753066,-0.6571811916122449,1.7465591721281875,1.356530208312772,1.7321298249197383,-0.8246586104577844,0.779635635523593,-0.8356038534287051,-0.7600563266017653,-1.3823393697322734,-0.2772555732415119,1,3.697278911564626
1.1791068739584163,-0.5337124440303778,1.160945279261754,-0.17777486699838554,-0.4170439799262291,-0.2987270619654435,-0.8489247086813736,-0.39123182514894234,-1.3471559068017462,1.2398082628971157,0.9009555953070794,1.2126230021958784,1.975850027295989,1.1474474848648177,0.3907728699716719,0.9992764803751907,-1.234165004822445,0,0.5781914893617022
-0.07132158652236226,-0.750437329077689,1.1092367146824658,-0.17777486699838554,0.24244876922080477,2.894895951086007,2.4965586683918333,0.6193757674117255,0.4575112225740473,1.9401399353910518,-0.576687479559869,1.2126230021958784,-0.17245337017280368,-0.1532948278079467,0.251356178004767,0.7388940051888407,2.0370307042627864,0,0.5781914893617022
-0.5260228448790082,3.5569697612376228,-1.4244829497026519,1.2220040959775698,0.19990084992099402,-1.0501677709187258,-0.9956564357459879,-0.07209258539292018,2.068821159516721,-0.6861038364612083,0.2544867500527883,-0.8246586104577844,-0.14804083156520395,-0.1561982704701621,-1.371013532967594,-1.5486935681386282,0.27262352318234245,0,0.5781914893617022
-1.0375617605302356,-0.6962561078158611,-0.9073973039097707,-0.39312547668699394,-0.2468523027269947,1.2980844445602815,-0.027227037119533372,-0.6359052422952162,0.32860642761863323,-1.0362696727081766,-0.9460982482766065,-0.8246586104577844,1.6777054068542367,-1.1346584476369517,0.08727114463595963,-0.8189298889856054,0.631879527823512,0,0.5781914893617022
-0.41234753028984694,0.8479086981462318,-0.23518596437902517,-0.17777486699838554,0.49773628501965655,0.3587835583686786,1.0585877431586126,-0.17847233197830026,-0.6381795345469705,-0.27757702750641255,-1.0384509404557904,-0.8246586104577844,-0.9211045541392014,-0.33040483020312206,-0.9127714453670123,-0.0805727428079775,1.0936866746233338,0,0.5781914893617022
-0.18499690111152348,0.38736831742069494,-0.2868945289583133,-0.32134194012412437,-0.16175646412737738,0.8284340014644801,1.6748609968299928,-0.3220849898684955,-0.05810795724760882,-0.9779087000003487,-0.4843347873806851,-0.8246586104577844,-0.9211045541392014,-0.14748794248351485,-0.6181652980362361,-0.36478448991027174,1.1841316284384698,0,0.5781914893617022
0.4402173291288653,1.4439021320263377,-1.4244829497026519,0.03757574269022316,0.17862689027109174,-0.4865872392037641,-0.6435002907909135,1.4172238668016923,0.2641540301409277,1.0063643720658035,-0.9460982482766065,-0.8246586104577844,0.2801175378603948,0.604503707030427,-1.089406982786261,0.029246179118970983,0.44545871671285103,0,0.5781914893617022
0.4402173291288653,-0.8587997716013447,0.2301911168345679,-0.32134194012412437,-0.5021398185258464,-1.1440978595378861,-0.9663100903330651,-0.5188875210513512,-0.05810795724760882,0.83128145394232,0.7162502109487098,1.2126230021958784,-0.7355692607214419,0.3577110807420683,0.7695561982629289,0.18183955490725479,-1.4833036543505511,0,0.5781914893617022
-0.46918518758442757,0.9562711406698869,-0.18347739979973715,-0.5366925498127328,5.794952237845832,-0.11086688472712292,0.4423144894872325,-0.17847233197830026,-1.9916798815788164,5.441798297860733,-0.8537455560974225,1.2126230021958784,-0.9211045541392014,-0.37685991279857795,-0.9229967497076561,1.630255835774306,0.809876202994621,0,0.5781914893617022
0.0991913853613806,0.7124556449916621,-0.3903116581168895,-0.32134194012412437,0.19990084992099402,0.6405738242261595,1.909631760133376,0.3161934896435488,-1.1537987143686266,-1.0362696727081766,-1.1308036326349762,-0.8246586104577844,-1.1454982718420958,0.17769763568467653,-0.8762145595332084,0.1479011663236338,1.5886703304489356,0,0.5781914893617022
-0.3555098729952658,-0.750437329077689,-0.8039801747511945,-0.6084760863756025,0.19990084992099402,0.2648534697495183,-0.6141539453779907,-0.41250777446603015,-0.9604415219355041,-0.9779087000003487,-0.9460982482766065,-0.8246586104577844,2.1024335608168774,-0.4436390940295459,0.14799552706378633,-0.17275517129914744,-0.039203213209520374,0,0.5781914893617022
-0.5260228448790082,0.8208180875153179,-0.597145916434042,-0.5366925498127328,-0.20430438342718604,-0.3926571505846038,-0.2619978004229163,0.5129960208264045,1.2309399923065314,0.24767172686403935,-0.4843347873806851,-0.8246586104577844,-0.46915960863440237,-0.44944597935397773,-0.8137905300377695,-0.6099662645194677,0.11896627723462733,0,0.5781914893617022
-0.2986722157006852,-0.15444389519758306,-0.5454373518547538,-0.6802596229384719,-0.11920854482757076,0.4527136469878389,1.5868219605912244,-0.39123182514894234,0.5219636200517557,-1.0362696727081766,-0.8537455560974225,-0.8246586104577844,-1.1302865026004005,-0.3216945022164737,-0.3662237113675948,-0.5554141360248628,0.9767324647978155,0,0.5781914893617022
0.21286669995054183,-0.5878936652922057,0.9024024563653135,-0.10599133043551597,-0.33194814132661205,1.485944621798602,0.324929107835541,-0.3008090405514076,0.13524923518551366,0.6561985358188358,1.4550717483821847,1.2126230021958784,1.0547939096601004,0.15447009438694806,0.598352649020918,0.20977132501846926,-0.08473209341155444,0,0.5781914893617022
-0.696535816762751,-1.9966054180997286,0.8506938917860253,-0.03420779387264641,-0.4170439799262291,0.07699329251119767,-0.49676856372629924,-1.8379963787094382,0.2641540301409277,-0.6861038364612083,1.8244825170989223,-0.8246586104577844,1.0938486324407657,-0.9256105759574006,5.529209416678613,-0.4612839838208471,-1.4539167989111739,0,0.5781914893617022
0.2697043572451234,0.44154953868252284,-0.4420202226961777,1.0425452545703962,0.13607897097128308,1.2980844445602815,0.6183925619647697,0.6034188054239392,-0.573727137069262,-0.9195477272925205,-0.3919820952015011,-0.8246586104577844,0.35613116141783757,0.32286976879547613,-0.628903791894244,0.16834518787691385,1.295293519162892,0,0.5781914893617022
-0.2986722157006852,0.06228098984972839,-0.08006027064116081,-0.39312547668699394,0.008435213071857043,0.6405738242261595,0.0021193082933894966,0.7257555139970465,0.6508684150071697,0.4811156176953516,-1.1308036326349762,-0.8246586104577844,0.6443494840731436,-0.2984669609187463,-0.5640445127518616,-0.008636847755639923,0.6421803715742934,0,0.5781914893617022
-0.2418345584061041,0.7124556449916621,-1.4244829497026519,-0.823826696064211,0.17862689027109174,-0.9562376822995656,-1.0250027811589109,-0.5561204323562253,0.7797732099625838,-0.45265994562989675,-0.8537455560974225,-0.8246586104577844,0.5298765866919938,-0.17071548378124227,-0.8304069983207281,-0.9185874846528527,-0.42296916634129705,0,0.5781914893617022
2.0316717333771286,-0.8046185503395168,1.2126538438410421,-0.39312547668699394,0.7104758815186996,-0.8623075936804053,-0.8195783632684508,1.5236036133870723,-0.444822342113848,0.5978375631110077,-0.022571326484763597,1.2126230021958784,-0.1944246549196436,1.989445856907455,0.47711759979690993,1.5816911585061213,-0.8893220136140887,0,0.5781914893617022
1.3496198458421582,2.01280495527553,0.3336082459931442,2.908917205205003,0.5190102446695588,0.6405738242261595,1.4987829243524557,3.273550444715804,-0.573727137069262,0.13094978144838387,-1.0384509404557904,1.2126230021958784,-0.9585864315973343,1.5945776548460802,-1.2396212118188847,1.4677189721178325,2.5031685949757523,0,0.5781914893617022
0.8380809301909317,-0.47953122276855,1.0058195855238894,-0.03420779387264641,-0.5234137781757509,-0.6744474164420847,-0.5848075999650678,0.7257555139970465,-0.444822342113848,-0.04413313667510031,0.3468394422319739,1.2126230021958784,-0.379959948337403,0.8048412507233308,0.19262853542466432,0.7412467669952298,-0.7979348678161393,0,0.5781914893617022
-0.07132158652236226,0.6040932024680065,-0.028351706061872647,-0.39312547668699394,0.1573529306211874,-1.0501677709187258,0.8531633252681526,0.3906593122532381,-1.1537987143686266,-0.2192160547985845,-1.2231563248141601,-0.8246586104577844,-2.045560877883197,-0.008122694697147105,-0.8480619958713714,0.3391463283177952,0.4625214763028056,0,0.5781914893617022
-0.5828605021735893,0.11646221111155625,-1.3727743851233638,-0.5366925498127328,0.11480501132137874,-0.6744474164420847,-0.9663100903330651,-0.8486647354658582,0.2641540301409277,-0.45265994562989675,0.5315448265903419,-0.8246586104577844,1.4290091624857506,-0.5830043418159137,-0.2654470767001383,-0.9341388105321999,-0.7921740060334699,1,3.697278911564626
-0.3555098729952658,1.6606270170736486,-1.4244829497026519,0.03757574269022316,-0.14048250447747304,-0.9562376822995656,-0.9956564357459879,0.4066162742410835,-0.05810795724760882,-0.8028257818768645,-1.0384509404557904,-0.8246586104577844,0.31579740197919415,-0.18523269709232243,-1.158557371956639,-0.6590107379401497,0.1322970766601554,0,0.5781914893617022
-2.0606395918326905,0.38736831742069494,-0.5454373518547538,-0.17777486699838554,-0.6297835764252746,0.07699329251119767,1.7042073422429158,-1.880548277343614,3.4867739040262755,-0.33593800021424064,2.286245977994844,-0.8246586104577844,-1.4257838900082633,-2.0637600995460694,-0.11428212469895345,-2.329497479340353,0.0085629960621019,0,0.5781914893617022
-0.07132158652236226,0.1706434323733841,-0.23518596437902517,0.6118440351931791,-0.20430438342718604,-0.20479697334628322,1.64551465141707,0.459806147533744,-0.18701275220302285,-0.2192160547985845,-0.9460982482766065,-0.8246586104577844,-1.5930753283765984,-0.05457777729260302,-0.5893719738455344,0.13961326537644955,1.1208474216135234,0,0.5781914893617022
-0.46918518758442757,-0.6420748865540336,-0.6488544810133302,0.8271946448817877,0.34881856747032614,1.2041543559411212,1.3520511972878413,0.5980998180946377,-1.089346316890918,-0.45265994562989675,-1.2231563248141601,-0.8246586104577844,-0.4638455863188369,-0.5481630298693214,-0.044230073771575104,0.3328526874140953,1.6337208915255266,0,0.5781914893617022
-0.3555098729952658,0.22482465363521137,-0.3386030935376015,-0.7520431595013414,-0.3957700202763248,-1.1440978595378861,-1.1423881628106023,-1.1465280259047925,-0.9604415219355041,-0.6861038364612083,-0.576687479559869,-0.8246586104577844,0.41887256498906084,-0.33911515818977034,-0.5483288582228231,-0.40577544831066603,-0.9568037420361122,0,0.5781914893617022
-0.8102111313519123,-0.15444389519758306,-1.2176486913854994,-0.7520431595013414,-0.05538666587785568,0.2648534697495183,0.031465653706312366,-0.49761157173426335,0.2641540301409277,0.7145595085266638,-0.8537455560974225,-0.8246586104577844,0.050746982810966984,-0.8443141814153524,-0.3662237113675948,-0.6098226739125532,0.2780824512050473,0,0.5781914893617022
-0.696535816762751,-1.1838870991723116,0.12677398767599157,-0.24955840356125478,-0.736153374674794,1.8616649762752433,2.320480595914296,-0.1252824586855807,-2.3783942664450586,5.616881215984217,-0.8537455560974225,1.2126230021958784,-0.6264881433314732,-0.8385072960909211,0.8073364536308506,1.3540519668431636,1.360555765357396,0,0.5781914893617022
-0.696535816762751,0.38736831742069494,-1.3727743851233638,-0.17777486699838554,-0.1830304237772817,0.7345039128453198,-0.32069049124876203,-0.8486647354658582,0.5864160175294613,-0.27757702750641255,0.43919213441115784,-0.8246586104577844,1.7449206080349087,-0.6701076216823936,-0.4502042402571418,-1.065101587273136,0.11994143896326052,0,0.5781914893617022
-0.12815924381694285,-1.2922495416959674,0.43702537515172024,-0.24955840356125478,-0.8425231729243156,1.767734887656083,0.14885103535800384,-0.9231305580756065,-0.2514651496807284,2.056861880806708,1.8244825170989223,1.2126230021958784,1.8210837448025248,-0.269432534296587,2.0280901260764583,0.14591396380195312,-0.4492911523674438,1,3.697278911564626
-0.12815924381694285,1.850261291490046,-1.4244829497026519,0.5400604986303095,0.17862689027109174,0.9223640900836404,0.38362179866138674,1.8693377897894248,1.8754639670836015,0.3643936722796955,-0.576687479559869,-0.8246586104577844,0.3005895910433126,0.0673668145204681,-1.1457946898871147,-0.56634301020887,1.6078453637507288,0,0.5781914893617022
0.32654201453970405,-2.21333030314704,0.9024024563653135,-0.5366925498127328,-0.26812626237689907,-0.5805173278229244,-0.7902320178555279,-0.64654321695376,0.6508684150071697,0.5978375631110077,1.3627190562030007,1.2126230021958784,0.625022891008793,0.09640124114262844,7.712703167806841,0.23260226743129916,-1.746252695318271,1,3.697278911564626
0.3833796718342847,-0.6962561078158611,0.7989853272067371,-0.10599133043551597,-0.4170439799262291,1.2041543559411212,-0.05657338253245624,-1.2954596711242892,-0.7026319320246761,-0.33593800021424064,1.6397771327405526,1.2126230021958784,1.6266445837351031,0.3170628834710443,0.7927075873081554,0.06590649931201875,-0.5597839196244591,0,0.5781914893617022
0.0991913853613806,-0.8587997716013447,-0.3903116581168895,0.18114281581596198,0.05098313237166572,0.170923381130358,0.29558276242261816,0.6725656407043861,0.19970163266321922,0.24767172686403935,-0.7613928639182386,-0.8246586104577844,-0.4519348466460163,0.009297961276148473,0.3337653456469004,0.2550473997717591,0.40743386644384705,0,0.5781914893617022
0.1560290426559612,-0.20862511645941093,0.023356858517415518,-0.4649090132498635,0.4764623253697522,0.3587835583686786,2.584597704630602,0.2470466543630429,-2.442846663922764,7.54279331534254,-0.4843347873806851,1.2126230021958784,-1.5122709302251993,0.1370494384136525,-0.24488041656392265,1.9316542714127165,0.9992123133410334,0,0.5781914893617022
-0.8670487886464934,0.4957307599443507,-1.0108144330683468,-0.4649090132498635,-0.4170439799262291,1.110224267321961,-0.2913441458358392,-0.11996347135633827,0.7153208124848753,0.9480033993579754,-0.8537455560974225,-0.8246586104577844,2.3176255678023874,-0.8327004107664887,-0.7368216582092092,-0.6946618351957531,0.6397869732698515,0,0.5781914893617022
0.8949185874855122,0.3331870961588671,-1.0625229976476351,0.6118440351931791,0.30627064817051747,1.485944621798602,0.6770852527906154,1.8161479164967642,0.006344440230099625,0.3060326995718674,-0.576687479559869,-0.8246586104577844,0.45952192504929,0.9500133838341304,-0.6070627874372789,0.49410489502291516,1.531877469313906,0,0.5781914893617022
1.974834076082548,-1.0755246566486558,1.1092367146824658,0.6118440351931791,0.11480501132137874,3.5524065714201285,0.9412023615069213,1.8427428531430354,-0.05810795724760882,0.5978375631110077,0.2544867500527883,1.2126230021958784,1.9160393077073692,1.902342577040976,0.9866262631076549,1.5188810519986207,1.5441477589855124,1,3.697278911564626
-0.41234753028984694,0.11646221111155625,-0.3386030935376015,-0.24955840356125478,-0.3532221009765164,-0.8623075936804053,-0.5848075999650678,-0.17847233197830026,-0.18701275220302285,-0.6277428637533803,-0.6690401717390546,-0.8246586104577844,-0.8437981818818011,-0.4087977820829537,-0.5036463950050358,-0.3184178155528228,-0.35962318676409344,0,0.5781914893617022
-0.696535816762751,-0.5337124440303778,0.7472767626274489,2.1192983030134385,-0.37449606062642044,1.2041543559411212,2.379173286740142,0.3002365276557034,0.7153208124848753,0.3643936722796955,0.06978136569442037,-0.8246586104577844,-1.0074000394497866,-0.7688246721977372,0.1798450299700186,0.16395026644714092,1.6623626317496114,0,0.5781914893617022
0.4402173291288653,0.6040932024680065,-0.23518596437902517,0.3964934255045707,0.1573529306211874,-0.2987270619654435,-0.2913441458358392,1.6299833599723934,-0.18701275220302285,-0.39429897292206867,-0.6690401717390546,1.2126230021958784,-0.2456909859956036,0.5144969845017316,-0.7535839008706311,0.42766886040248026,0.436313458752899,0,0.5781914893617022
0.9517562447800928,-1.1838870991723116,1.0058195855238894,0.03757574269022316,-0.05538666587785568,-0.20479697334628322,-0.4380758729004535,1.5501985500334026,0.32860642761863323,0.83128145394232,0.06978136569442037,1.2126230021958784,0.2876859938855945,0.8454894479943549,1.132422371912969,1.059608660080191,-0.47455341867100365,1,3.697278911564626
2.3726976771446133,-0.8587997716013447,1.4194881021581949,0.03757574269022316,-0.09793458517766435,0.8284340014644801,0.5890462165518469,1.470413740094412,-1.0248939194132125,0.9480033993579754,-0.022571326484763597,1.2126230021958784,-0.07982932663220407,2.3320520910489417,0.5516607719549148,1.8702391529968203,0.24664438671698277,0,0.5781914893617022
1.065431559369254,-0.47953122276855,1.5746137958960587,1.1143287911332653,0.0935310516714744,-0.4865872392037641,-0.7021929816167592,0.3800213375946942,-0.1225603547253144,1.9401399353910518,1.4550717483821847,1.2126230021958784,0.5090633326226939,1.0371166637006104,0.4674739026995461,1.1605047882694373,-1.054693512068887,1,3.697278911564626
-0.6396981594681699,0.5499119812061786,-1.2693572559647877,-0.24955840356125478,-0.16175646412737738,0.07699329251119767,1.1759731248103042,0.3800213375946942,1.424297184739651,-0.45265994562989675,-0.576687479559869,-0.8246586104577844,-1.2127604131103005,-0.5946181124647774,-0.7133432307777229,-0.900979933627368,1.0092279871436594,0,0.5781914893617022
-0.2986722157006852,0.00809976858790052,-1.2176486913854994,-0.6084760863756025,-0.2468523027269947,0.07699329251119767,-0.49676856372629924,-0.17847233197830026,0.13524923518551366,-0.5693818910455523,-0.3919820952015011,-0.8246586104577844,1.0938486324407657,-0.30427384624317816,-0.3795338329274478,-0.6190470806245961,-0.04292437592921689,0,0.5781914893617022
-0.2418345584061041,-1.2922495416959674,1.1092367146824658,-0.24955840356125478,0.17862689027109174,0.4527136469878389,0.324929107835541,0.21513273038747022,0.006344440230099625,0.0725888087405558,-0.2996294030223171,1.2126230021958784,-0.15590249654053245,-0.3855702407852262,1.2288271614724935,0.4775477427013288,0.03682825736984192,0,0.5781914893617022
-0.014483929227780629,0.1706434323733841,-0.2868945289583133,-0.10599133043551597,-0.11920854482757076,-0.5805173278229244,1.1172804339844584,0.8321352605823676,0.3930588250963417,-0.2192160547985845,-0.8537455560974225,-0.8246586104577844,-1.7121465028195706,0.003491075951717645,-0.5713761462263459,0.0199035871052272,0.6799888510575796,0,0.5781914893617022
-0.2418345584061041,-1.7798805330524174,0.3853168105724321,-0.6084760863756025,-0.7148794150248897,-0.8623075936804053,-0.9663100903330651,-1.1465280259047925,0.0707968377078052,0.83128145394232,1.3627190562030007,1.2126230021958784,0.5631777932028739,-0.437832208705114,3.715229992664395,-0.10988299040108677,-1.8811120884841834,1,3.697278911564626
-0.3555098729952658,-0.5337124440303778,-0.13176883522044897,0.03757574269022316,-0.31067418167670774,1.2041543559411212,0.4423144894872325,-0.31144701520995155,0.3930588250963417,-0.45265994562989675,0.06978136569442037,-0.8246586104577844,0.5219477279989271,-0.4204115527318174,0.1798450299700186,-0.33916860381165964,0.49503309055592715,0,0.5781914893617022
-0.9807241032356551,-0.47953122276855,-0.9591058684890589,-0.24955840356125478,-0.5234137781757509,-0.6744474164420847,-0.8782710540942965,-1.2209938485145408,0.7153208124848753,0.1893107541562113,0.8086029031278954,-0.8246586104577844,0.779635635523593,-1.0533620530949042,0.30714743845586495,-1.0298108532069417,-1.0585398543998588,0,0.5781914893617022
0.8380809301909317,3.8549664781776753,0.3336082459931442,-0.39312547668699394,-0.1830304237772817,1.485944621798602,3.024792885824445,0.6725656407043861,-1.0248939194132125,-0.7444648091690365,-0.8537455560974225,-0.8246586104577844,-1.091076180559444,1.2693920766778888,-1.5089007141292392,0.14372166467890432,2.775040375102746,0,0.5781914893617022
0.4970549864234459,-1.1838870991723116,0.43702537515172024,-0.24955840356125478,-0.1830304237772817,-0.4865872392037641,-0.49676856372629924,-0.31144701520995155,0.13524923518551366,1.1814472901892876,1.4550717483821847,1.2126230021958784,-0.16300335522792606,0.3809386220397957,1.6200512493361454,0.3380227865484853,-1.284744877095165,1,3.697278911564626
1.065431559369254,0.6311838130989204,0.43702537515172024,-0.5366925498127328,-0.736153374674794,-1.0501677709187258,-0.9956564357459879,0.7789453872897071,-0.8959891244577985,-1.3864355089551448,-0.3919820952015011,1.2126230021958784,-0.14804083156520395,1.156157812851466,-0.7185513255925786,0.41994949370901186,-0.6790888356230665,0,0.5781914893617022
0.3833796718342847,-0.47953122276855,1.1092367146824658,-0.10599133043551597,-0.20430438342718604,0.9223640900836404,2.144402523436759,0.5661858941190651,-0.5092747395915564,-0.45265994562989675,-1.1308036326349762,1.2126230021958784,-1.0718839248230552,0.3402904247687717,-0.17383195427517803,0.7292349594256464,1.3897413285978397,0,0.5781914893617022
1.3496198458421582,-0.37116878024489425,0.5921510688895848,-0.39312547668699394,-0.5659616974755595,-0.8623075936804053,-0.9663100903330651,0.7257555139970465,-0.8315367269800901,-0.2192160547985845,-0.8537455560974225,1.2126230021958784,0.5631777932028739,1.3390747005710733,-0.1997231845257099,0.876476252080464,-0.7172818368412457,0,0.5781914893617022
0.0991913853613806,-0.37116878024489425,0.17848255225527973,-0.21366663527982016,-0.20430438342718604,1.485944621798602,0.29558276242261816,0.6725656407043861,0.13524923518551366,-0.6861038364612083,-0.576687479559869,-0.8246586104577844,1.1155184942971228,0.061559929196037276,-0.1339992923512815,0.12804006253627812,0.8222647316811958,0,0.5781914893617022
-0.8670487886464934,0.76663686625349,-0.6488544810133302,-0.5366925498127328,0.6466540025689866,-0.2987270619654435,-0.8195783632684508,-0.7103710649049645,0.7153208124848753,0.0725888087405558,0.8086029031278954,-0.8246586104577844,1.7536959259668297,-0.8036659841443289,-0.5813141405832108,-0.8813365759751653,-0.5481417527502267,0,0.5781914893617022
0.32654201453970405,-0.6962561078158611,1.2126538438410421,0.03757574269022316,-0.7574273343246984,-0.2987270619654435,-0.6141539453779907,-0.9231305580756065,0.0707968377078052,1.4148911810206,2.748009438890765,1.2126230021958784,0.6593812786787485,0.2589940302267246,1.095037491310525,0.20201268020979224,-1.7201374303045043,1,3.697278911564626
-0.46918518758442757,-0.046081452673927346,0.6438596334688729,-0.24955840356125478,-0.5872356571254639,-0.3926571505846038,-0.8195783632684508,-1.0614242286365594,-0.31591754715843684,-0.10249410938292837,1.2703663640238168,-0.8246586104577844,1.4290091624857506,-0.4842872913005699,0.00587463201993715,-0.3150094003578179,-1.1615350528506692,0,0.5781914893617022
-0.8102111313519123,-0.6962561078158611,-0.7005630455926182,-0.10599133043551597,-0.05538666587785568,0.4527136469878389,-0.23265145500999343,0.03428716119240084,0.7797732099625838,-0.16085508209075644,-0.6690401717390546,-0.8246586104577844,0.9419790172641326,-0.9023830346596721,0.16285362063655204,-0.5067779493842698,0.2559220308969524,0,0.5781914893617022
-1.7764513053597861,-0.2628063377212388,-1.2176486913854994,-0.6802596229384719,-0.7148794150248897,0.2648534697495183,1.7042073422429158,-2.1464976438069163,1.4887495822173595,-0.2192160547985845,1.6397771327405526,-0.8246586104577844,-1.3032605830342712,-1.843098457217654,0.2804263610819181,-1.881706659424716,0.0387749886229149,1,3.697278911564626
-0.6396981594681699,1.0646335831935427,-1.1659401268062115,1.509138242229048,-0.03411270622795163,-1.1440978595378861,-1.0836954719847565,-0.28485207856362127,0.6508684150071697,-1.5615184270786286,0.43919213441115784,-0.8246586104577844,-0.10587371942480409,-0.5394527018826736,-0.7658551936695775,-1.0025779555261305,-0.3390280964229898,0,0.5781914893617022
-1.5491006761814632,0.06228098984972839,-1.2176486913854994,-0.6084760863756025,-0.8212492132744112,-1.0501677709187258,-1.0250027811589109,-1.3486495444169497,2.6488927368160855,-0.45265994562989675,0.9009555953070794,-0.8246586104577844,0.0303584890287955,-1.5759817322937828,-0.15347303818074215,-2.0072737186924328,-1.1864627065987652,0,0.5781914893617022
2.884236592795841,-1.4006119842196227,1.7814480542132114,0.03757574269022316,-0.11920854482757076,-0.9562376822995656,-0.7902320178555279,1.8427428531430354,-0.9604415219355041,0.0725888087405558,-0.6690401717390546,1.2126230021958784,-0.6118790651096021,2.796602917003501,1.3395141420778731,2.15993222522732,-0.9012121406391984,0,0.5781914893617022
-0.3555098729952658,2.0940767871682713,-0.8039801747511945,-0.24955840356125478,1.1785029938165945,-0.8623075936804053,-0.7315393270296822,-0.17847233197830026,0.2641540301409277,-0.04413313667510031,-0.20727671084313318,-0.8246586104577844,-0.4908777867936722,-0.13877761449686654,-1.157568104903852,-0.5823393991999215,-0.0015385499501834865,1,3.697278911564626
-1.890126619948948,-0.6962561078158611,1.160945279261754,1.2578958642590046,-0.8850710922241243,1.2041543559411212,0.9412023615069213,-3.476244476123606,1.1664875948288258,0.014227836032727747,2.932714823249133,-0.8246586104577844,-0.11325296404937384,-2.0056912463017493,1.1454258086442533,-1.4004193918065304,-0.5451480796855893,0,0.5781914893617022
1.4632951604313205,-1.7256993117905899,1.1092367146824658,0.18114281581596198,0.008435213071857043,-0.4865872392037641,-0.4674222183133764,0.2470466543630429,-0.573727137069262,0.13094978144838387,1.1780136718446312,1.2126230021958784,-0.23501050035477833,1.310040273948913,3.333718447137596,1.0873612947633182,-1.2272440152933464,0,0.5781914893617022
1.804321104198805,-0.6420748865540336,1.2643624084203304,0.3247098889417011,-0.16175646412737738,1.2041543559411212,0.20754372618384956,1.7895529798503749,-0.31591754715843684,1.298169235604944,0.5315448265903419,1.2126230021958784,0.956737506513272,1.774591099903472,0.422783599077614,1.5484065351038963,0.2577240192131853,0,0.5781914893617022
-1.3785877042977204,0.11646221111155625,-0.9073973039097707,-0.24955840356125478,-0.5446877378256552,2.1434552421327244,0.0901583445321581,-0.8593027101244021,1.3598447872619455,0.5978375631110077,0.7162502109487098,-0.8246586104577844,2.4985655598351864,-1.395968287236391,-0.22880102773015445,-1.2468295408152341,0.6062028199074503,0,0.5781914893617022
-1.2649123897085592,0.27900587489703926,-0.23518596437902517,-0.03420779387264641,-0.927619011523933,-0.016936796107962622,0.6477389073776926,-1.7103406828070884,0.9731304023957034,-0.04413313667510031,1.9168352092781062,-0.8246586104577844,-0.9829496519451211,-1.2624099247744556,-0.10906954014718799,-1.3146587162906702,-0.46976201176068033,0,0.5781914893617022
0.7244056156017694,1.308449078871768,-0.8039801747511945,0.25292635237883154,-0.11920854482757076,1.2980844445602815,0.765124289029384,1.0182998171067386,-0.05810795724760882,-0.10249410938292837,-0.022571326484763597,-0.8246586104577844,0.16536338028911934,0.880330759940946,-0.9198408083069988,0.048189142435531185,1.3028304849726,0,0.5781914893617022
-0.8670487886464934,1.335539689502682,-1.4244829497026519,0.3247098889417011,0.30627064817051747,-0.768377505061245,-0.7315393270296822,-0.1252824586855807,0.9086780049179978,-0.5693818910455523,0.2544867500527883,-0.8246586104577844,-0.20854147072316906,-0.7426936882377928,-0.8896120398018047,-1.097259399072703,-0.08748172623032205,0,0.5781914893617022
-1.208074732413978,-0.4253500015067221,-0.3903116581168895,-0.6802596229384719,-0.3957700202763248,-1.2380279481570464,-0.9663100903330651,-0.49761157173426335,0.6508684150071697,-0.5693818910455523,-1.1308036326349762,-0.8246586104577844,-1.1684849453628798,-1.2798305807477512,-0.22065746129237995,-0.7660405676005347,-0.696593622137205,0,0.5781914893617022
-0.46918518758442757,0.6582744237298342,-0.4937287872754658,3.196051351456481,0.008435213071857043,1.0162941787028006,1.3520511972878413,1.284249183570041,0.4575112225740473,0.6561985358188358,-0.9460982482766065,-0.8246586104577844,-0.6020101665235508,-0.4087977820829537,-0.823594591781436,0.2468916841217632,2.180243905322088,0,0.5781914893617022
-1.7196136480652056,1.0104523619317147,-0.4420202226961777,-0.7520431595013414,1.5614342675148725,-0.8623075936804053,0.41296814407430965,-1.481624227648601,2.0043687620390154,-0.27757702750641255,0.5315448265903419,-0.8246586104577844,-1.7340683398137917,-1.6485677988491825,-0.7305700059345532,-1.5075820273066116,-0.1368088641467781,0,0.5781914893617022
-0.6396981594681699,0.4144589280516089,-1.3210658205440755,-0.4649090132498635,0.17862689027109174,-0.5805173278229244,-0.49676856372629924,-0.9231305580756065,0.9731304023957034,-0.7444648091690365,1.2703663640238168,-0.8246586104577844,-0.3724786865060416,-0.6091353257758575,-0.3154189616592075,-1.243321751462878,-0.6965013305836694,0,0.5781914893617022
-0.18499690111152348,0.76663686625349,0.12677398767599157,-0.39312547668699394,-0.5872356571254639,2.049525153513564,0.41296814407430965,-0.49761157173426335,-0.31591754715843684,-0.5693818910455523,-0.20727671084313318,-0.8246586104577844,1.5127992949969968,-0.10683974521249079,-0.7467683169029159,-0.3412529072366775,0.9651483263425209,0,0.5781914893617022
1.1222692166638357,-1.4006119842196227,1.471196666737483,-0.823826696064211,-0.86379713257422,-1.2380279481570464,-1.171734508223525,-1.0773811906243456,-0.9604415219355041,-0.8611867545846925,1.2703663640238168,1.2126230021958784,-0.03208127317910405,0.9964684664295863,2.1233324117136463,0.5091753323051038,-2.2075236113386887,0,0.5781914893617022
-0.46918518758442757,3.1777012124048274,-0.9073973039097707,0.3964934255045707,-0.03411270622795163,-1.0501677709187258,-1.0543491265718337,-0.49761157173426335,1.4887495822173595,-0.33593800021424064,0.7162502109487098,-0.8246586104577844,0.2384910297217951,-0.13877761449686654,-1.2686942917752664,-1.3690540175623174,-0.26987432175508547,0,0.5781914893617022
0.2697043572451234,0.44154953868252284,0.12677398767599157,0.18114281581596198,0.008435213071857043,0.07699329251119767,-0.05657338253245624,0.459806147533744,-0.31591754715843684,-0.8611867545846925,-1.0384509404557904,-0.8246586104577844,-0.06737331268791713,0.32286976879547613,-0.7445491103650953,0.19033215211862858,0.4960618250751264,0,0.5781914893617022
-1.0375617605302356,0.5499119812061786,0.2818996814138561,-0.5366925498127328,-0.6085096167753682,-0.016936796107962622,-0.5848075999650678,-0.7582419508683235,0.32860642761863323,-0.10249410938292837,-0.2996294030223171,-0.8246586104577844,1.2434738690679912,-1.0011000851750163,-0.6653543571265531,-0.6649958594974221,-0.27141279827589204,0,0.5781914893617022
-0.46918518758442757,0.27900587489703926,1.471196666737483,0.3964934255045707,1.3912425903156378,-1.0501677709187258,-0.9956564357459879,-1.0507862539780153,-0.6381795345469705,2.173583826222364,1.0856609796654473,1.2126230021958784,-0.14804083156520395,-0.44944597935397773,-0.2654470767001383,0.5633008704065585,-1.252266032096327,0,0.5781914893617022
-0.46918518758442757,1.0646335831935427,-1.2176486913854994,-0.7520431595013414,-0.2468523027269947,-0.768377505061245,-0.9663100903330651,-0.8805786594414899,-0.31591754715843684,-0.7444648091690365,-0.7613928639182386,-0.8246586104577844,0.9960934778443122,-0.36524614214971424,-0.9465581247974307,-0.865231602348156,-0.3587658687693687,0,0.5781914893617022
1.1222692166638357,-0.15444389519758306,0.7472767626274489,-0.39312547668699394,-0.3957700202763248,0.4527136469878389,0.0901583445321581,0.7789453872897071,-0.9604415219355041,0.3643936722796955,0.9933082874862633,1.2126230021958784,0.20665899408639496,1.1300268288915223,0.03688282730223136,0.8517424304012549,-0.27198358806750733,0,0.5781914893617022
0.1560290426559612,-0.20862511645941093,1.2126538438410421,-0.39312547668699394,7.1139377361399,-0.016936796107962622,0.41296814407430965,0.6193757674117255,-1.7983226891456967,2.9906374441319556,-1.315509016993344,1.2126230021958784,-0.7914293490622727,0.1370494384136525,-0.42998035778986304,2.301268074212381,0.9008365048831954,0,0.5781914893617022
1.2927821885475774,-0.15444389519758306,0.9024024563653135,0.03757574269022316,0.667927962218891,1.6738047990369227,0.5890462165518469,0.18321880641183846,-0.5092747395915564,0.3643936722796955,0.43919213441115784,1.2126230021958784,0.779635635523593,1.304233388624481,-0.08404913429871641,0.8806588352557321,0.5898470588008997,0,0.5781914893617022
-0.6396981594681699,-0.750437329077689,0.2301911168345679,-0.5366925498127328,-0.48086585887594213,1.6738047990369227,0.3542754532484639,0.21513273038747022,0.9731304023957034,0.7145595085266638,-0.4843347873806851,-0.8246586104577844,1.2125513201650313,-0.7339833602511451,0.2771963407400122,-0.1922239620096289,0.6588066750124817,0,0.5781914893617022
-0.46918518758442757,-0.20862511645941093,-0.4420202226961777,-0.4649090132498635,-0.2468523027269947,-0.5805173278229244,-0.11526607335830197,-0.5508014450269239,0.5219636200517557,-0.6861038364612083,-0.6690401717390546,-0.8246586104577844,-0.9913830743732011,-0.5017079472738655,-0.28601373683635384,-0.5863864570379702,-0.1934416002262695,0,0.5781914893617022
-0.2418345584061041,-1.8340617543142455,0.7472767626274489,-0.6802596229384719,-0.6510575360751767,0.170923381130358,-0.5261149091392221,-1.4550292910022706,-0.1225603547253144,0.1893107541562113,0.7162502109487098,1.2126230021958784,1.4290091624857506,-0.4436390940295459,3.659537641927116,-0.07986245729822834,-1.211385297117347,0,0.5781914893617022
-0.5260228448790082,1.3897209107645099,-0.4420202226961777,1.9039476933248303,0.13607897097128308,0.2648534697495183,1.4694365789395327,0.20981374305816872,-0.9604415219355041,-0.8028257818768645,-0.7921770946446299,-0.8246586104577844,-1.2082425082381145,-0.38847368344744165,-1.0528313985180573,-0.03182983434651834,1.7137576536173165,0,0.5781914893617022
0.4970549864234459,0.5499119812061786,-0.3386030935376015,0.10935927925309273,0.19990084992099402,1.2041543559411212,0.5010071803130782,1.0980846270457292,-0.18701275220302285,-0.45265994562989675,-0.7613928639182386,-0.8246586104577844,0.42997296715935446,0.5667589524216194,-0.7453358132118363,0.28137437169272933,1.2162764810890518,0,0.5781914893617022
0.2697043572451234,-0.47953122276855,1.1092367146824658,0.18114281581596198,-0.09793458517766435,0.170923381130358,1.85093906930753,0.7789453872897071,-0.05810795724760882,-0.33593800021424064,-0.8537455560974225,1.2126230021958784,-1.4141938474566698,0.22415271828013245,-0.1051206124564575,0.6680175733539795,1.008437001034577,0,0.5781914893617022
-0.2986722157006852,0.1706434323733841,-0.8039801747511945,-0.39312547668699394,-0.11920854482757076,-0.8623075936804053,-0.5848075999650678,0.14066690777772187,0.3930588250963417,-0.9195477272925205,-0.9460982482766065,-0.8246586104577844,-0.8437981818818011,-0.28685319026988254,-0.5893719738455344,-0.4977228870818799,-0.16702920953643902,0,0.5781914893617022
0.04235372806679999,-1.2922495416959674,0.6438596334688729,-0.6084760863756025,-0.43831793957613346,-0.768377505061245,-0.8195783632684508,-0.375274863161156,0.5219636200517557,-0.33593800021424064,0.06978136569442037,1.2126230021958784,0.1302621085614355,-0.09522597456362707,1.3678294161862268,-0.01760915697277254,-1.1705105030063352,0,0.5781914893617022
-0.6396981594681699,-1.0755246566486558,0.2818996814138561,-0.6084760863756025,-0.5659616974755595,-1.2380279481570464,-1.0250027811589109,-0.39123182514894234,-0.5092747395915564,2.5821106351771603,-0.3919820952015011,1.2126230021958784,-0.9686777062976011,-0.7688246721977368,0.7728576441160804,0.3607232294099699,-1.2908284943347497,1,3.697278911564626
-1.1512370751193974,0.11646221111155625,-0.6488544810133302,-0.5366925498127328,-0.22557834307709038,0.9223640900836404,-0.37938318207460775,-1.9124622013191865,0.0707968377078052,0.9480033993579754,1.0856609796654473,-0.8246586104577844,2.3566856295745473,-1.163692874259112,-0.15550892979018577,-0.9797070060741253,-0.4070606942030953,0,0.5781914893617022
0.0991913853613806,-1.1297058779104838,0.7472767626274489,-0.17777486699838554,-0.26812626237689907,-0.3926571505846038,-0.8489247086813736,-1.2741837218072014,-1.089346316890918,0.3060326995718674,1.2703663640238168,1.2126230021958784,1.6340744867895898,-0.019736465346010826,1.435158633313191,0.2682481160110085,-1.4569657069191384,1,3.697278911564626
-0.3555098729952658,0.739546255622576,-1.4244829497026519,-0.10599133043551597,0.05098313237166572,-0.768377505061245,-0.8489247086813736,0.3534264009483639,-0.2514651496807284,0.4227546449875235,-1.0384509404557904,-0.8246586104577844,0.26697232476399435,-0.2839497476076661,-0.8716223228201776,-0.30865070713450526,0.015757502512068932,0,0.5781914893617022
-0.5828605021735893,-0.8858903822322587,1.1092367146824658,-0.03420779387264641,0.008435213071857043,2.1434552421327244,1.7042073422429158,-0.07209258539292018,0.32860642761863323,0.7145595085266638,0.5315448265903419,1.2126230021958784,-0.07802751329435159,-0.6904317203179051,0.756124288422024,0.21984296048779609,1.0611433505943062,0,0.5781914893617022
4.3051780251603615,-0.9129809928631726,1.9365737479510758,3.5549690342708287,0.17862689027109174,0.5466437356069992,0.6770852527906154,0.459806147533744,-2.1205846765342304,1.0647253447736316,4.13329982157853,1.2126230021958784,-0.4550886763058622,4.300586216031386,1.8900531647982382,2.6559765555983272,-0.7704934827854825,0,0.5781914893617022
0.2697043572451234,0.6040932024680065,-0.5454373518547538,0.25292635237883154,-0.07666062552776001,0.8284340014644801,2.4085196321530646,0.7683074126311632,-0.5092747395915564,-0.6861038364612083,-0.7613928639182386,-0.8246586104577844,-1.2184367551292,0.3402904247687717,-0.769330250037421,0.1548169243293406,1.8803262076399323,0,0.5781914893617022
0.7244056156017694,-0.15444389519758306,0.43702537515172024,0.18114281581596198,0.6041060832691758,0.9223640900836404,0.20754372618384956,0.2576846290215868,-0.8315367269800901,0.13094978144838387,0.43919213441115784,1.2126230021958784,0.6025337645339136,0.7235448561812827,-0.08404913429871641,0.6713518859810432,0.28800984784137246,0,0.5781914893617022
-0.2986722157006852,0.38736831742069494,-0.7005630455926182,-0.10599133043551597,-0.03411270622795163,-1.2380279481570464,-0.9663100903330651,0.4066162742410835,0.7153208124848753,-0.33593800021424064,0.3468394422319739,-0.8246586104577844,-1.1684849453628798,-0.26362564897215407,-0.467000346035051,-0.49618347467691437,-0.7259007929530817,0,0.5781914893617022
0.1560290426559612,1.4709927426572516,-0.8556887393304827,-0.17777486699838554,-0.07666062552776001,-0.3926571505846038,-0.49676856372629924,0.6193757674117255,0.5864160175294613,-1.0362696727081766,-0.4843347873806851,-0.8246586104577844,0.04647197605018914,0.3170628834710443,-1.0338689160394943,-0.5344471854261095,0.26386448754161473,0,0.5781914893617022
-0.9807241032356551,0.22482465363521137,-1.3210658205440755,-0.32134194012412437,0.5828321236192738,-0.9562376822995656,-0.9369637449201422,-0.10400650936855192,0.4575112225740473,0.1893107541562113,-0.8537455560974225,-0.8246586104577844,-0.03208127317910405,-0.9778725438772883,-0.6013691922583266,-0.6682612420212958,-0.2626427534676335,0,0.5781914893617022
0.0991913853613806,-0.37116878024489425,1.626322360475347,-0.823826696064211,6.943746058940665,-0.016936796107962622,-0.08591972794537911,0.15130488243626578,-1.7983226891456967,3.9827739801650326,-1.1308036326349762,1.2126230021958784,-0.15834834786619054,0.061559929196037276,-0.2654470767001383,2.375896069928775,0.3604104008245772,0,0.5781914893617022
0.1560290426559612,0.5770025918370925,2.0916994416889403,-0.5366925498127328,6.7097325027917165,0.2648534697495183,0.23689007159677242,-0.22102423061241686,-1.8627750866234023,2.8739154987162996,-1.0384509404557904,1.2126230021958784,-0.2640003899513031,0.221249275617916,-0.8050385064156536,2.149059002047972,0.7171564494240611,0,0.5781914893617022
-1.4354253615923016,0.8208180875153179,-1.3210658205440755,-0.5366925498127328,-0.012838746578047294,0.4527136469878389,1.3520511972878413,-1.2422697978316286,1.4887495822173595,-0.8028257818768645,-0.3919820952015011,-0.8246586104577844,-1.0165039071376945,-1.3785476312630949,-0.79897043670432,-1.6235738381587415,1.0017918409744107,0,0.5781914893617022
0.7244056156017694,1.904442512751874,0.023356858517415518,-0.10599133043551597,-0.03411270622795163,1.2980844445602815,2.9074075041727534,0.6193757674117255,-0.444822342113848,-0.7444648091690365,-0.9460982482766065,-0.8246586104577844,-1.1419799034460574,0.9442064985096985,-1.2045020815559833,0.18658266646047705,2.3944267715867222,0,0.5781914893617022
-0.5828605021735893,0.76663686625349,-1.1659401268062115,0.7554111083189182,0.41264044642003916,-0.9562376822995656,-0.8195783632684508,0.2470466543630429,0.5864160175294613,-0.16085508209075644,-0.2996294030223171,-0.8246586104577844,-0.5191114184007224,-0.5133217179227297,-0.7618096056592528,-0.5646656507166053,-0.06954273737405081,0,0.5781914893617022
-1.5491006761814632,-0.15444389519758306,-0.9591058684890589,-0.17777486699838554,-0.8212492132744112,0.07699329251119767,1.4987829243524557,-1.6145989108802523,2.068821159516721,-0.16085508209075644,2.3785986701740276,-0.8246586104577844,-1.3521461449077326,-1.5992092735915107,0.339212731304601,-1.8089376610235286,-0.189135629625803,0,0.5781914893617022
0.4402173291288653,0.8208180875153179,-0.8556887393304827,0.18114281581596198,0.11480501132137874,-0.4865872392037641,-0.11526607335830197,1.1406365256798459,0.006344440230099625,-0.6277428637533803,-0.8537455560974225,-0.8246586104577844,-0.8437981818818011,0.5377245257994591,-0.8730709033715676,0.041002890435599806,0.49129190701843556,0,0.5781914893617022
-0.6396981594681699,-0.20862511645941093,-0.4937287872754658,0.10935927925309273,-0.3957700202763248,-0.2987270619654435,-0.40872952748753066,-0.01890271210025967,-0.1225603547253144,-1.0362696727081766,-1.1308036326349762,-0.8246586104577844,0.01566678027399524,-0.6759145070068249,-0.3888470375174322,-0.36626502897985674,0.12750089668606873,0,0.5781914893617022
0.1560290426559612,0.11646221111155625,-0.9591058684890589,0.5400604986303095,-0.4170439799262291,-0.768377505061245,-0.9076173995072193,0.3268314643020337,-0.5092747395915564,-1.2697135635394887,-0.3919820952015011,-0.8246586104577844,0.5886434217111933,0.17189075036024468,-0.44867732155005946,-0.1897837846783245,-0.27698916126930195,0,0.5781914893617022
-0.5828605021735893,2.446254725370152,-1.1659401268062115,-0.32134194012412437,-0.5659616974755595,0.3587835583686786,0.031465653706312366,0.16726184442405212,0.006344440230099625,-0.6277428637533803,-0.6690401717390546,-0.8246586104577844,0.18327219239508058,-0.3333082728653385,-1.2834967534428114,-0.9067517587739808,0.9432215479086735,0,0.5781914893617022
-0.9807241032356551,1.6877176277045625,-1.2693572559647877,-0.17777486699838554,-0.6085096167753682,1.485944621798602,0.0021193082933894966,-0.8167508114902855,1.3598447872619455,-0.5693818910455523,1.7321298249197383,-0.8246586104577844,1.861924847127189,-0.8210866401176256,-0.8053219052757982,-1.6660694582438607,0.4126270116911648,1,3.697278911564626
-0.5260228448790082,-0.8587997716013447,0.7989853272067371,0.03757574269022316,-0.11920854482757076,0.170923381130358,0.999895052332767,0.18321880641183846,0.13524923518551366,0.13094978144838387,-0.6690401717390546,1.2126230021958784,-1.0417779157117275,-0.6294594244113695,0.3610022739354018,0.25709333810215923,0.47912720239817674,0,0.5781914893617022
-0.8102111313519123,-0.20862511645941093,-0.4420202226961777,-0.6084760863756025,-0.1830304237772817,-0.2987270619654435,-0.6435002907909135,-0.6731381536000903,0.4575112225740473,-0.10249410938292837,-0.576687479559869,-0.8246586104577844,0.779635635523593,-0.8501210667397843,-0.2654470767001379,-0.6343237646596989,-0.37121014344550596,0,0.5781914893617022
-0.12815924381694285,0.2519152642661253,-0.2868945289583133,-0.32134194012412437,-0.22557834307709038,-0.3926571505846038,0.5010071803130782,-0.01890271210025967,-0.1225603547253144,-0.8611867545846925,-1.1308036326349762,-0.8246586104577844,-1.2683885648955198,-0.10393630255027538,-0.6685536153699644,-0.20144428083642854,0.43376173226279274,0,0.5781914893617022
1.1222692166638357,-0.6420748865540336,0.7472767626274489,-0.10599133043551597,2.6676801693098966,-0.9562376822995656,-0.9956564357459879,1.4172238668016923,-0.7670843295023845,-0.2192160547985845,-0.8537455560974225,1.2126230021958784,0.31579740197919415,1.0777648609716344,0.054088594196675624,1.427608982646529,-0.36642007924001097,0,0.5781914893617022
0.32654201453970405,0.4957307599443507,-0.4420202226961777,0.9707617180075265,1.7528999043640117,3.2706163055626476,2.9367538495856764,0.9917048804604082,-0.8959891244577985,1.589974099144084,-1.1308036326349762,1.2126230021958784,-0.22952592664732818,0.38674550736422764,-0.7855845459515269,0.9580540357105315,3.3107924018854633,0,0.5781914893617022
1.1222692166638357,0.00809976858790052,1.0575281501031777,-0.03420779387264641,-0.5234137781757509,-0.9562376822995656,-0.6728466362038364,1.6299833599723934,-1.2182511118463322,-0.39429897292206867,-1.0384509404557904,1.2126230021958784,-0.9087355345780169,1.1474474848648177,-0.5126350485259749,1.2104920538276958,-0.3123168136258395,0,0.5781914893617022
0.8949185874855122,0.06228098984972839,-0.08006027064116081,-0.39312547668699394,0.49773628501965655,-0.8623075936804053,0.3542754532484639,0.18853779374113996,-2.3783942664450586,1.8817789626832238,-0.20727671084313318,1.2126230021958784,-1.7096295511646786,0.9209789572119701,-0.37742111521953436,1.193900585861255,-0.23392562958445087,0,0.5781914893617022
0.32654201453970405,-1.1838870991723116,1.5229052313167706,-0.39312547668699394,0.49773628501965655,0.9223640900836404,1.0879340885715356,0.19385678107038237,-0.31591754715843684,-0.7444648091690365,-0.6690401717390546,1.2126230021958784,-0.48091297563824226,0.20673206230683686,0.8723536372872742,0.7493305209824238,0.59793269149485,0,0.5781914893617022
-0.014483929227780629,0.27900587489703926,-0.7522716101719064,0.25292635237883154,0.17862689027109174,-0.20479697334628322,0.4423144894872325,0.8853251338750281,-0.8959891244577985,-0.2192160547985845,-1.2231563248141601,-0.8246586104577844,-1.0241797171490672,0.015104846600581364,-0.6998291226805543,0.29039142396347345,0.811244110556901,0,0.5781914893617022
-1.2649123897085592,-0.6962561078158611,-0.597145916434042,-0.5366925498127328,-0.3957700202763248,-0.4865872392037641,-0.6728466362038364,-0.6571811916122449,0.7153208124848753,0.4811156176953516,-0.2996294030223171,-0.8246586104577844,0.39001151934629846,-1.3669338606142312,0.2636302553040086,-0.7487549563656778,-0.6020459585612833,1,3.697278911564626
0.3833796718342847,-0.5337124440303778,0.3336082459931442,-0.03420779387264641,-0.16175646412737738,0.9223640900836404,1.1172804339844584,1.0448947537530686,0.4575112225740473,-0.2192160547985845,-0.8537455560974225,1.2126230021958784,-0.5040097084713699,0.33448353944433984,-0.054519236698484665,0.4014479527067869,1.0426686384214834,0,0.5781914893617022
-0.41234753028984694,-0.5337124440303778,0.17848255225527973,-0.32134194012412437,-0.3957700202763248,-0.2987270619654435,0.765124289029384,-0.49761157173426335,-0.31591754715843684,-0.6861038364612083,-0.4843347873806851,-0.8246586104577844,-1.3264406681374594,-0.47848040597613806,0.03922646996891658,-0.14412740602332388,0.10867874526865695,0,0.5781914893617022
1.3496198458421582,-0.046081452673927346,0.5404425043102966,0.03757574269022316,-0.4595918992260378,1.2041543559411212,0.23689007159677242,-0.5135685337220497,-1.0248939194132125,0.7729204812344919,1.5474244405613686,1.2126230021958784,0.8955951939096929,1.3739160125176655,0.06401499817423861,0.6138485700026916,-0.2245376713288909,1,3.697278911564626
2.4863729917337745,0.3331870961588671,0.9024024563653135,-0.17777486699838554,-0.11920854482757076,-0.4865872392037641,-0.7608856724426051,1.7363631065577145,-1.9916798815788164,0.24767172686403935,-1.0384509404557904,1.2126230021958784,0.779635635523593,2.575941274675085,-0.692466715121564,1.8458719634710372,-0.2006103778362257,0,0.5781914893617022
-0.46918518758442757,-0.046081452673927346,-0.597145916434042,-0.4649090132498635,-0.05538666587785568,-0.3926571505846038,-0.37938318207460775,0.03428716119240084,0.4575112225740473,-0.2192160547985845,-0.8537455560974225,-0.8246586104577844,-0.24080847827408364,-0.4842872913005699,-0.4398681751630437,-0.4082007549045729,-0.03683713382839715,1,3.697278911564626
0.4402173291288653,-0.046081452673927346,0.2818996814138561,-0.8956102326270804,-0.37449606062642044,-0.6744474164420847,-0.5261149091392221,0.5661858941190651,-0.444822342113848,-0.33593800021424064,-1.0384509404557904,1.2126230021958784,-0.5191114184007224,0.44481436060854723,-0.4786284192659115,0.34804496618845643,-0.3311466472231802,0,0.5781914893617022
-0.3555098729952658,-0.1002626739357552,0.023356858517415518,-0.32134194012412437,-0.012838746578047294,0.6405738242261595,0.1781973807709267,0.6725656407043861,0.7153208124848753,0.4811156176953516,-1.1308036326349762,-0.8246586104577844,0.29861820814421663,-0.3739564701363615,-0.4630483211461315,0.003349890809883742,0.6787597252490251,0,0.5781914893617022
-0.18499690111152348,0.4957307599443507,0.3853168105724321,0.18114281581596198,-0.03411270622795163,1.110224267321961,0.11950468994508097,0.14066690777772187,0.006344440230099625,-0.2192160547985845,0.3468394422319739,-0.8246586104577844,1.029394684355192,-0.13587417183465111,-0.5255158113258324,-0.046341451126413094,0.4940377414761995,0,0.5781914893617022
-0.2986722157006852,0.4957307599443507,-1.1659401268062115,-0.17777486699838554,-0.1830304237772817,-0.9562376822995656,-0.8782710540942965,0.3268314643020337,-0.1225603547253144,-0.16085508209075644,-1.0384509404557904,-0.8246586104577844,-0.3026535760800032,-0.25201187832329036,-0.7693302500374207,-0.3449455623551457,-0.16198826225826202,0,0.5781914893617022
-0.8102111313519123,-0.9129809928631726,-0.13176883522044897,-0.10599133043551597,0.22117480957090044,-1.0501677709187258,-0.9369637449201422,-0.17847233197830026,0.6508684150071697,-0.33593800021424064,-0.2996294030223171,-0.8246586104577844,-0.43793972753045257,-0.9256105759574,0.5463647025654844,-0.356373617780579,-0.8114772880038097,0,0.5781914893617022
-0.8102111313519123,1.1459054150862844,-1.2693572559647877,-0.17777486699838554,-0.7148794150248897,-0.8623075936804053,-0.9369637449201422,-0.8805786594414899,0.9086780049179978,-0.16085508209075644,0.9933082874862633,-0.8246586104577844,0.37377718117224445,-0.7049489336289847,-0.7148563934604174,-1.336518032912434,-0.7976394136855355,0,0.5781914893617022
1.1222692166638357,-1.4006119842196227,-0.18347739979973715,-0.32134194012412437,-0.33194814132661205,-0.11086688472712292,-0.4380758729004535,-0.6039913183195844,-0.573727137069262,0.014227836032727747,2.1938932858156597,1.2126230021958784,0.4844658505407936,0.9964684664295863,2.4965792067783,0.25153435320059386,-1.3872489151353251,0,0.5781914893617022
-1.8332889626543674,-0.1002626739357552,-0.4937287872754658,-0.32134194012412437,-0.9701669308237415,-0.016936796107962622,1.5574756151783014,-2.306067263684957,0.9731304023957034,1.2398082628971157,2.286245977994844,-0.8246586104577844,-1.4385214615253614,-1.883746654488678,0.2680762833040433,-1.4720378567610706,-0.3990867097202056,1,3.697278911564626
-0.5260228448790082,0.5499119812061786,-1.0625229976476351,-0.10599133043551597,0.05098313237166572,-0.4865872392037641,-0.32069049124876203,0.6193757674117255,0.7797732099625838,0.5978375631110077,-0.6690401717390546,-0.8246586104577844,-0.5366620542645643,-0.47848040597613706,-0.7293395219947796,-0.42980845698704834,0.21044528322718398,0,0.5781914893617022
0.0991913853613806,-1.8882429755760732,1.2126538438410421,-0.5725843180941677,-0.3532221009765164,2.7070357738476862,1.1759731248103042,-0.7954748621731976,0.13524923518551366,0.5978375631110077,1.2703663640238168,1.2126230021958784,0.8534280817692926,-0.10103285988805892,4.325488502595104,0.29266765739594885,0.3322790026189644,1,3.697278911564626
-0.7533734740573317,0.1706434323733841,-0.7522716101719064,-0.6802596229384719,-0.22557834307709038,0.8284340014644801,-0.1739587641841477,-0.2369811926002032,0.19970163266321922,-0.39429897292206867,-1.1308036326349762,-0.8246586104577844,1.3980866135827907,-0.7514040162244412,-0.6253636290839117,-0.6087139569743764,0.573624513633214,0,0.5781914893617022
-0.18499690111152348,-0.15444389519758306,0.5921510688895848,0.03757574269022316,-0.11920854482757076,-0.3926571505846038,-0.05657338253245624,0.9385150071677477,0.7797732099625838,-0.2192160547985845,0.2544867500527883,-0.8246586104577844,-0.7732141028641754,-0.20555679572783447,-0.12435978816569924,0.08156354203448334,-0.162281358031508,0,0.5781914893617022
2.4295353344391937,-0.8046185503395168,1.9882823125303641,0.03757574269022316,0.008435213071857043,-0.5805173278229244,-0.20330510959707057,2.2682618394843197,-0.8959891244577985,0.13094978144838387,-0.576687479559869,1.2126230021958784,-0.8833941286477865,2.3959278296176945,0.31799659769039973,2.1080175252726905,-0.3315963711250334,0,0.5781914893617022
-0.9807241032356551,0.44154953868252284,-1.3727743851233638,-0.4649090132498635,-0.16175646412737738,-0.768377505061245,-0.6728466362038364,0.38534032492399567,2.4555355443829634,0.4227546449875235,0.06978136569442037,-0.8246586104577844,-0.3892367130082907,-0.9546450025795604,-0.5462999929864927,-1.230517529216493,-0.31482268068751357,0,0.5781914893617022
-0.2418345584061041,-1.8882429755760732,0.6438596334688729,-0.24955840356125478,-0.8212492132744112,2.049525153513564,0.5596998711389239,-0.39123182514894234,0.13524923518551366,1.589974099144084,0.8086029031278954,1.2126230021958784,1.2157820342295196,-0.44944597935397773,4.045553406296615,0.27993388290533644,0.09518155769642223,0,0.5781914893617022
-0.696535816762751,-1.021343435386828,0.023356858517415518,-0.39312547668699394,-0.11920854482757076,1.3920145331794418,0.5890462165518469,0.10875298380214918,0.9086780049179978,-1.0362696727081766,-0.9460982482766065,-0.8246586104577844,0.49314731480499363,-0.8210866401176256,0.505197776639235,-0.38991133557584096,0.865947010323352,0,0.5781914893617022
0.5538926437180275,0.6853650343607482,-0.08006027064116081,-0.39312547668699394,0.17862689027109174,-1.0501677709187258,-0.37938318207460775,0.34278842628987904,-0.38036994463614243,-1.3864355089551448,-0.7613928639182386,-0.8246586104577844,-1.5395555321983991,0.6393450189770192,-0.8039481779766237,0.06165924173811799,-0.17251659156557414,0,0.5781914893617022
-0.6396981594681699,-1.5089744267432785,0.4887339397310084,-0.03420779387264641,-0.5234137781757509,-0.4865872392037641,-0.20330510959707057,-1.2475887851608711,1.3598447872619455,0.83128145394232,1.8244825170989223,-0.8246586104577844,-0.7250103415838454,-0.8152797547931926,2.7175413094565757,-0.5328862798038846,-1.3784397642122281,1,3.697278911564626
-1.0943994178248164,-0.8046185503395168,-0.7005630455926182,-0.24955840356125478,-1.0552627694233587,-0.11086688472712292,-0.6728466362038364,-0.8486647354658582,0.8442256074402894,-0.04413313667510031,0.6238975187695258,-0.8246586104577844,1.4290091624857506,-1.2043410715301355,0.6627587689211722,-0.9847341676256763,-0.7703798273649906,0,0.5781914893617022
1.1791068739584163,-0.8046185503395168,0.9541110209446017,-0.32134194012412437,0.34881856747032614,-0.9562376822995656,-1.1130418173976795,-0.05081663607589141,-1.2182511118463322,-0.04413313667510031,1.2703663640238168,1.2126230021958784,1.4290091624857506,1.1184130582426575,0.8483999380454342,0.8986577893185476,-1.5763923073993278,1,3.697278911564626
-0.2986722157006852,0.08937160048064231,-0.8039801747511945,-0.03420779387264641,-0.4170439799262291,-0.4865872392037641,-0.37938318207460775,-0.39123182514894234,0.19970163266321922,-0.27757702750641255,1.0856609796654473,-0.8246586104577844,-0.4263437716918427,-0.2955635182565298,-0.13600919731074487,-0.6084615393494551,-0.6172858201107989,0,0.5781914893617022
0.3833796718342847,0.27900587489703926,-0.13176883522044897,0.18114281581596198,-0.26812626237689907,-0.6744474164420847,1.64551465141707,0.5608669067897636,-0.5092747395915564,-0.5110209183377248,-0.6690401717390546,-0.8246586104577844,-1.9052741394160975,0.4215868193108198,-0.5955774316452543,0.2876413511037274,0.7876581536527509,0,0.5781914893617022
-0.18499690111152348,-0.5337124440303778,0.43702537515172024,-0.17777486699838554,-0.26812626237689907,-0.5805173278229244,0.0021193082933894966,0.459806147533744,0.19970163266321922,-1.1529916181238324,-0.9460982482766065,-0.8246586104577844,-1.1143704847827005,-0.2462049929988585,-0.07795566336533542,0.049155894211643694,-0.015606834593328529,0,0.5781914893617022
2.4863729917337745,0.38736831742069494,1.9365737479510758,-0.17777486699838554,-0.5234137781757509,-0.9562376822995656,-0.6728466362038364,1.5767934866797328,-1.7983226891456967,-0.5110209183377248,-0.4843347873806851,1.2126230021958784,-0.9087355345780169,2.5817481599995182,-0.6181652980362361,1.8384218136611474,-0.6314691452217958,0,0.5781914893617022
-1.0943994178248164,0.5499119812061786,-0.3386030935376015,-0.6802596229384719,-0.16175646412737738,-0.3926571505846038,-0.4674222183133764,0.08215804715581893,1.7465591721281875,0.014227836032727747,-0.576687479559869,-0.8246586104577844,-0.03208127317910405,-1.059168938419336,-0.7133432307777229,-0.9293851072679963,-0.05920634310414957,0,0.5781914893617022
0.21286669995054183,-0.37116878024489425,0.17848255225527973,-0.03420779387264641,0.8168456797682213,0.7345039128453198,0.47166083490015537,0.38534032492399567,-1.3471559068017462,0.4811156176953516,-0.7613928639182386,1.2126230021958784,-0.03208127317910405,0.17769763568467653,-0.17781522046756768,0.7962667422319387,0.6870030147833555,0,0.5781914893617022
-0.696535816762751,1.2271772469790263,-0.6488544810133302,-0.5366925498127328,0.41264044642003916,0.3587835583686786,1.0585877431586126,-0.4284647364538165,-0.7670843295023845,-0.9195477272925205,-0.8537455560974225,-0.8246586104577844,-0.9211045541392014,-0.5801008991536982,-1.0129294000614053,-0.48572783747530296,1.0974465001097093,0,0.5781914893617022
-0.9238864459410739,0.6040932024680065,-0.23518596437902517,-0.32134194012412437,-0.16175646412737738,-0.4865872392037641,2.085709832610913,-0.7210090395634493,0.32860642761863323,0.24767172686403935,0.43919213441115784,-0.8246586104577844,-1.8669707558767978,-0.8791554933619447,-0.5646277108691499,-0.6354524594917818,0.5861988726196599,0,0.5781914893617022
-0.3555098729952658,-1.8882429755760732,0.3336082459931442,0.10935927925309273,-0.4595918992260378,-0.11086688472712292,0.29558276242261816,-1.082700177953588,0.3930588250963417,0.7145595085266638,1.2703663640238168,1.2126230021958784,-0.7878177054195464,-0.5655836858426175,4.325488502595104,-0.11550375338358099,-0.8916555509665317,0,0.5781914893617022
-1.208074732413978,0.6582744237298342,-1.1142315622269232,-0.6802596229384719,-0.7999752536245069,-0.9562376822995656,-0.8782710540942965,-1.731616632124117,1.682106774650479,-0.6861038364612083,1.408895402292592,-0.8246586104577844,-0.3026535760800032,-1.1636928742591115,-0.4282401019321836,-1.877005945129318,-1.2225843995446042,0,0.5781914893617022
-0.12815924381694285,0.7124556449916621,2.195116570847516,-0.24955840356125478,0.22117480957090044,0.8284340014644801,2.379173286740142,0.2470466543630429,-1.4760607017571603,-0.7444648091690365,-1.315509016993344,1.2126230021958784,-1.2087561718411532,-0.05457777729260302,-0.9067529336748616,0.8929524731487923,1.6344296435784516,0,0.5781914893617022
0.6675679583071887,1.1188148044553705,-0.9073973039097707,-0.32134194012412437,-0.1830304237772817,-0.9562376822995656,-0.49676856372629924,0.9917048804604082,-0.5092747395915564,-0.5693818910455523,-0.2996294030223171,-0.8246586104577844,-1.210380011618503,0.8019378080611144,-0.8961579875440839,0.04259185446014274,-0.09649152091170454,0,0.5781914893617022
-0.7533734740573317,0.4957307599443507,-0.9073973039097707,-0.823826696064211,-0.3532221009765164,1.0162941787028006,0.4423144894872325,-0.39123182514894234,-0.18701275220302285,-0.27757702750641255,-1.1308036326349762,-0.8246586104577844,0.31579740197919415,-0.716562704277849,-0.7855845459515269,-0.6295566398813827,0.9154092660368213,0,0.5781914893617022
-0.6396981594681699,0.5499119812061786,-1.4244829497026519,-0.4649090132498635,0.19990084992099402,-0.20479697334628322,-0.2913441458358392,0.0076922245460705856,0.3930588250963417,-0.45265994562989675,-1.315509016993344,-0.8246586104577844,-0.07480321574240403,-0.5946181124647774,-0.8413135605141756,-0.7162771866789986,0.4515318179016717,0,0.5781914893617022
-0.12815924381694285,1.6064457958118208,-0.18347739979973715,-0.32134194012412437,-0.07666062552776001,-1.0501677709187258,-1.0250027811589109,0.2470466543630429,0.3930588250963417,0.6561985358188358,0.2544867500527883,-0.8246586104577844,0.0303584890287955,0.04123583056052422,-0.9739373567864995,-0.31306055712851477,-0.5895971954124487,0,0.5781914893617022
-0.9238864459410739,-0.2628063377212388,-1.0108144330683468,-0.32134194012412437,-0.5021398185258464,0.170923381130358,-0.40872952748753066,-0.64654321695376,0.13524923518551366,-0.10249410938292837,-0.6690401717390546,-0.8246586104577844,0.9706278493359923,-0.9720656585528564,-0.24445194447775195,-0.7288417306916593,0.013937876476134823,0,0.5781914893617022
1.2927821885475774,-0.9129809928631726,1.5229052313167706,-0.17777486699838554,-0.012838746578047294,-0.9562376822995656,-0.8195783632684508,0.013011211875313015,-1.089346316890918,0.3643936722796955,0.6238975187695258,1.2126230021958784,-0.5191114184007224,1.222936994082434,0.8262997988639738,1.1524719714594933,-1.3733441383027236,1,3.697278911564626
-0.5260228448790082,0.11646221111155625,-0.4420202226961777,-0.5366925498127328,-0.11920854482757076,-0.11086688472712292,-0.40872952748753066,-0.09868752203925044,1.1664875948288258,0.13094978144838387,0.06978136569442037,-0.8246586104577844,0.3976512078987943,-0.5249354885715934,-0.35706219912509884,-0.6445728070075943,-0.2420861844955749,0,0.5781914893617022
2.7705612782066784,-0.8046185503395168,1.4194881021581949,0.10935927925309273,-0.14048250447747304,-1.0501677709187258,-0.9369637449201422,2.0555023463136775,-2.1205846765342304,-0.6861038364612083,-0.9460982482766065,1.2126230021958784,-0.43793972753045257,2.7443409490836133,0.21191592961939304,2.204659168545098,-0.6776691724653626,0,0.5781914893617022
-0.5828605021735893,0.27900587489703926,0.12677398767599157,-0.10599133043551597,-0.2894002220268034,-0.11086688472712292,0.20754372618384956,0.03428716119240084,0.9731304023957034,-0.39429897292206867,-0.20727671084313318,-0.8246586104577844,-0.6962132893904018,-0.5655836858426175,-0.5087010224491715,-0.4854846286010586,0.1716830969879245,0,0.5781914893617022
-0.9238864459410739,-0.5878936652922057,-0.028351706061872647,4.344587936462393,-0.4170439799262291,0.7345039128453198,2.9367538495856764,-1.0295103046609275,-0.9604415219355041,-0.5110209183377248,0.8086029031278954,-0.8246586104577844,-1.4141938474566698,-1.0069069704994482,0.43039159124182397,0.0451104463003986,1.7975296989342344,0,0.5781914893617022
-0.2418345584061041,2.7713420529411192,-1.1659401268062115,-0.24955840356125478,-0.07666062552776001,-0.2987270619654435,-0.555461254552145,-0.44442169844160284,-0.573727137069262,-0.6277428637533803,-0.4843347873806851,-0.8246586104577844,0.44375277675006325,0.049946158547173554,-1.3216637285032884,-0.7998655601840333,0.391933443453337,0,0.5781914893617022
1.065431559369254,-1.0755246566486558,0.9541110209446017,-0.4649090132498635,-0.14048250447747304,-0.9562376822995656,-1.1423881628106023,-0.24230017992944564,-1.3471559068017462,-1.0362696727081766,-0.022571326484763597,1.2126230021958784,1.861924847127189,0.9732409251318578,0.895011140682695,0.7698738285351583,-1.323891044949347,0,0.5781914893617022
1.804321104198805,-0.4253500015067221,1.160945279261754,0.3247098889417011,-0.20430438342718604,0.2648534697495183,-0.027227037119533372,1.895932726435696,-0.31591754715843684,2.6404716078849884,0.5315448265903419,1.2126230021958784,0.1578950246023777,1.7978186412011994,0.1824490773774462,1.7104253292923333,-0.17358119337037506,0,0.5781914893617022
-0.6396981594681699,-0.8587997716013447,0.2301911168345679,-0.39312547668699394,-0.5446877378256552,-0.11086688472712292,-0.5848075999650678,-1.082700177953588,-0.5092747395915564,0.4227546449875235,0.8086029031278954,-0.8246586104577844,1.0115547522957922,-0.7455971309000088,0.796793126551431,-0.21368283104959995,-0.9742204925823779,1,3.697278911564626
-0.5828605021735893,-1.2109777098032255,0.5921510688895848,-0.9673937691899499,-0.6085096167753682,-0.8623075936804053,-1.0836954719847565,-1.8220394167216518,-0.1225603547253144,-0.8028257818768645,0.9933082874862633,-0.8246586104577844,1.6651449904719897,-0.7252730322644978,1.518794979707289,-0.559605166665152,-1.8077658278133997,0,0.5781914893617022
0.78124327289635,0.00809976858790052,1.678030925054635,-0.39312547668699394,-1.0339888097734544,-1.0501677709187258,-0.8489247086813736,-0.47101663508793307,-0.05810795724760882,1.1814472901892876,1.8244825170989223,1.2126230021958784,-0.7583542967552015,0.7990343653988989,0.07681319198178962,0.4553456860431614,-1.79615426623232,0,0.5781914893617022
-0.5260228448790082,-0.15444389519758306,1.0058195855238894,-0.39312547668699394,-0.03411270622795163,0.4527136469878389,0.7357779436164612,0.14066690777772187,0.32860642761863323,-0.5110209183377248,-1.2231563248141601,-0.8246586104577844,-0.5991711683001665,-0.5539699151937533,-0.4468450191015601,0.06767884882147152,0.7001337783057177,0,0.5781914893617022
-0.2418345584061041,0.38736831742069494,-1.1142315622269232,-0.6802596229384719,-0.3957700202763248,-0.11086688472712292,0.324929107835541,-0.17847233197830026,-0.05810795724760882,-1.1529916181238324,-0.9460982482766065,-0.8246586104577844,-0.8162823544681505,-0.20555679572783447,-0.7021458269257832,-0.6289573929460311,0.4457732626265644,0,0.5781914893617022
-0.12815924381694285,1.5793551851809067,-1.4244829497026519,1.1143287911332653,0.1573529306211874,-1.0501677709187258,-0.9956564357459879,0.9597909564847764,0.32860642761863323,-0.7444648091690365,-0.7613928639182386,-0.8246586104577844,-0.14804083156520395,0.038332387898308805,-1.1011557544302657,-0.44763861838368446,0.28721118166173876,0,0.5781914893617022
-1.3217500470031398,-0.15444389519758306,-1.4244829497026519,-0.823826696064211,-0.6510575360751767,-0.11086688472712292,-0.6435002907909135,-1.199717899197453,0.32860642761863323,-1.2113525908316605,-0.8537455560974225,-0.8246586104577844,1.2791537331867908,-1.3669338606142312,-0.3662237113675948,-1.3399606553290848,-0.18564971828939922,0,0.5781914893617022
-0.41234753028984694,1.362630300133596,-1.4244829497026519,-0.6084760863756025,-0.2468523027269947,1.5798747104177624,-0.08591972794537911,-0.3274039771977379,0.006344440230099625,-0.2192160547985845,0.2544867500527883,-0.8246586104577844,2.294840531768627,-0.27523941962101883,-0.8985310637136475,-0.8964082177795867,0.7632105680595895,0,0.5781914893617022
-0.07132158652236226,1.0917241938244566,-0.3386030935376015,-0.6084760863756025,-0.2894002220268034,-1.0501677709187258,-1.0250027811589109,0.03428716119240084,-0.7026319320246761,-0.8028257818768645,-0.8537455560974225,-0.8246586104577844,0.0303584890287955,0.044139273222740666,-0.9695030175275744,-0.21904890276152708,-0.4101652653774759,0,0.5781914893617022
-0.014483929227780629,-1.4547932054814505,0.4887339397310084,-0.823826696064211,-0.2468523027269947,-0.768377505061245,-0.7315393270296822,0.3534264009483639,-0.31591754715843684,0.24767172686403935,-0.7613928639182386,1.2126230021958784,-0.20854147072316906,-0.17071548378124227,1.440003663826049,0.47023380365695033,-0.8306289574306461,0,0.5781914893617022
0.0991913853613806,-0.3169875589830667,-0.028351706061872647,-0.4649090132498635,-0.6297835764252746,0.170923381130358,-0.2913441458358392,-0.8273887861488294,-0.9604415219355041,1.1230863174814596,0.6238975187695258,1.2126230021958784,0.6087478652703932,0.06736681452046914,0.09906415507576856,0.12212512112253811,-0.6235245017750827,0,0.5781914893617022
-0.2986722157006852,0.6040932024680065,-0.9073973039097707,2.478215985827786,0.5828321236192738,-1.0501677709187258,-1.0836954719847565,0.8853251338750281,0.3930588250963417,0.1893107541562113,-0.2996294030223171,-0.8246586104577844,0.4844658505407936,-0.24039810767442665,-0.6905985042034706,-0.0021551019299016253,0.10847682889650481,1,3.697278911564626
0.1560290426559612,-0.20862511645941093,0.0750654230967034,-0.39312547668699394,0.4764623253697522,0.2648534697495183,2.4965586683918333,0.2470466543630429,-2.442846663922764,7.717876233466026,-0.576687479559869,1.2126230021958784,-1.5395555321983991,0.1370494384136525,-0.2654470767001379,1.9814462874380978,0.9540330303763297,0,0.5781914893617022
-0.5828605021735893,-0.1002626739357552,-0.4937287872754658,-0.32134194012412437,-0.37449606062642044,-0.3926571505846038,-0.5848075999650678,0.5023580461678606,1.3598447872619455,0.4227546449875235,-0.8537455560974225,-0.8246586104577844,0.31579740197919415,-0.6062318831136415,-0.403767947812333,-0.4670820629443571,-0.08530276210227161,0,0.5781914893617022
-0.2418345584061041,-0.046081452673927346,-0.08006027064116081,-0.4649090132498635,-0.1830304237772817,2.4252455079902053,2.7019830862822936,-0.17847233197830026,-0.5092747395915564,-0.6861038364612083,-0.8537455560974225,-0.8246586104577844,-0.5191114184007224,-0.25201187832329036,-0.4398681751630437,-0.06811573796779395,2.192951241398114,0,0.5781914893617022
-0.9238864459410739,1.7960800702282183,-1.0625229976476351,-0.39312547668699394,0.2637227288707091,0.3587835583686786,0.2662364170096953,-0.4018697998074862,1.8754639670836015,0.4811156176953516,1.1780136718446312,-0.8246586104577844,-0.1887283959112036,-0.7514040162244412,-0.9099488100385233,-1.3562265984999917,0.32560446116283925,0,0.5781914893617022
-0.2986722157006852,-0.046081452673927346,-0.13176883522044897,-0.4649090132498635,-0.14048250447747304,-0.20479697334628322,-0.2913441458358392,0.8853251338750281,0.7797732099625838,-0.04413313667510031,-1.315509016993344,-0.8246586104577844,-0.07480321574240403,-0.31008073156761,-0.5367687854202137,-0.08453322763729147,0.2641281851792772,0,0.5781914893617022
1.1791068739584163,-0.47953122276855,0.7472767626274489,-0.7520431595013414,1.2210509131164031,1.6738047990369227,0.0021193082933894966,0.8427732352409115,0.4575112225740473,1.1814472901892876,-0.4843347873806851,1.2126230021958784,2.1324971500280885,1.1532543701892497,-0.01350549003149691,0.925057210377207,0.5607435058151962,0,0.5781914893617022
-1.3217500470031398,-0.20862511645941093,-1.4244829497026519,-0.17777486699838554,-0.4170439799262291,-0.11086688472712292,-0.4380758729004535,-2.0294799225630515,1.7465591721281875,-0.39429897292206867,1.9168352092781062,-0.8246586104577844,0.4844658505407936,-1.3727407459386631,0.28985274697768326,-1.8640531908914775,-0.9381757212715145,0,0.5781914893617022
-1.1512370751193974,-0.3169875589830667,-1.4244829497026519,-0.823826696064211,-0.6936054553749854,1.0162941787028006,-0.4380758729004535,-2.412447010270278,0.9086780049179978,-1.0362696727081766,1.7321298249197383,-0.8246586104577844,2.845824130403186,-1.2101479568545679,0.35636620103523237,-1.8529505109089315,-0.6782995073669402,0,0.5781914893617022
-0.07132158652236226,0.5770025918370925,-0.9073973039097707,-0.32134194012412437,-0.31067418167670774,0.8284340014644801,0.3542754532484639,-0.18911030663678513,-0.1225603547253144,0.5394765904031796,0.43919213441115784,-0.8246586104577844,0.2384910297217951,-0.011026137359363551,-0.5511131277259992,-0.3641735241278322,0.4130172087546891,0,0.5781914893617022
-1.3217500470031398,0.27900587489703926,-0.3903116581168895,-0.10599133043551597,-0.26812626237689907,-0.11086688472712292,0.06081199911923523,-1.0986571399413745,1.7465591721281875,0.0725888087405558,1.9168352092781062,-0.8246586104577844,-0.5191114184007224,-1.3204787780187752,-0.10906954014718799,-1.3529039380217212,-0.5850026699700168,0,0.5781914893617022
0.4402173291288653,-1.346430762957795,0.9541110209446017,4.631722082713871,0.5615581639693695,-1.2380279481570464,-1.1423881628106023,1.2097833609602926,-0.8315367269800901,-0.33593800021424064,0.43919213441115784,1.2126230021958784,-0.3026535760800032,0.30544911282218057,1.64211065093386,1.383373293956767,-0.40144392503760074,0,0.5781914893617022
0.9517562447800928,-1.2922495416959674,0.6438596334688729,0.25292635237883154,0.22117480957090044,-0.5805173278229244,-0.6435002907909135,2.0555023463136775,1.1020351973511173,1.473252153728428,-0.6690401717390546,1.2126230021958784,0.0303584890287955,0.8338756773454901,1.0898249067587602,1.0891773093570067,-0.34851704090718955,0,0.5781914893617022
-0.41234753028984694,0.8208180875153179,-1.3210658205440755,-0.8956102326270804,-0.33194814132661205,-0.6744474164420847,-0.8195783632684508,-0.1252824586855807,-0.8959891244577985,2.4653886897615043,-1.1308036326349762,-0.8246586104577844,0.4549488720425143,-0.3333082728653385,-0.9175311833719161,-0.06183947287781233,-0.2325456302320507,0,0.5781914893617022
2.543210649028356,0.4686401493134368,1.9882823125303641,2.334648912702047,-0.09793458517766435,-0.8623075936804053,-0.1739587641841477,2.9065403189963637,-1.5405130992348686,0.4227546449875235,-0.3919820952015011,1.2126230021958784,-1.3849427876835996,2.648527341230485,-0.6423353039117642,2.4735000221154513,0.2500148884684387,1,3.697278911564626
-0.07132158652236226,1.362630300133596,-1.4244829497026519,-0.24955840356125478,0.029709172721761382,-0.2987270619654435,-0.6435002907909135,0.5661858941190651,0.3930588250963417,-1.1529916181238324,-0.7613928639182386,-0.8246586104577844,0.779635635523593,0.07317369984489996,-1.0406519587574963,-0.6899874546116119,0.3681149969613227,0,0.5781914893617022
-0.5260228448790082,1.1459054150862844,-1.0625229976476351,-0.6084760863756025,-0.03411270622795163,-0.11086688472712292,0.0021193082933894966,-0.9124925834170626,-1.2182511118463322,-1.0362696727081766,-0.3919820952015011,-0.8246586104577844,-0.43793972753045257,-0.41460466740738555,-0.9191333556241806,-0.6499271480583108,0.2364775069267076,0,0.5781914893617022
-0.696535816762751,1.6877176277045625,-1.3210658205440755,1.3296794008218744,0.17862689027109174,-1.0501677709187258,-1.0250027811589109,0.14066690777772187,0.6508684150071697,-0.5110209183377248,0.5315448265903419,-0.8246586104577844,0.0303584890287955,-0.5307423738960263,-0.9612857446420999,-0.8943858611554588,-0.14438241345747874,0,0.5781914893617022
-0.7533734740573317,0.38736831742069494,-0.8039801747511945,-0.24955840356125478,-0.09793458517766435,-0.2987270619654435,-0.5848075999650678,-0.07209258539292018,1.3598447872619455,-0.2192160547985845,-0.20727671084313318,-0.8246586104577844,0.5477165187513939,-0.7281764749267132,-0.5677769807025079,-0.8901486572311594,-0.12424888462155971,1,3.697278911564626
1.4064575031367397,1.9586237340137018,0.12677398767599157,0.03757574269022316,0.9444894376676474,-0.8623075936804053,0.3542754532484639,0.5980998180946377,-2.0561322790565217,3.0489984168397837,-0.20727671084313318,1.2126230021958784,-1.7096295511646786,1.646839622765968,-1.126011597455947,1.3934506733667762,0.2154495853151313,0,0.5781914893617022
-0.3555098729952658,0.76663686625349,-0.23518596437902517,-0.32134194012412437,0.008435213071857043,0.07699329251119767,1.4107438881136871,-0.28485207856362127,0.0707968377078052,-1.0362696727081766,-0.8537455560974225,-0.8246586104577844,-1.3172997119583747,-0.2810463049454497,-0.8520573381972734,-0.4346349133956066,1.00752807499853,0,0.5781914893617022
-0.18499690111152348,0.4957307599443507,0.2818996814138561,0.10935927925309273,0.008435213071857043,-0.016936796107962622,-0.32069049124876203,0.2470466543630429,0.006344440230099625,-0.45265994562989675,0.2544867500527883,-0.8246586104577844,0.34086973892754036,-0.13587417183465111,-0.5417701072399385,-0.07141684474347684,-0.05275578990881828,0,0.5781914893617022
0.3833796718342847,-0.37116878024489425,-0.23518596437902517,0.18114281581596198,0.0935310516714744,1.110224267321961,1.64551465141707,0.8321352605823676,-1.3471559068017462,-0.5693818910455523,-1.1308036326349762,1.2126230021958784,-0.7189186574660017,0.35190419541763646,-0.2654470767001383,0.6635004644166999,1.5428337858911365,0,0.5781914893617022
0.6107303010126082,-0.15444389519758306,0.3336082459931442,0.7554111083189182,-0.11920854482757076,-1.0501677709187258,-0.9956564357459879,1.0448947537530686,-0.1225603547253144,-0.8028257818768645,0.2544867500527883,1.2126230021958784,-0.14804083156520395,0.6074071496926434,-0.12435978816569924,0.4512113040998266,-0.6704254372100995,0,0.5781914893617022
-0.5260228448790082,-0.3169875589830667,0.9541110209446017,-0.24955840356125478,0.5615581639693695,-0.8623075936804053,-0.8195783632684508,-0.1412394206734261,0.0707968377078052,-0.16085508209075644,0.06978136569442037,1.2126230021958784,-0.1944246549196436,-0.5713905711670494,-0.02958686790396315,0.10739770800032984,-0.8183498662004729,0,0.5781914893617022
0.9517562447800928,-0.6420748865540336,0.9024024563653135,2.6217830589535254,-0.3532221009765164,-0.9562376822995656,-0.9956564357459879,0.15130488243626578,-0.6381795345469705,-0.9779087000003487,1.2703663640238168,1.2126230021958784,0.31579740197919415,0.9035583012386745,0.6194209350141148,0.7171064158420648,-0.9498717040524549,1,3.697278911564626
0.5538926437180275,-0.750437329077689,0.8506938917860253,-0.32134194012412437,0.41264044642003916,1.6738047990369227,2.2617879050884504,0.5661858941190651,-1.089346316890918,3.282442307671096,-0.8537455560974225,1.2126230021958784,-0.7009360059501263,0.48546255787957127,0.1738356897990315,1.4565034095643643,1.4694732799363537,0,0.5781914893617022
1.804321104198805,-1.8882429755760732,1.2126538438410421,1.0425452545703962,0.34881856747032614,-1.1440978595378861,-0.7315393270296822,1.5236036133870723,-0.18701275220302285,1.8234179899753957,-0.2996294030223171,1.2126230021958784,-1.3378867350051824,1.641032737441536,3.3737091751802377,1.8725025917515645,-0.9036741576413879,0,0.5781914893617022
-0.5828605021735893,1.1188148044553705,-1.4244829497026519,-0.24955840356125478,-0.16175646412737738,0.170923381130358,-0.5848075999650678,0.4864010841800743,0.6508684150071697,-0.33593800021424064,-0.9460982482766065,-0.8246586104577844,1.70731210261239,-0.47557696331392163,-0.9921357348464235,-0.7806598079264839,0.5510025336612989,0,0.5781914893617022
-0.2986722157006852,0.1706434323733841,-0.4420202226961777,-0.32134194012412437,-0.14048250447747304,-0.11086688472712292,1.6748609968299928,-0.28485207856362127,0.13524923518551366,-0.6861038364612083,-0.8537455560974225,-0.8246586104577844,-1.5395555321983991,-0.28685319026988254,-0.5713761462263459,-0.3661320106865768,0.921307519807217,0,0.5781914893617022
-0.696535816762751,0.8208180875153179,-1.0625229976476351,-0.4649090132498635,-0.26812626237689907,-0.016936796107962622,0.0901583445321581,0.0608820978387311,0.4575112225740473,-0.8028257818768645,-0.8537455560974225,-0.8246586104577844,-0.42998171862160267,-0.6236525390869376,-0.8730709033715676,-0.8094900610676485,0.5481772805319103,0,0.5781914893617022
1.1791068739584163,-1.5631556480051063,0.9541110209446017,-0.5366925498127328,-0.26812626237689907,-0.9562376822995656,-0.7902320178555279,0.459806147533744,-0.38036994463614243,2.115222853514536,0.3468394422319739,1.2126230021958784,-0.6118790651096021,1.0371166637006104,2.253968789986276,1.1946309317775974,-1.4179894154864794,1,3.697278911564626
-0.2418345584061041,0.6582744237298342,-1.3727743851233638,-0.03420779387264641,-0.20430438342718604,0.07699329251119767,-0.2913441458358392,-0.2316622052709608,0.19970163266321922,0.4811156176953516,1.1780136718446312,-0.8246586104577844,0.43786009501719425,-0.17652236910567415,-0.46700034603505136,-0.6616638288955049,-0.2118409244918496,1,3.697278911564626
-1.0375617605302356,0.27900587489703926,-1.4244829497026519,-0.24955840356125478,0.17862689027109174,-1.2380279481570464,-1.0250027811589109,-0.6199482803074298,2.0043687620390154,-0.2192160547985845,0.9933082874862633,-0.8246586104577844,-0.9686777062976011,-1.030134511797176,-0.2828223585393549,-1.447327318660384,-0.9970127872463771,0,0.5781914893617022
-0.8670487886464934,1.5522645745499928,-1.4244829497026519,-0.9673937691899499,3.816473990404731,-0.016936796107962622,-0.555461254552145,-1.0773811906243456,0.0707968377078052,-0.8611867545846925,-0.576687479559869,-0.8246586104577844,1.1155184942971228,-0.7194661469400649,-1.0691871077902824,-0.8155375378820655,0.4850252621767221,0,0.5781914893617022
-1.0375617605302356,-1.021343435386828,-0.028351706061872647,0.18114281581596198,-0.43831793957613346,-0.768377505061245,-0.11526607335830197,-1.540133088270563,-0.6381795345469705,-0.5693818910455523,1.4550717483821847,-0.8246586104577844,-1.2865528593559996,-1.169499759583544,1.2758426299786083,-0.549082487949041,-1.1069865880058045,0,0.5781914893617022
-0.12815924381694285,0.08937160048064231,-0.4937287872754658,-0.4649090132498635,-0.16175646412737738,-0.2987270619654435,-0.37938318207460775,0.2470466543630429,-0.05810795724760882,-0.39429897292206867,-1.315509016993344,-0.8246586104577844,-0.05527318485632425,-0.12135695852357095,-0.6167784636142071,-0.1339861224046318,0.15037012241263195,0,0.5781914893617022
-0.46918518758442757,0.27900587489703926,-0.3903116581168895,-0.39312547668699394,-0.31067418167670774,1.6738047990369227,-0.11526607335830197,-0.9550444820511792,-1.3471559068017462,-1.3280745362473168,-1.0384509404557904,-0.8246586104577844,2.5506543454203867,-0.44944597935397773,-0.665078559002121,-0.35675628142860766,0.8028024185771395,0,0.5781914893617022
-0.12815924381694285,0.1706434323733841,0.023356858517415518,-0.6084760863756025,5.965143915045067,-0.016936796107962622,0.23689007159677242,0.03428716119240084,-1.2827035093240406,3.6326081439180644,-1.0384509404557904,1.2126230021958784,-0.6118790651096021,-0.11264663053692264,-0.6073678014647229,1.5177783742110662,0.7156952252967896,0,0.5781914893617022
-0.014483929227780629,-1.021343435386828,0.6438596334688729,-0.10599133043551597,-0.48086585887594213,0.7345039128453198,0.0021193082933894966,-0.6359052422952162,0.19970163266321922,1.1814472901892876,0.5315448265903419,1.2126230021958784,0.779635635523593,-0.12426040118578636,0.9794407633096188,0.17018618317745293,-0.3622175503358605,0,0.5781914893617022
-2.1174772491272713,-0.046081452673927346,-0.6488544810133302,-0.32134194012412437,-0.7148794150248897,-0.768377505061245,0.5010071803130782,-1.7741685307582928,3.8090358914148092,-0.5693818910455523,2.4709513623532118,-0.8246586104577844,-1.6680030430260784,-2.1682840353858452,0.2578162186885781,-2.4512569762632093,-0.9366043855651914,0,0.5781914893617022
-1.5491006761814632,0.7124556449916621,-1.4244829497026519,-0.24955840356125478,-0.012838746578047294,-1.2380279481570464,-1.0836954719847565,-1.5720470122461356,2.5844403393383772,-0.16085508209075644,2.1938932858156597,-0.8246586104577844,-0.6962132893904018,-1.506299108400599,-0.3265238249834452,-2.1059134486420756,-1.4142398301887278,1,3.697278911564626
0.3833796718342847,1.5793551851809067,-0.7005630455926182,0.03757574269022316,0.029709172721761382,-0.6744474164420847,-0.7315393270296822,0.8853251338750281,0.5219636200517557,-0.16085508209075644,-0.576687479559869,-0.8246586104577844,0.0737948453473348,0.5609520670971875,-1.0765760874382029,-0.20974844118093167,0.13040256502611683,0,0.5781914893617022
-1.208074732413978,-0.9129809928631726,-0.18347739979973715,-0.24955840356125478,0.1573529306211874,0.2648534697495183,-0.1739587641841477,-1.1358900512462486,1.682106774650479,-0.5110209183377248,1.1780136718446312,-0.8246586104577844,0.47041014649399415,-1.332092548667639,0.9942608566430685,-1.1013886769985506,-0.5705574760599965,0,0.5781914893617022
-0.2418345584061041,0.8749993087771452,-0.3386030935376015,-0.32134194012412437,-0.16175646412737738,1.5798747104177624,2.731329431695216,-0.28485207856362127,-0.38036994463614243,-0.8611867545846925,-0.4843347873806851,-0.8246586104577844,-0.9474216170353372,-0.1532948278079467,-0.835054142211849,-0.3425379653645973,2.0126350828861583,0,0.5781914893617022
-0.2418345584061041,0.22482465363521137,0.17848255225527973,-0.39312547668699394,-0.1830304237772817,-0.5805173278229244,0.9118560160939984,0.018330199204614497,-0.1225603547253144,0.1893107541562113,-0.8537455560974225,-0.8246586104577844,-1.6452401930059835,-0.22297745170113004,-0.6013691922583266,0.04210532459481484,0.36552832607078384,0,0.5781914893617022
-0.696535816762751,-1.671518090528762,1.1092367146824658,-0.5366925498127328,-1.0339888097734544,-0.768377505061245,-0.8782710540942965,-1.752892581441205,0.5219636200517557,-0.5693818910455523,1.8244825170989223,-0.8246586104577844,0.41887256498906084,-0.8907692640108089,3.3991578202982815,-0.5758628003416876,-2.023337530743227,0,0.5781914893617022
-0.9807241032356551,1.4709927426572516,-1.2693572559647877,3.770319643959437,-0.1830304237772817,-0.9562376822995656,-1.0543491265718337,-0.2316622052709608,1.3598447872619455,-0.9195477272925205,1.6397771327405526,-0.8246586104577844,0.779635635523593,-0.8443141814153535,-0.744136091370557,-1.1779114687131595,-0.11648467262311182,0,0.5781914893617022
0.6675679583071887,0.3331870961588671,0.8506938917860253,-0.17777486699838554,-0.3532221009765164,0.4527136469878389,0.5890462165518469,1.3108441202163712,0.9731304023957034,-0.16085508209075644,-0.8537455560974225,1.2126230021958784,-0.46181375425700244,0.7177379708568509,-0.65830514404785,0.39574454251387725,0.7405355221724564,0,0.5781914893617022
-0.8102111313519123,-0.1002626739357552,-0.23518596437902517,-0.39312547668699394,-0.33194814132661205,-0.2987270619654435,-0.7608856724426051,-1.2529077724901134,0.5864160175294613,1.0647253447736316,0.7162502109487098,-0.8246586104577844,1.3699752054891912,-0.8385072960909206,-0.0678458322541454,-0.6805120993817495,-0.9088082534918718,0,0.5781914893617022
-1.2649123897085592,-1.1297058779104838,-0.13176883522044897,-0.5366925498127328,-0.03411270622795163,-1.0501677709187258,-0.4674222183133764,-1.1146141019292197,0.32860642761863323,-1.2697135635394887,-0.2996294030223171,-0.8246586104577844,-1.452585863408824,-1.413388943209687,0.899782761642328,-0.7695607287927229,-0.8378497080423142,0,0.5781914893617022
1.3496198458421582,-0.6962561078158611,0.4887339397310084,-0.4649090132498635,-0.14048250447747304,0.07699329251119767,-0.555461254552145,0.002373237216769102,-1.2182511118463322,-0.04413313667510031,0.7162502109487098,1.2126230021958784,1.3394404001461424,1.304233388624481,0.5407660006395141,0.789174689190291,-0.8017132080616873,0,0.5781914893617022
-1.6627759907706245,1.1459054150862844,-0.9591058684890589,-0.6084760863756025,0.029709172721761382,-0.016936796107962622,-0.6435002907909135,-1.4443913163437267,2.326630749427549,-0.5693818910455523,1.0856609796654473,-0.8246586104577844,1.5289127820183905,-1.5759817322937824,-0.7012379293161666,-1.9968436069115687,-0.4370856474016317,0,0.5781914893617022
-0.7533734740573317,-0.4253500015067221,0.3336082459931442,0.10935927925309273,-0.11920854482757076,-0.016936796107962622,0.7064315982035383,0.6725656407043861,1.5532019796950651,-0.33593800021424064,-0.8537455560974225,-0.8246586104577844,-1.0241797171490672,-0.8152797547931926,-0.15347303818074215,-0.28856832924565223,0.6083877941822947,0,0.5781914893617022
-0.696535816762751,0.7124556449916621,-1.4244829497026519,-0.10599133043551597,-0.7574273343246984,-0.9562376822995656,-1.0836954719847565,-1.8911862520021578,0.2641540301409277,0.014227836032727747,2.101540593636474,-0.8246586104577844,1.0748054205063917,-0.6352663097358013,-0.34179301205427237,-1.3995596784841795,-1.4555078597298272,1,3.697278911564626
1.2927821885475774,-0.2628063377212388,1.8848651833717878,-0.24955840356125478,0.49773628501965655,-0.9562376822995656,-0.8195783632684508,0.14066690777772187,-0.31591754715843684,0.014227836032727747,1.1780136718446312,1.2126230021958784,-0.5191114184007224,1.2926196179756173,0.1754506999699841,0.9565972937768856,-1.3742201477455467,0,0.5781914893617022
-0.2418345584061041,0.08937160048064231,-1.1142315622269232,1.0425452545703962,-0.012838746578047294,1.0162941787028006,0.38362179866138674,-0.1252824586855807,0.32860642761863323,0.0725888087405558,0.2544867500527883,-0.8246586104577844,0.4070442675944861,-0.2374946650122102,-0.3024293279542511,-0.4128756327289882,0.7810735365282581,0,0.5781914893617022
-0.5828605021735893,0.8749993087771452,0.2301911168345679,-0.24955840356125478,-0.3957700202763248,1.767734887656083,1.64551465141707,-0.22102423061241686,0.13524923518551366,-0.8611867545846925,-0.8537455560974225,-0.8246586104577844,-0.28184032201070336,-0.5017079472738655,-0.8934753797002297,-0.42791522343046695,1.7027893701684864,0,0.5781914893617022
-0.07132158652236226,-0.8046185503395168,0.2301911168345679,-0.03420779387264641,-0.16175646412737738,0.7345039128453198,0.6770852527906154,-0.26357612924653345,-0.2514651496807284,1.1230863174814596,0.5315448265903419,1.2126230021958784,-0.2721665560348314,-0.15910171313237856,0.6362386019034201,0.2629008442378251,0.11633530826147129,0,0.5781914893617022
-0.8670487886464934,-0.1002626739357552,-1.3727743851233638,-0.32134194012412437,-0.2894002220268034,-0.6744474164420847,-0.6728466362038364,-0.49761157173426335,0.13524923518551366,-0.5693818910455523,-0.8537455560974225,-0.8246586104577844,-0.1294873022234278,-0.8965761493352408,-0.403767947812333,-0.8200178993282276,-0.2285235110271479,0,0.5781914893617022
-1.1512370751193974,0.22482465363521137,0.023356858517415518,-0.32134194012412437,-0.8425231729243156,-0.2987270619654435,0.031465653706312366,-1.5933229615632234,0.6508684150071697,-0.33593800021424064,2.1938932858156597,-0.8246586104577844,-0.7444042746937156,-1.1520791036102478,-0.01792551786778863,-1.1825579617569113,-0.9718016526750788,0,0.5781914893617022
0.8949185874855122,-0.9671622141250005,0.5404425043102966,-0.7520431595013414,-0.6297835764252746,1.3920145331794418,-0.027227037119533372,0.013011211875313015,-0.31591754715843684,0.9480033993579754,0.16213405787360433,1.2126230021958784,1.8158699870589508,0.8106481360477626,0.7711125941651292,0.5799605328144094,-0.0856315816410044,1,3.697278911564626
-1.5491006761814632,0.4957307599443507,-1.2693572559647877,-0.7520431595013414,-0.16175646412737738,-0.9562376822995656,-1.0250027811589109,-0.9337685327341504,2.2621783519498435,-0.2192160547985845,-0.2996294030223171,-0.8246586104577844,0.5298765866919938,-1.5295266496983269,-0.6392958827245739,-1.7114658395153557,-0.6237216463698677,0,0.5781914893617022
0.32654201453970405,-1.5631556480051063,0.5921510688895848,-0.6802596229384719,-0.2894002220268034,-1.2380279481570464,-1.1130418173976795,0.13002893311917796,-1.2182511118463322,-0.39429897292206867,-0.8537455560974225,1.2126230021958784,-0.5191114184007224,0.16608386503581282,1.7080953522042193,0.7046514397944396,-1.1900365347153978,0,0.5781914893617022
-0.2418345584061041,-0.8587997716013447,-0.23518596437902517,-0.5366925498127328,-0.22557834307709038,0.6405738242261595,0.031465653706312366,-0.2316622052709608,-0.18701275220302285,0.0725888087405558,-1.0384509404557904,-0.8246586104577844,0.5808478211474221,-0.33911515818977034,0.2520545607813955,-0.011823110366155399,0.268750340542247,0,0.5781914893617022
-0.9238864459410739,-0.37116878024489425,-0.18347739979973715,-0.6084760863756025,-0.22557834307709038,0.170923381130358,-0.40872952748753066,-1.0295103046609275,0.5219636200517557,-0.33593800021424064,0.16213405787360433,-0.8246586104577844,0.9706278493359923,-0.9836794292017201,0.041264420113859654,-0.7620482176448123,-0.4152258868560267,0,0.5781914893617022
-0.6396981594681699,0.4957307599443507,-1.1142315622269232,0.10935927925309273,-0.22557834307709038,-0.11086688472712292,1.0879340885715356,0.38534032492399567,1.295392389784237,-0.6861038364612083,-0.8537455560974225,-0.8246586104577844,-1.3212787164127995,-0.6004249977892092,-0.7368216582092092,-0.8126038407493267,1.021104459179922,0,0.5781914893617022
-1.5491006761814632,0.4686401493134368,-1.4244829497026519,-0.6802596229384719,0.029709172721761382,-0.016936796107962622,0.324929107835541,-1.2954596711242892,1.7465591721281875,-0.8028257818768645,-0.4843347873806851,-0.8246586104577844,-0.7062190448135474,-1.5324300923605427,-0.6587217485731394,-1.7264192346553098,0.34557646377705775,0,0.5781914893617022
-0.9807241032356551,0.6040932024680065,0.17848255225527973,2.5499995223906553,-0.09793458517766435,-0.8623075936804053,0.031465653706312366,0.23640867970449897,0.2641540301409277,0.13094978144838387,-0.11492401866394757,-0.8246586104577844,-1.5395555321983991,-0.9372243466062647,-0.6591058058698903,-0.09644591908255458,0.3746310575723785,0,0.5781914893617022
-0.5828605021735893,-0.5337124440303778,-0.18347739979973715,-0.03420779387264641,-0.20430438342718604,1.0162941787028006,0.5596998711389239,-0.13592043334412462,1.8754639670836015,-0.39429897292206867,0.6238975187695258,-0.8246586104577844,0.14964639294836507,-0.652686965709098,0.3204635899711207,-0.7690928030381505,0.3652750841544788,0,0.5781914893617022
-0.2986722157006852,1.850261291490046,-0.08006027064116081,0.898978181444657,0.41264044642003916,1.3920145331794418,0.5596998711389239,-0.029540686758803586,-0.31591754715843684,-1.1529916181238324,-1.1308036326349762,-0.8246586104577844,0.537332080686967,-0.10683974521249079,-1.2152958172439816,-0.26263069941238804,1.7072841572109356,0,0.5781914893617022
-0.18499690111152348,1.0104523619317147,-0.2868945289583133,-0.17777486699838554,-0.26812626237689907,-0.2987270619654435,0.9705487069198441,0.07683905982651744,-0.444822342113848,-0.6861038364612083,-0.8537455560974225,-0.8246586104577844,-1.4250275732985473,-0.0807087612525469,-0.9419895192229233,-0.1971533797229801,0.7700469341498455,0,0.5781914893617022
-0.18499690111152348,0.22482465363521137,-0.23518596437902517,0.46827696206744024,-0.31067418167670774,0.07699329251119767,2.085709832610913,0.0076922245460705856,-0.31591754715843684,-0.5110209183377248,-1.0384509404557904,-0.8246586104577844,-1.5395555321983991,-0.1649085984568104,-0.6367294149486622,-0.022190820273607588,1.3579754642517337,0,0.5781914893617022
-0.7533734740573317,-1.617336869266934,0.6438596334688729,-0.6802596229384719,-0.5234137781757509,0.4527136469878389,0.5596998711389239,-0.8167508114902855,1.2309399923065314,-0.16085508209075644,0.6238975187695258,-0.8246586104577844,-0.4318821386595372,-0.9430312319306962,2.582588250858416,-0.48912358835737163,-0.3987846349557076,0,0.5781914893617022
-0.18499690111152348,1.0646335831935427,-0.18347739979973715,0.18114281581596198,-0.09793458517766435,-0.5805173278229244,0.41296814407430965,0.0608820978387311,0.2641540301409277,-0.5693818910455523,-0.3919820952015011,-0.8246586104577844,-1.4198553428966187,-0.07490187592811504,-0.8909572229119372,-0.33477276407782475,0.37095078189518155,0,0.5781914893617022
1.4064575031367397,-0.6962561078158611,0.6955681980481608,-0.24955840356125478,-0.07666062552776001,-0.8623075936804053,-0.9076173995072193,0.8853251338750281,-1.4760607017571603,0.0725888087405558,-1.0384509404557904,1.2126230021958784,0.20665899408639496,1.3623022418688007,0.06207698596909549,1.2862575195041717,-0.6378660275994066,0,0.5781914893617022
0.04235372806679999,1.0104523619317147,-0.3903116581168895,-0.10599133043551597,-0.2468523027269947,-0.5805173278229244,-0.2913441458358392,0.3268314643020337,0.006344440230099625,-0.10249410938292837,-0.9460982482766065,-0.8246586104577844,-0.7583542967552015,0.15156665172473266,-0.9560841534421479,-0.14332037963929928,0.1911035185716826,0,0.5781914893617022
0.6675679583071887,-0.8587997716013447,1.2643624084203304,-0.39312547668699394,-0.11920854482757076,-0.9562376822995656,-0.6435002907909135,0.6725656407043861,-0.8315367269800901,-0.8611867545846925,-0.8537455560974225,1.2126230021958784,-0.9686777062976011,0.5899864937193469,0.30652841735839936,0.8836951536746768,-0.6768479927669345,0,0.5781914893617022
-0.696535816762751,-0.046081452673927346,-1.2693572559647877,0.03757574269022316,-0.2468523027269947,0.4527136469878389,1.2933585064619957,0.3800213375946942,1.2309399923065314,-0.33593800021424064,-0.576687479559869,-0.8246586104577844,-0.9849663399170534,-0.7165627042778495,-0.3817278090087419,-0.7592203292057075,1.121832532703212,0,0.5781914893617022
-0.46918518758442757,0.3331870961588671,-0.2868945289583133,-0.5366925498127328,-0.11920854482757076,2.5191755966093656,0.3542754532484639,-0.9284495454048489,-1.3471559068017462,-1.3864355089551448,-1.1308036326349762,-0.8246586104577844,2.186611610608268,-0.4436390940295459,-0.7095475006584214,-0.32409102578030136,1.337464977866836,0,0.5781914893617022
-0.41234753028984694,-0.5878936652922057,-1.0108144330683468,0.10935927925309273,-0.07666062552776001,-0.11086688472712292,0.0021193082933894966,0.03428716119240084,-0.6381795345469705,-0.39429897292206867,-0.3919820952015011,-0.8246586104577844,-0.43793972753045257,-0.4842872913005699,0.11846391250922006,-0.1574383818294885,0.13135655340672478,0,0.5781914893617022
-0.6396981594681699,0.27900587489703926,1.3677795375789066,-0.32134194012412437,0.5615581639693695,-1.2380279481570464,-1.1423881628106023,0.24172766703380047,0.13524923518551366,-0.5110209183377248,-0.11492401866394757,1.2126230021958784,-0.3026535760800032,-0.6236525390869372,-0.49132574060995443,0.12591209401360984,-0.8933174729456368,0,0.5781914893617022
-0.5260228448790082,0.38736831742069494,-0.08006027064116081,3.4114019611450894,-0.37449606062642044,1.8616649762752433,2.144402523436759,0.7789453872897071,0.3930588250963417,-0.9779087000003487,-0.9460982482766065,-0.8246586104577844,-0.5352115884906931,-0.4959010619494336,-0.7021458269257832,0.022797808838924773,2.7149852379473747,0,0.5781914893617022
-0.5260228448790082,-0.9129809928631726,0.0750654230967034,0.03757574269022316,-0.012838746578047294,0.9223640900836404,0.7064315982035383,-0.15187739533197,0.5219636200517557,0.13094978144838387,0.5315448265903419,-0.8246586104577844,-0.1222720408127371,-0.6352663097358009,0.7983062892341257,-0.18137676129497365,0.31436365281420525,0,0.5781914893617022
-0.41234753028984694,2.01280495527553,-1.1142315622269232,-0.03420779387264641,-0.1830304237772817,-1.0501677709187258,-1.1130418173976795,-0.01890271210025967,0.5219636200517557,-0.5693818910455523,-0.576687479559869,-0.8246586104577844,0.779635635523593,-0.20555679572783447,-1.1836341925591867,-0.8940785990662292,-0.13823552546517018,0,0.5781914893617022
3.3957755084470684,-1.1838870991723116,2.4019508291646687,-0.5366925498127328,-0.26812626237689907,-0.9562376822995656,-0.9663100903330651,2.1618820928989986,-2.8940134462667144,0.7729204812344919,-1.8696251700684494,1.2126230021958784,0.1302621085614355,3.342450137500107,0.44974194352052116,3.1101569463488876,-0.7874275850744602,0,0.5781914893617022
-0.07132158652236226,-1.1297058779104838,0.7472767626274489,-0.17777486699838554,0.22117480957090044,-1.2380279481570464,-1.1423881628106023,-0.8912166341000338,-0.2514651496807284,-0.6277428637533803,1.7321298249197383,1.2126230021958784,-0.3026535760800032,-0.19394302507897074,1.5926221249810917,-0.008214607126565302,-1.8679342824451068,0,0.5781914893617022
2.3726976771446133,-0.37116878024489425,1.8331566187924995,-0.39312547668699394,-0.3532221009765164,-0.9562376822995656,-0.9663100903330651,1.0980846270457292,-2.0561322790565217,1.2398082628971157,-0.20727671084313318,1.2126230021958784,0.1302621085614355,2.3843140589688305,-0.046367436118711636,2.070376891116294,-1.1337703611980663,0,0.5781914893617022
0.21286669995054183,-1.1838870991723116,0.9541110209446017,-0.823826696064211,-0.6085096167753682,-0.4865872392037641,-0.6728466362038364,-0.07209258539292018,0.32860642761863323,0.5978375631110077,-0.2996294030223171,1.2126230021958784,0.39001151934629846,0.09059435581819657,1.0023880046001212,0.33388676432357084,-0.9640840932478201,0,0.5781914893617022
0.6107303010126082,-0.723346718446775,0.9541110209446017,1.4732464739476128,0.13607897097128308,-1.2380279481570464,-1.1130418173976795,-0.1837913193075427,-0.2514651496807284,-0.10249410938292837,1.6397771327405526,1.2126230021958784,-0.5191114184007224,0.5464348537861073,0.8316150222114137,0.5414309400239942,-1.449584148373402,1,3.697278911564626
-0.41234753028984694,-0.5878936652922057,-0.13176883522044897,0.9707617180075265,0.34881856747032614,1.110224267321961,1.2346658156361499,0.5874618434360938,-1.0248939194132125,-0.5110209183377248,-1.2231563248141601,-0.8246586104577844,-0.44695880429381585,-0.4842872913005699,-0.0974860189210439,0.45899096345358453,1.5251151671340657,0,0.5781914893617022
-0.7533734740573317,0.06228098984972839,-0.9591058684890589,-0.39312547668699394,-0.14048250447747304,-0.5805173278229244,-0.9369637449201422,-1.034829291990229,0.7797732099625838,-0.39429897292206867,0.9933082874862633,-0.8246586104577844,1.5913525442262901,-0.7630177868733049,-0.13481069842751,-1.0804998084448405,-0.9494597878526884,0,0.5781914893617022
-0.5260228448790082,-0.9671622141250005,0.2818996814138561,-0.10599133043551597,-0.4170439799262291,-0.6744474164420847,-0.6435002907909135,-1.082700177953588,0.32860642761863323,-0.33593800021424064,1.3627190562030007,-0.8246586104577844,-0.2194005598028038,-0.6410731950602332,1.1454258086442533,-0.4675292230267003,-1.3108102321922506,0,0.5781914893617022
-0.8670487886464934,0.44154953868252284,-0.3903116581168895,-0.5366925498127328,-0.22557834307709038,-0.4865872392037641,0.5010071803130782,0.19385678107038237,1.4887495822173595,-0.45265994562989675,-1.0384509404557904,-0.8246586104577844,-1.3682921844281593,-0.8385072960909206,-0.7445491103650953,-0.7844889542716146,0.4646612925866321,0,0.5781914893617022
-0.6396981594681699,-0.6420748865540336,0.12677398767599157,-0.32134194012412437,-0.09793458517766435,1.767734887656083,0.7064315982035383,0.14066690777772187,0.8442256074402894,-0.8028257818768645,-0.9460982482766065,-0.8246586104577844,0.68944486788996,-0.7223695896022808,0.02950892720461321,-0.336782571939633,1.1242724067476415,0,0.5781914893617022
-0.46918518758442757,0.27900587489703926,-0.7005630455926182,-0.24955840356125478,-0.22557834307709038,1.0162941787028006,0.3542754532484639,-0.2316622052709608,-0.18701275220302285,-0.39429897292206867,-0.576687479559869,-0.8246586104577844,0.4549488720425143,-0.44944597935397773,-0.5782021498060377,-0.4263538800721006,0.773650367072129,0,0.5781914893617022
-0.6396981594681699,1.0917241938244566,-1.3210658205440755,-0.03420779387264641,-0.2468523027269947,-0.016936796107962622,-0.1739587641841477,0.2470466543630429,0.8442256074402894,-0.8028257818768645,-1.0384509404557904,-0.8246586104577844,0.006571912949595308,-0.5365492592204577,-0.9971130544227678,-0.910919597123553,0.6763885606651987,0,0.5781914893617022
-0.696535816762751,0.8208180875153179,-1.4244829497026519,-0.24955840356125478,-0.31067418167670774,-0.3926571505846038,-0.7608856724426051,0.08747703448506136,1.1020351973511173,-0.9195477272925205,-1.0384509404557904,-0.8246586104577844,1.0748054205063917,-0.6236525390869376,-0.9027110900384666,-1.0658403568531698,0.18920298898481752,0,0.5781914893617022
0.1560290426559612,1.0646335831935427,-0.18347739979973715,2.908917205205003,0.6253800429190802,1.3920145331794418,2.5259050138047563,2.4810213326550796,0.0707968377078052,2.4070277170536762,-1.0384509404557904,1.2126230021958784,-0.9649499593001145,0.27351124353780376,-0.9882588012115507,1.1381538317090123,2.9663936151060506,0,0.5781914893617022
-0.2418345584061041,0.27900587489703926,-0.23518596437902517,-0.17777486699838554,-0.2468523027269947,0.6405738242261595,1.3520511972878413,0.06620108516797353,-0.6381795345469705,-0.45265994562989675,-0.8537455560974225,-0.8246586104577844,-0.8783393269329803,-0.21717056637669818,-0.6303279953236877,-0.021329498954447416,1.1228755951940648,0,0.5781914893617022
2.259022362555452,-0.15444389519758306,1.1092367146824658,-0.24955840356125478,0.029709172721761382,-1.0501677709187258,-0.9956564357459879,1.8427428531430354,-0.7670843295023845,-1.2697135635394887,-0.7613928639182386,1.2126230021958784,-0.14804083156520395,2.291403893777919,-0.34606838443410354,1.3956625141750596,-0.6090046978506359,0,0.5781914893617022
0.3833796718342847,0.06228098984972839,1.1092367146824658,0.25292635237883154,0.13607897097128308,2.331315419371045,1.8215927238946072,0.7789453872897071,-1.4760607017571603,-0.27757702750641255,-1.1308036326349762,1.2126230021958784,-0.04683976242824427,0.39835927801309134,-0.5640445127518616,1.0142736754463064,2.0047431398159783,0,0.5781914893617022
-0.46918518758442757,-1.1838870991723116,0.6955681980481608,-0.10599133043551597,-0.48086585887594213,1.6738047990369227,0.3542754532484639,-0.9656824567097231,0.19970163266321922,1.1230863174814596,0.9009555953070794,1.2126230021958784,1.2125513201650313,-0.6062318831136415,1.4249996983668747,-0.033562976788581486,-0.025748546783362393,0,0.5781914893617022
-0.9807241032356551,-0.15444389519758306,-1.3727743851233638,-0.7520431595013414,-0.5872356571254639,0.07699329251119767,-0.6435002907909135,-0.8167508114902855,0.5864160175294613,-0.45265994562989675,-0.576687479559869,-0.8246586104577844,1.7786718308499894,-1.0185207411483124,-0.30575773056712074,-1.1099310087610765,-0.17620833099581654,0,0.5781914893617022
-0.18499690111152348,1.308449078871768,0.2301911168345679,-0.32134194012412437,-0.1830304237772817,-0.016936796107962622,0.765124289029384,-0.09336853471000801,-0.2514651496807284,-0.9195477272925205,-0.576687479559869,-0.8246586104577844,-1.0631811301798275,-0.04877089196817116,-0.998368056099822,-0.25209274615101074,0.6758277642106958,0,0.5781914893617022
1.804321104198805,-0.9671622141250005,1.1092367146824658,0.5400604986303095,-0.37449606062642044,-0.5805173278229244,-0.32069049124876203,1.895932726435696,0.0707968377078052,1.473252153728428,0.5315448265903419,1.2126230021958784,-0.7121684129029853,1.7397497879568797,0.8862858909279366,1.508945890069975,-0.643192293220177,0,0.5781914893617022
-0.2418345584061041,-0.15444389519758306,0.2818996814138561,-0.39312547668699394,-0.07666062552776001,-0.11086688472712292,2.790022122521062,0.03428716119240084,-0.7026319320246761,-0.6277428637533803,-0.8537455560974225,-0.8246586104577844,-1.7860709570191977,-0.26362564897215407,-0.3662237113675948,0.19984162132903355,1.2814848573176036,0,0.5781914893617022
-0.18499690111152348,0.9562711406698869,-1.1659401268062115,-0.4649090132498635,-0.2894002220268034,-0.768377505061245,-0.8489247086813736,-0.28485207856362127,0.19970163266321922,1.7066960445597397,0.06978136569442037,-0.8246586104577844,0.26697232476399435,-0.08651564657697876,-0.7800511686190653,-0.43911378432988324,-0.5483469740323417,0,0.5781914893617022
0.0991913853613806,-1.7256993117905899,1.2643624084203304,-0.4649090132498635,0.05098313237166572,-0.6744474164420847,-0.7315393270296822,-0.13592043334412462,0.32860642761863323,0.0725888087405558,-0.022571326484763597,1.2126230021958784,0.0737948453473348,-0.08361220391476232,2.7098630896723885,0.4552736340316408,-1.139088238640865,0,0.5781914893617022
0.3833796718342847,-0.9129809928631726,1.2643624084203304,-0.32134194012412437,0.49773628501965655,-1.0501677709187258,-1.1130418173976795,-0.5614394196854677,0.006344440230099625,-0.2192160547985845,0.8086029031278954,1.2126230021958784,0.779635635523593,0.2938353421733158,0.8822868181236727,0.37187287966195226,-1.532765696378912,0,0.5781914893617022
1.804321104198805,-1.1567964885413977,1.3677795375789066,-0.32134194012412437,-0.07666062552776001,-1.0501677709187258,-0.9663100903330651,1.0448947537530686,-2.1205846765342304,0.24767172686403935,-1.1308036326349762,1.2126230021958784,-0.3026535760800032,1.7194256893213677,0.6623378138891445,1.8615469913450602,-0.8963286248371415,0,0.5781914893617022
0.32654201453970405,-0.2628063377212388,1.3160709729996185,1.0425452545703962,0.28499668852061105,-1.2380279481570464,-1.1130418173976795,-0.46569764775869066,-0.6381795345469705,-0.39429897292206867,1.5474244405613686,1.2126230021958784,-0.5191114184007224,0.30544911282218057,0.25943122885953074,0.47529443971038005,-1.4461709926257948,1,3.697278911564626
-0.9807241032356551,1.904442512751874,-1.2176486913854994,-0.24955840356125478,-0.4595918992260378,-0.3926571505846038,-0.8195783632684508,-0.19974828129532904,1.424297184739651,-0.5693818910455523,-0.4843347873806851,-0.8246586104577844,1.4290091624857506,-0.7978590988198976,-1.147242630040383,-1.3918815153410058,0.14702875639553287,0,0.5781914893617022
0.7244056156017694,0.1706434323733841,0.17848255225527973,0.18114281581596198,0.029709172721761382,-0.11086688472712292,-0.05657338253245624,0.6193757674117255,-1.2827035093240406,1.531613126436256,-0.3919820952015011,1.2126230021958784,-0.34970962875842065,0.7583861681278748,-0.4813970081304026,0.9526016404607786,0.07833852807042457,0,0.5781914893617022
-0.2986722157006852,0.6040932024680065,-1.4244829497026519,-0.4649090132498635,-0.33194814132661205,1.0162941787028006,0.20754372618384956,-0.28485207856362127,0.006344440230099625,-0.16085508209075644,0.5315448265903419,-0.8246586104577844,0.7206016785270332,-0.24039810767442665,-0.5488813617023598,-0.7459761018028669,0.45992347095828334,0,0.5781914893617022
-0.8102111313519123,-0.4253500015067221,-0.8556887393304827,-0.10599133043551597,-0.9488929711738373,-0.9562376822995656,-1.0543491265718337,-1.6997027081485445,-0.05810795724760882,-0.04413313667510031,0.9009555953070794,-0.8246586104577844,0.779635635523593,-0.8733486080375128,0.2720283081929628,-0.9518669497549517,-1.361188162429655,0,0.5781914893617022
-1.208074732413978,-0.47953122276855,0.5921510688895848,-0.03420779387264641,-0.22557834307709038,-0.9562376822995656,-0.9956564357459879,-0.6305862549659146,1.295392389784237,0.1893107541562113,0.5315448265903419,-0.8246586104577844,0.31579740197919415,-1.285637466072183,0.23843609663714443,-0.6324943468787592,-1.121869401763494,0,0.5781914893617022
-0.2418345584061041,-1.5631556480051063,0.6438596334688729,-0.6802596229384719,-0.6723314957250832,-0.4865872392037641,-0.6728466362038364,-0.01890271210025967,0.0707968377078052,1.2398082628971157,-1.5925670935308975,1.2126230021958784,0.39001151934629846,-0.41460466740738555,1.3721732366460304,0.43775896724223073,-0.5955976201913612,0,0.5781914893617022
-0.7533734740573317,0.1706434323733841,-0.5454373518547538,-0.6084760863756025,-0.48086585887594213,-0.11086688472712292,-0.7021929816167592,-0.8486647354658582,0.8442256074402894,0.13094978144838387,0.11595771178401316,-0.8246586104577844,1.5913525442262901,-0.7514040162244412,-0.3824199562248645,-0.8860331574839283,-0.5064815239823701,1,3.697278911564626
-0.2986722157006852,0.929180530038973,-1.1142315622269232,-0.4649090132498635,-0.1830304237772817,0.3587835583686786,-0.37938318207460775,-0.24230017992944564,0.5864160175294613,0.1893107541562113,0.43919213441115784,-0.8246586104577844,1.2434738690679912,-0.20555679572783447,-0.7117436016560172,-0.7769442587531618,0.03494002984651647,0,0.5781914893617022
2.0885093906717094,-1.346430762957795,1.1092367146824658,-0.4649090132498635,-0.2894002220268034,-0.5805173278229244,-0.7902320178555279,0.459806147533744,-2.1205846765342304,0.014227836032727747,-0.4843347873806851,1.2126230021958784,0.625022891008793,1.989445856907455,1.2821940985500868,1.6531653275293845,-0.9970489469970523,1,3.697278911564626
-0.8102111313519123,0.11646221111155625,-0.6488544810133302,-0.24955840356125478,-0.2468523027269947,0.2648534697495183,-0.23265145500999343,-0.33804195185628183,0.6508684150071697,-0.39429897292206867,-0.2996294030223171,-0.8246586104577844,0.6172922537830534,-0.8152797547931926,-0.43035429706506756,-0.7450529664602881,0.14123937454960334,0,0.5781914893617022
-1.2649123897085592,0.9562711406698869,-0.9073973039097707,0.18114281581596198,-0.14048250447747304,-0.2987270619654435,-0.5848075999650678,-0.2263432179416593,1.8754639670836015,0.014227836032727747,-0.20727671084313318,-0.8246586104577844,0.5477165187513939,-1.189823858219056,-0.8229348429456425,-1.2409478156357767,0.07832166603701235,0,0.5781914893617022
-0.014483929227780629,-1.0755246566486558,0.7472767626274489,-0.17777486699838554,-0.37449606062642044,-0.6744474164420847,-0.8195783632684508,-1.3167356204413179,0.4575112225740473,0.6561985358188358,2.101540593636474,1.2126230021958784,0.4549488720425143,-0.13006728651021823,1.5973937459407244,-0.18551249660821173,-1.7954495394054035,1,3.697278911564626
-1.0375617605302356,0.44154953868252284,-1.4244829497026519,-0.24955840356125478,0.1573529306211874,2.988826039705167,0.324929107835541,-0.705052077575663,1.9399163645613071,0.24767172686403935,0.9933082874862633,-0.8246586104577844,2.815806864133749,-1.01271385582388,-0.38109239517099003,-1.436571404397267,1.1345994320734352,0,0.5781914893617022
0.2697043572451234,-0.37116878024489425,0.9024024563653135,0.03757574269022316,-0.48086585887594213,-0.8623075936804053,-0.8782710540942965,-1.082700177953588,0.0707968377078052,0.7729204812344919,3.3021255919658707,1.2126230021958784,0.058109494454528995,0.2357664889289972,0.7861351980907123,-0.07004498670414716,-2.072525070080038,0,0.5781914893617022
0.5538926437180275,-0.750437329077689,0.6438596334688729,0.03757574269022316,-0.31067418167670774,-0.5805173278229244,-0.6435002907909135,0.8853251338750281,0.19970163266321922,0.5394765904031796,-0.20727671084313318,1.2126230021958784,0.0303584890287955,0.48546255787957127,0.35471682894574774,0.626028198907418,-0.58422184527509,0,0.5781914893617022
0.04235372806679999,-0.8587997716013447,1.3160709729996185,-0.5366925498127328,6.9224720992907605,-0.6744474164420847,-0.6435002907909135,0.6193757674117255,-1.6049654967125742,2.348666744345848,-1.2231563248141601,1.2126230021958784,-0.2194005598028038,-0.04877089196817116,0.19758070420439197,2.191924417240171,0.0410188642014612,0,0.5781914893617022
-0.9807241032356551,-0.046081452673927346,-1.2176486913854994,-0.24955840356125478,-0.3957700202763248,-0.768377505061245,-0.9663100903330651,-0.6039913183195844,0.5864160175294613,-0.16085508209075644,-0.9460982482766065,-0.8246586104577844,0.9960934778443122,-1.0069069704994487,-0.4592482972144774,-0.9037702199609933,-0.3863833562336,0,0.5781914893617022
0.32654201453970405,1.6877176277045625,0.3336082459931442,-0.823826696064211,-0.7999752536245069,-1.1440978595378861,-1.1130418173976795,-0.6359052422952162,-1.2182511118463322,-1.0362696727081766,-1.2231563248141601,-0.8246586104577844,0.1302621085614355,0.5144969845017316,-1.1892328944851565,-0.11986162143625288,-0.5480639982657534,0,0.5781914893617022
-0.3555098729952658,0.38736831742069494,-1.1142315622269232,-0.39312547668699394,-0.1830304237772817,0.2648534697495183,-0.20330510959707057,0.12470994578993552,0.5219636200517557,-0.2192160547985845,-0.2996294030223171,-0.8246586104577844,0.5420599549276818,-0.3216945022164737,-0.5845730864804174,-0.6180733134349886,0.2715530652582959,0,0.5781914893617022
0.4402173291288653,-1.021343435386828,0.7472767626274489,-0.5366925498127328,-0.6297835764252746,-0.6744474164420847,-0.8782710540942965,-1.4975811896363873,-0.8315367269800901,-0.6277428637533803,0.9009555953070794,1.2126230021958784,0.779635635523593,0.3402904247687717,1.0980015099772151,0.05753913157569329,-1.568275823274782,0,0.5781914893617022
-0.46918518758442757,0.22482465363521137,-1.3210658205440755,0.03757574269022316,-0.22557834307709038,-0.4865872392037641,-0.37938318207460775,-0.6199482803074298,0.32860642761863323,-0.2192160547985845,0.3468394422319739,-0.8246586104577844,-0.4263437716918427,-0.4552528646784096,-0.3715277447711446,-0.8074605793259797,-0.3187959314782545,0,0.5781914893617022
2.9410742500904212,0.00809976858790052,2.6604936520611093,1.616813547073352,0.6892019218687953,0.6405738242261595,0.8531633252681526,2.693780825825722,-0.8315367269800901,0.6561985358188358,2.3785986701740276,1.2126230021958784,-0.5275448408288024,3.005650788683052,0.19089994820909845,2.4794493076319895,0.1478825666741336,0,0.5781914893617022
-1.0943994178248164,0.6040932024680065,-0.3386030935376015,-0.5366925498127328,-0.14048250447747304,-0.20479697334628322,-0.49676856372629924,0.08215804715581893,1.811011569605893,0.014227836032727747,-0.576687479559869,-0.8246586104577844,0.4654226386064195,-1.0533620530949042,-0.7378375517038408,-0.9424892570361721,0.0360201207670806,0,0.5781914893617022
1.2927821885475774,1.6335364064427347,0.4887339397310084,0.03757574269022316,-0.03411270622795163,0.9223640900836404,0.6477389073776926,0.7257555139970465,-0.9604415219355041,-0.8028257818768645,-0.4843347873806851,1.2126230021958784,-0.05527318485632425,1.4958606043307365,-1.0789452119675582,0.5879930999526648,1.0720175655607536,0,0.5781914893617022
0.7244056156017694,-1.0755246566486558,1.2643624084203304,-0.24955840356125478,-0.2894002220268034,-0.2987270619654435,-0.6728466362038364,-0.8752596721121885,0.32860642761863323,0.5978375631110077,1.8244825170989223,1.2126230021958784,0.9095103409160247,0.624827805665939,1.5057786235157649,0.2998916182722633,-1.5609317727856955,1,3.697278911564626
-0.9238864459410739,1.2000866363481124,-1.3727743851233638,-0.10599133043551597,-0.20430438342718604,0.07699329251119767,-0.4674222183133764,-0.6571811916122449,1.5532019796950651,-0.27757702750641255,2.1938932858156597,-0.8246586104577844,0.9825648626992672,-0.8152797547931926,-0.5610585383913441,-1.5508491350920492,-0.465565531227247,0,0.5781914893617022
0.1560290426559612,-1.671518090528762,0.43702537515172024,-0.4649090132498635,-0.5021398185258464,3.458476482800968,0.8531633252681526,-0.3699558758318545,1.0375827998734117,1.2398082628971157,0.5315448265903419,1.2126230021958784,2.002481887595189,-0.019736465346010826,2.757851963323558,0.059869664197860085,0.8634752043356643,1,3.697278911564626
-1.208074732413978,-0.37116878024489425,0.0750654230967034,-0.32134194012412437,-0.2894002220268034,1.485944621798602,1.4694365789395327,-0.5082495463928073,0.13524923518551366,-0.2192160547985845,-0.576687479559869,-0.8246586104577844,-0.34682864594137486,-1.2740236954233193,-0.1339992923512815,-0.4563588009034986,1.1895784097486544,0,0.5781914893617022
0.6675679583071887,-0.37116878024489425,1.1092367146824658,2.6935665955163945,-0.5021398185258464,-1.0501677709187258,-0.9076173995072193,1.0980846270457292,-0.6381795345469705,0.4227546449875235,0.5315448265903419,1.2126230021958784,-0.5573098611632025,0.6422484616392357,0.12889627634643058,1.1080879176261618,-0.5814876709031199,0,0.5781914893617022
0.8380809301909317,-0.1002626739357552,-0.4420202226961777,0.46827696206744024,-0.14048250447747304,-0.768377505061245,-0.5261149091392221,0.8853251338750281,-0.5092747395915564,-0.45265994562989675,0.06978136569442037,1.2126230021958784,-0.7355692607214419,0.8454894479943549,-0.2061667033663405,0.41096464835762936,-0.3318464401842735,0,0.5781914893617022
2.3726976771446133,0.38736831742069494,1.1092367146824658,1.2578958642590046,0.2637227288707091,-1.0501677709187258,-0.9956564357459879,2.2682618394843197,-0.38036994463614243,0.4811156176953516,1.3627190562030007,1.2126230021958784,-0.14804083156520395,2.4656104535108776,-0.28224318247804747,1.6044981804991616,-0.8339917761890931,0,0.5781914893617022
0.9517562447800928,-0.9671622141250005,0.9024024563653135,-0.03420779387264641,0.0935310516714744,0.3587835583686786,1.1759731248103042,1.3002061455578273,-1.0248939194132125,-1.3280745362473168,-0.9460982482766065,1.2126230021958784,-0.9913830743732011,0.8687169892920823,0.425592703876707,1.0862604495289503,0.7965108070255793,0,0.5781914893617022
-0.696535816762751,0.3331870961588671,-1.3210658205440755,-0.17777486699838554,-0.11920854482757076,0.7345039128453198,1.3520511972878413,0.37470235026545173,1.5532019796950651,-0.7444648091690365,-0.6690401717390546,-0.8246586104577844,-0.8092570368306227,-0.675914507006826,-0.624143572974136,-0.9644829581698245,1.3476834412697558,0,0.5781914893617022
-0.7533734740573317,-0.5337124440303778,0.43702537515172024,-0.6802596229384719,0.029709172721761382,-0.20479697334628322,-0.32069049124876203,-0.31144701520995155,0.19970163266321922,-0.5693818910455523,-1.1308036326349762,-0.8246586104577844,-0.010142978349301295,-0.8268935254420569,-0.12482851669903622,-0.20370312452993883,-0.12374835666012414,0,0.5781914893617022
-0.014483929227780629,1.0104523619317147,-0.6488544810133302,-0.5366925498127328,0.029709172721761382,-0.5805173278229244,0.11950468994508097,0.03428716119240084,-0.5092747395915564,0.6561985358188358,-0.8537455560974225,-0.8246586104577844,-1.2184367551292,0.09349779848041302,-0.9419895192229233,-0.05256323649251749,0.2398581081699459,0,0.5781914893617022
0.32654201453970405,0.36027770678978105,0.6955681980481608,3.8421031805223067,-0.03411270622795163,1.2980844445602815,1.7922463784816844,1.6299833599723934,-0.2514651496807284,-0.5110209183377248,-1.0384509404557904,1.2126230021958784,-0.6799654113179543,0.37222829405314745,-0.7058155643226375,0.9674631370614677,2.4528961065033563,0,0.5781914893617022
1.065431559369254,-1.617336869266934,0.4887339397310084,-0.24955840356125478,-0.6510575360751767,-0.20479697334628322,-0.3500368366616849,-0.31676600253919396,-0.5092747395915564,-0.9779087000003487,-1.0384509404557904,1.2126230021958784,0.058109494454528995,0.9151720718875382,1.7939015447652784,0.5352534309150423,-0.49989473434383774,0,0.5781914893617022
-0.46918518758442757,-0.8046185503395168,1.0575281501031777,0.03757574269022316,-0.31067418167670774,0.5466437356069992,1.0585877431586126,0.2470466543630429,0.0707968377078052,0.24767172686403935,-0.7613928639182386,1.2126230021958784,-0.7664918096244013,-0.5655836858426175,0.26495626365489583,0.36035363515948765,0.6364987985831291,0,0.5781914893617022
0.9517562447800928,-0.9671622141250005,1.0058195855238894,-0.39312547668699394,-0.5659616974755595,-0.9562376822995656,-1.0836954719847565,-0.47101663508793307,-0.5092747395915564,-0.8028257818768645,1.4550717483821847,1.2126230021958784,1.0748054205063917,0.8687169892920823,1.1742191328349552,0.36511794124693125,-1.768764535980945,0,0.5781914893617022
-0.9238864459410739,-0.6420748865540336,0.7989853272067371,0.18114281581596198,-0.2468523027269947,0.5466437356069992,0.1781973807709267,-0.54016347036838,0.7153208124848753,2.9322764714241276,0.16213405787360433,1.2126230021958784,0.17836385129937282,-1.01271385582388,0.3244649311093636,0.12643425124634575,-0.10244971562200912,0,0.5781914893617022
0.0991913853613806,-1.346430762957795,1.471196666737483,-0.5366925498127328,0.0935310516714744,1.767734887656083,1.6161683060041472,0.08747703448506136,-0.05810795724760882,0.5394765904031796,0.06978136569442037,1.2126230021958784,-0.2606229270856889,-0.0429640066437393,1.4981440299803506,0.6811710508082006,0.7843025826172451,1,3.697278911564626
-1.3217500470031398,-1.1838870991723116,1.0058195855238894,0.7554111083189182,-0.43831793957613346,0.170923381130358,-0.1739587641841477,-0.6625001789415463,0.5219636200517557,0.014227836032727747,0.5315448265903419,-0.8246586104577844,0.31579740197919415,-1.4772646817784392,1.2949653310540277,-0.25679642257428204,-0.4165416376873202,0,0.5781914893617022
1.6338081323150622,0.76663686625349,1.4194881021581949,-0.17777486699838554,-0.07666062552776001,-0.9562376822995656,-1.0250027811589109,1.7363631065577145,-0.8959891244577985,0.3060326995718674,-0.8537455560974225,1.2126230021958784,0.5298765866919938,1.7513635586057437,-0.8520573381972734,1.4069111646552468,-0.4373949065650068,0,0.5781914893617022
0.7244056156017694,0.8208180875153179,-0.18347739979973715,-0.24955840356125478,-0.012838746578047294,-1.0501677709187258,-0.5848075999650678,1.0980846270457292,-1.089346316890918,-0.33593800021424064,-0.20727671084313318,1.2126230021958784,-1.3076364154262,0.8280687920210582,-0.7693302500374212,0.5105156380361078,-0.30228854319396625,0,0.5781914893617022
1.6338081323150622,-0.15444389519758306,2.4019508291646687,1.8680559250433957,0.2637227288707091,-1.0501677709187258,-0.9076173995072193,1.5236036133870723,-0.573727137069262,-0.2192160547985845,0.7162502109487098,1.2126230021958784,-0.5573098611632025,1.6526465080903998,-0.023583153498242707,1.6837724511545151,-0.7907664522958813,0,0.5781914893617022
-1.0375617605302356,-0.046081452673927346,-0.8556887393304827,-0.5366925498127328,-0.31067418167670774,-0.2987270619654435,-0.2913441458358392,-0.6571811916122449,0.19970163266321922,-0.8028257818768645,-1.0384509404557904,-0.8246586104577844,-0.2456909859956036,-1.0649758237437683,-0.4786284192659115,-0.8301470800853589,0.03479709540045914,0,0.5781914893617022
0.32654201453970405,1.2000866363481124,-0.7005630455926182,-0.03420779387264641,-0.03411270622795163,-0.6744474164420847,-0.5261149091392221,0.800221336606795,0.19970163266321922,-0.10249410938292837,0.06978136569442037,-0.8246586104577844,-0.5191114184007224,0.46223501658184385,-0.8701068847048775,-0.1549125941812488,-0.07470944654323346,0,0.5781914893617022
-0.6396981594681699,0.7124556449916621,-1.2693572559647877,-0.17777486699838554,-0.20430438342718604,-0.016936796107962622,1.1172804339844584,0.3693833629362093,1.424297184739651,-0.5110209183377248,-0.6690401717390546,-0.8246586104577844,-1.2590952049389956,-0.5771974564914812,-0.7998686241790746,-0.9270933963577799,1.0177853864915474,0,0.5781914893617022
2.0316717333771286,0.22482465363521137,1.160945279261754,0.03757574269022316,-0.11920854482757076,-0.9562376822995656,-0.4674222183133764,2.0555023463136775,-1.2182511118463322,0.7145595085266638,0.2544867500527883,1.2126230021958784,-1.2496566362331496,2.0997766780716636,-0.3892078561163129,1.6861853252378245,-0.5632010079619408,0,0.5781914893617022
3.7936391095091335,-1.7256993117905899,0.8506938917860253,-0.24955840356125478,-0.26812626237689907,-0.5805173278229244,-0.7021929816167592,1.7629580432041037,-1.5405130992348686,1.0647253447736316,-1.1308036326349762,1.2126230021958784,0.2384910297217951,3.690863256966027,2.133996605858351,2.475433382269927,-0.7441692562626799,1,3.697278911564626
-0.46918518758442757,0.44154953868252284,-0.08006027064116081,-0.4649090132498635,-0.31067418167670774,0.7345039128453198,1.1759731248103042,-0.3274039771977379,-0.05810795724760882,-0.7444648091690365,-0.576687479559869,-0.8246586104577844,-0.6962132893904018,-0.43202532338068217,-0.661945311457344,-0.3972224840601115,0.929927649474596,0,0.5781914893617022
0.2697043572451234,0.3331870961588671,-0.4937287872754658,0.25292635237883154,0.029709172721761382,-0.3926571505846038,0.765124289029384,0.34278842628987904,-1.089346316890918,-0.6861038364612083,-0.9460982482766065,-0.8246586104577844,-1.4141938474566698,0.3112559981466124,-0.675385929584707,0.2635820463301779,0.6719637934805729,0,0.5781914893617022
-0.41234753028984694,0.4957307599443507,0.2301911168345679,-0.24955840356125478,-0.11920854482757076,-0.8623075936804053,0.1781973807709267,-0.07209258539292018,0.32860642761863323,-0.8028257818768645,-0.9460982482766065,-0.8246586104577844,-1.6254515013732873,-0.36814958481193066,-0.753075954123315,-0.29239732546203423,0.09768374096335149,0,0.5781914893617022
-0.6396981594681699,-1.021343435386828,-0.3386030935376015,-0.03420779387264641,-0.26812626237689907,2.331315419371045,0.5890462165518469,-0.46569764775869066,0.3930588250963417,-0.6861038364612083,-0.2996294030223171,-0.8246586104577844,1.4481083838669904,-0.7630177868733049,0.7126790833075275,-0.46149765014860533,1.0044358825790634,0,0.5781914893617022
-0.014483929227780629,-0.5878936652922057,0.5404425043102966,-0.03420779387264641,0.13607897097128308,0.7345039128453198,0.3542754532484639,0.6193757674117255,0.006344440230099625,0.24767172686403935,0.3468394422319739,1.2126230021958784,0.1302621085614355,-0.07780531859033045,0.3104194071138992,0.37749123652056893,0.2455170754727862,0,0.5781914893617022
-0.8670487886464934,0.6040932024680065,-1.4244829497026519,0.10935927925309273,0.7530238008185083,-0.11086688472712292,-0.4380758729004535,-0.7210090395634493,0.8442256074402894,-0.16085508209075644,0.8086029031278954,-0.8246586104577844,0.4844658505407936,-0.8210866401176256,-0.5016423142019896,-1.0606306268230459,-0.1368634916023659,0,0.5781914893617022
0.2697043572451234,-0.3169875589830667,1.1092367146824658,0.25292635237883154,-0.05538666587785568,0.07699329251119767,1.8215927238946072,0.7789453872897071,-0.1225603547253144,-0.33593800021424064,-0.576687479559869,1.2126230021958784,-1.463654730345679,0.24157337425342804,-0.17967972804698318,0.654633129159825,0.9302472897772491,0,0.5781914893617022
-0.8102111313519123,0.5499119812061786,-1.3210658205440755,-0.4649090132498635,-0.20430438342718604,0.170923381130358,-0.5261149091392221,0.2044947557289263,0.5864160175294613,0.5394765904031796,-0.576687479559869,-0.8246586104577844,1.4290091624857506,-0.7688246721977368,-0.7133432307777229,-0.7062904216362759,0.24165684281934816,0,0.5781914893617022
-0.46918518758442757,0.9833617513008008,-1.4244829497026519,-0.6802596229384719,0.0935310516714744,0.5466437356069992,-0.49676856372629924,-0.2050672686246305,0.4575112225740473,-0.45265994562989675,-0.3919820952015011,-0.8246586104577844,2.141225288831343,-0.3739564701363615,-0.861590549380867,-0.8978229846393038,0.37022523497500454,0,0.5781914893617022
-0.2986722157006852,0.38736831742069494,-0.08006027064116081,-0.39312547668699394,-0.16175646412737738,1.3920145331794418,2.4378659775659877,-0.2742141039050774,-0.6381795345469705,-0.8028257818768645,-0.4843347873806851,-0.8246586104577844,-0.9305465538042267,-0.26362564897215407,-0.6181652980362361,-0.15745633633426181,1.6864268335000534,0,0.5781914893617022
-0.2418345584061041,-1.2380683204341394,2.0916994416889403,4.129237326773785,-0.7999752536245069,2.002560109203984,7.074588552807801,-1.9018242266606427,-1.9272274841011108,-0.8611867545846925,1.7321298249197383,1.2126230021958784,-1.6246192912913164,-0.3797633554607934,1.8508622513164499,0.8220954012074391,3.1147106078049194,1,3.697278911564626
-0.014483929227780629,0.7937274768844039,-0.08006027064116081,-0.32134194012412437,-0.07666062552776001,-0.4865872392037641,-0.14461241877122483,0.459806147533744,0.006344440230099625,-0.7444648091690365,-1.1308036326349762,-0.8246586104577844,-0.8060439070584198,0.07027025718268558,-0.9074315642113431,-0.09375269475032245,0.29253070485586885,0,0.5781914893617022
-0.41234753028984694,5.697128001079822,-1.4244829497026519,-0.32134194012412437,1.0508592359171667,-1.0501677709187258,-1.1423881628106023,-1.0507862539780153,1.2309399923065314,-1.5031574543708006,0.43919213441115784,-0.8246586104577844,1.140398706058125,0.18931140633354027,-1.5857485562041576,-1.973665702180436,0.2490519892063609,0,0.5781914893617022
-0.3555098729952658,0.06228098984972839,-0.08006027064116081,-0.4649090132498635,0.029709172721761382,0.6405738242261595,2.9074075041727534,-0.19974828129532904,-0.31591754715843684,-0.39429897292206867,-0.6690401717390546,-0.8246586104577844,-1.451205392475656,-0.3565358141630659,-0.470732813985698,-0.08620986198100535,1.5980114190991546,0,0.5781914893617022
-0.2418345584061041,1.0375429725626288,-0.5454373518547538,0.03757574269022316,0.17862689027109174,0.3587835583686786,-0.2913441458358392,0.5661858941190651,0.5864160175294613,-0.7444648091690365,-0.8537455560974225,-0.8246586104577844,0.9505234057767922,-0.1358741718346501,-0.9512880626314397,-0.4100082368835387,0.6866448043800322,0,0.5781914893617022
0.4970549864234459,0.06228098984972839,0.17848255225527973,-0.17777486699838554,0.5190102446695588,-0.4865872392037641,-0.2913441458358392,0.13534792044847943,-0.444822342113848,-0.5693818910455523,0.43919213441115784,1.2126230021958784,-0.5874665265020019,0.5144969845017306,-0.24678473694690575,0.2555061195982859,-0.4164958354253319,0,0.5781914893617022
-0.014483929227780629,0.06228098984972839,-0.18347739979973715,0.6118440351931791,-0.2468523027269947,-0.016936796107962622,1.880285414720453,0.459806147533744,-0.2514651496807284,-0.27757702750641255,-0.9460982482766065,-0.8246586104577844,-1.5395555321983991,-0.008122694697147105,-0.5267198332453958,0.18926614584105275,1.2554547133938458,0,0.5781914893617022
0.4402173291288653,-0.6962561078158611,1.5229052313167706,1.4732464739476128,-0.16175646412737738,-0.9562376822995656,-0.8195783632684508,-0.11464448402709584,-0.18701275220302285,-0.5110209183377248,1.9168352092781062,1.2126230021958784,-0.5191114184007224,0.3751317367153639,0.8682900633087478,0.5280232757918175,-1.3437449014210314,0,0.5781914893617022
0.7244056156017694,-0.6420748865540336,0.4887339397310084,-0.17777486699838554,0.07225709202157006,-0.5805173278229244,-0.7315393270296822,0.5980998180946377,-0.444822342113848,-0.5693818910455523,0.06978136569442037,1.2126230021958784,0.35613116141783757,0.6712828882613949,0.2998852641173012,0.5654308291297733,-0.6843817851548345,0,0.5781914893617022
1.1791068739584163,-1.4547932054814505,1.0575281501031777,-0.4649090132498635,-0.4595918992260378,-0.9562376822995656,-1.1130418173976795,0.2683226036801307,0.13524923518551366,1.2398082628971157,0.43919213441115784,1.2126230021958784,1.4290091624857506,1.048730434349474,1.9438868371633318,0.8784917782587895,-1.570206019143744,0,0.5781914893617022
0.6107303010126082,0.3331870961588671,-0.7005630455926182,-0.39312547668699394,-0.07666062552776001,0.8284340014644801,0.0021193082933894966,0.7257555139970465,-1.089346316890918,-0.5693818910455523,-0.6690401717390546,-0.8246586104577844,0.9149217869740428,0.6596691176125312,-0.624143572974136,0.2935422492262684,0.658933545733978,0,0.5781914893617022
-0.07132158652236226,-1.0755246566486558,0.5921510688895848,-0.03420779387264641,-0.2894002220268034,1.2041543559411212,0.0021193082933894966,-0.7741989128561099,0.0707968377078052,1.298169235604944,1.8244825170989223,1.2126230021958784,1.4560663927758404,-0.18813613975453888,1.5057786235157649,0.10133838307448571,-0.557206016683358,1,3.697278911564626
-1.208074732413978,0.27900587489703926,-1.4244829497026519,-0.6802596229384719,-0.48086585887594213,-0.768377505061245,-0.8782710540942965,-0.07209258539292018,1.6176543771727734,1.0647253447736316,-0.9460982482766065,-0.8246586104577844,0.41887256498906084,-1.2043410715301355,-0.6477032771629043,-1.074056015822212,-0.28541892630924287,0,0.5781914893617022
-0.41234753028984694,-0.37116878024489425,-0.8556887393304827,0.03757574269022316,-0.1830304237772817,-0.3926571505846038,0.031465653706312366,0.03428716119240084,-0.6381795345469705,-0.5110209183377248,-0.3919820952015011,-0.8246586104577844,-0.87692948427783,-0.46105975000284144,-0.09018336423499639,-0.17713169510090218,0.04764261313769991,0,0.5781914893617022
-0.41234753028984694,1.1459054150862844,-1.4244829497026519,-0.4649090132498635,0.2637227288707091,-0.9562376822995656,-1.0543491265718337,-0.811431824160984,0.32860642761863323,-0.39429897292206867,0.5315448265903419,-0.8246586104577844,0.779635635523593,-0.2984669609187463,-0.782948714181672,-1.0160510296052128,-0.7078956904917065,0,0.5781914893617022
-0.7533734740573317,-0.5878936652922057,-0.4420202226961777,-0.17777486699838554,-0.3532221009765164,0.170923381130358,-0.3500368366616849,-1.0507862539780153,0.5219636200517557,-0.5693818910455523,0.43919213441115784,-0.8246586104577844,0.779635635523593,-0.8327004107664887,0.33441384393948437,-0.7883080955574199,-0.42914950887524206,0,0.5781914893617022
0.6675679583071887,-0.37116878024489425,-0.18347739979973715,0.10935927925309273,0.0935310516714744,-0.20479697334628322,-0.11526607335830197,0.6725656407043861,-1.2182511118463322,0.4811156176953516,-0.3919820952015011,1.2126230021958784,-0.4010435044076028,0.6422484616392357,-0.09018336423499639,0.7639703696088087,-0.0012972521201292581,0,0.5781914893617022
-0.8102111313519123,3.0422481592502586,-1.1142315622269232,-0.32134194012412437,-0.5659616974755595,-0.3926571505846038,-0.49676856372629924,-1.0295103046609275,1.295392389784237,-1.3280745362473168,0.9009555953070794,-0.8246586104577844,0.04647197605018914,-0.5017079472738655,-1.226985609307063,-1.8398469225921874,-0.04400895733225246,0,0.5781914893617022
1.0085939020746735,-1.1838870991723116,0.3853168105724321,-0.6802596229384719,-0.26812626237689907,-0.6744474164420847,-0.5848075999650678,-0.008264737441715759,-0.444822342113848,1.0063643720658035,0.7162502109487098,1.2126230021958784,-0.379959948337403,0.9035583012386745,1.3599825147104507,0.6638173537492005,-1.2414283258803398,1,3.697278911564626
0.04235372806679999,0.38736831742069494,-0.9073973039097707,-0.24955840356125478,-0.05538666587785568,-0.20479697334628322,1.85093906930753,-0.17847233197830026,-1.0248939194132125,0.014227836032727747,-0.576687479559869,-0.8246586104577844,-1.6482023256412308,0.08478747049376471,-0.6349614038141453,-0.002196030812844757,0.9554461421727984,0,0.5781914893617022
-0.8102111313519123,-0.6420748865540336,0.17848255225527973,-0.39312547668699394,-0.1830304237772817,0.4527136469878389,0.0901583445321581,-0.029540686758803586,1.0375827998734117,-0.6277428637533803,-0.8537455560974225,-0.8246586104577844,0.20665899408639496,-0.8965761493352408,0.054088594196675624,-0.4500201462063731,0.3053021182829737,0,0.5781914893617022
0.21286669995054183,1.362630300133596,1.2126538438410421,-0.6084760863756025,6.965020018590569,-0.3926571505846038,0.5303535257260011,-0.2688951165758349,-1.9916798815788164,2.9906374441319556,-1.1308036326349762,1.2126230021958784,-1.2865528593559996,0.36351796606650016,-1.092332284227987,1.9118991026367926,0.8668052705083079,0,0.5781914893617022
-0.3555098729952658,0.7124556449916621,-1.2176486913854994,-0.6802596229384719,-1.0339888097734544,-1.1440978595378861,-1.1423881628106023,-0.28485207856362127,0.5864160175294613,-1.0946306454160049,-0.9460982482766065,-0.8246586104577844,0.41887256498906084,-0.28685319026988254,-0.8456761853915548,-1.0017526011554962,-0.5416031141281021,0,0.5781914893617022
-1.4354253615923016,2.6087983891556354,1.9882823125303641,-0.39312547668699394,-1.0339888097734544,-0.11086688472712292,1.1759731248103042,-1.6837457461607581,2.2621783519498435,-0.33593800021424064,0.9933082874862633,-0.8246586104577844,-1.3603453056016996,-1.18692041555684,-1.1335230386871402,-1.4318143059701,0.15937924832298436,0,0.5781914893617022
-1.208074732413978,-0.5337124440303778,-0.2868945289583133,-0.5366925498127328,-0.20430438342718604,0.4527136469878389,0.23689007159677242,-0.21570524328311538,1.3598447872619455,-0.33593800021424064,-0.8537455560974225,-0.8246586104577844,-0.03208127317910405,-1.2914443513966154,-0.054519236698484665,-0.7895774961246158,0.4023302101099724,0,0.5781914893617022
0.8949185874855122,1.1459054150862844,-0.4420202226961777,2.334648912702047,0.49773628501965655,1.5798747104177624,0.8238169798552297,1.0874466523871853,-1.089346316890918,-0.6277428637533803,-0.9460982482766065,1.2126230021958784,0.3524162098905947,1.0371166637006104,-1.000844140489686,0.7087010948147666,2.0589488114589316,0,0.5781914893617022
-0.7533734740573317,0.8749993087771452,-1.0108144330683468,-0.5366925498127328,0.19990084992099402,0.5466437356069992,1.205319470223227,-0.44442169844160284,0.19970163266321922,-0.6861038364612083,-1.1308036326349762,-0.8246586104577844,-0.8620390112908509,-0.675914507006826,-0.9372913078165152,-0.7677661706047509,1.2532100150631553,0,0.5781914893617022
2.0316717333771286,-0.5337124440303778,1.9882823125303641,0.3964934255045707,0.45518836571984783,-0.5805173278229244,-0.7315393270296822,1.7363631065577145,-1.0248939194132125,1.1230863174814596,-0.022571326484763597,1.2126230021958784,0.35613116141783757,2.018480283529615,0.15640860330316822,2.046683036358988,-0.6503217723229076,1,3.697278911564626
0.04235372806679999,0.739546255622576,1.7297394896339233,-0.39312547668699394,0.5190102446695588,-0.2987270619654435,1.3813975427007643,0.14066690777772187,-0.9604415219355041,-0.6861038364612083,-1.2231563248141601,1.2126230021958784,-1.5786155939705584,0.12253222510257232,-0.9019310851261798,0.6811266838724166,0.7973050469617308,0,0.5781914893617022
-1.4922630188868822,0.38736831742069494,-1.4244829497026519,-0.823826696064211,-0.5234137781757509,-0.4865872392037641,-0.8782710540942965,-2.566697642819017,0.9086780049179978,-0.5693818910455523,1.6397771327405526,-0.8246586104577844,1.5011617765926575,-1.483071567102871,-0.23185486514431988,-1.9759760432798115,-1.2555174508204292,0,0.5781914893617022
0.4402173291288653,1.2542678576099402,2.0916994416889403,-0.6084760863756025,6.943746058940665,0.170923381130358,0.47166083490015537,-0.11464448402709584,-2.6362038563558863,3.9244130074572046,-1.2231563248141601,1.2126230021958784,-0.6408689547061268,0.584179608394915,-1.0743121707415657,2.5454451007088275,0.92832132781929,0,0.5781914893617022
-1.3785877042977204,-1.8340617543142455,-0.3386030935376015,-0.6084760863756025,-0.9063450518740286,3.8341968372776094,2.5552513592176793,-1.7688495434289913,0.0707968377078052,-1.2697135635394887,-0.8537455560974225,-0.8246586104577844,0.27456733677524814,-1.6050161589159422,2.757851963323558,-0.9119011577538135,2.091997556072513,0,0.5781914893617022
-0.7533734740573317,-0.9129809928631726,-0.3386030935376015,-0.17777486699838554,-0.03411270622795163,0.3587835583686786,0.5010071803130782,-0.6146292929781283,0.5864160175294613,-0.6861038364612083,-0.2996294030223171,-0.8246586104577844,-0.46915960863440237,-0.8675417227130804,0.5463647025654844,-0.550038755743101,0.2372611924936719,0,0.5781914893617022
2.3726976771446133,-1.346430762957795,1.3677795375789066,-0.17777486699838554,-0.11920854482757076,-0.3926571505846038,-0.555461254552145,1.5767934866797328,-1.2827035093240406,4.099495925580689,-0.576687479559869,1.2126230021958784,0.21983087090104292,2.2797901231290543,1.2462024433117098,2.47407391184121,-0.7626678613053174,1,3.697278911564626
-0.46918518758442757,1.308449078871768,-0.3903116581168895,3.9856702536480455,0.22117480957090044,1.2980844445602815,1.2933585064619957,1.1619124749969336,-0.7026319320246761,-0.45265994562989675,-1.1308036326349762,-0.8246586104577844,-0.34970962875842065,-0.33911515818977034,-1.0768953038926454,0.3861653684724422,2.6085876455654904,0,0.5781914893617022
0.32654201453970405,0.4957307599443507,-0.4937287872754658,0.898978181444657,1.880543662263437,3.364546394181808,2.848714813346908,0.9917048804604082,-0.9604415219355041,1.298169235604944,-1.1308036326349762,1.2126230021958784,-0.13844417845738852,0.38674550736422764,-0.7855845459515269,0.9251888051188756,3.324615075678424,0,0.5781914893617022
-0.8670487886464934,1.6335364064427347,-0.9591058684890589,-0.5366925498127328,-0.2894002220268034,-1.1440978595378861,-0.6728466362038364,-0.7422849888805372,0.4575112225740473,-1.2113525908316605,-0.7613928639182386,-0.8246586104577844,-1.428234356147743,-0.7107558189534171,-1.1153705016063982,-1.195640963503958,-0.18318036409555286,0,0.5781914893617022
1.0085939020746735,-0.8587997716013447,0.3336082459931442,-0.10599133043551597,-0.05538666587785568,-1.0501677709187258,-0.9076173995072193,0.050244123180187186,-0.8959891244577985,-0.04413313667510031,0.16213405787360433,1.2126230021958784,-0.5573098611632025,0.9383996131852667,0.6061346285319184,0.6880382314433978,-1.1180228197963875,1,3.697278911564626
-0.46918518758442757,-0.046081452673927346,-0.8556887393304827,-0.7520431595013414,-0.1830304237772817,-0.4865872392037641,-0.2619978004229163,0.03428716119240084,0.7153208124848753,-0.45265994562989675,-0.7613928639182386,-0.8246586104577844,-0.6356656411888023,-0.4842872913005699,-0.42048805311161,-0.6140520568408854,-0.07267393201765802,0,0.5781914893617022
-0.2986722157006852,-0.37116878024489425,-0.08006027064116081,-0.4649090132498635,0.008435213071857043,0.6405738242261595,0.14885103535800384,0.7257555139970465,0.7797732099625838,0.4811156176953516,-1.1308036326349762,-0.8246586104577844,0.3508040611146211,-0.3449220435142022,-0.2654470767001383,0.01570678818424837,0.6052876467034309,0,0.5781914893617022
-0.2986722157006852,-0.2628063377212388,2.0916994416889403,-0.6084760863756025,6.965020018590569,-0.20479697334628322,-0.4674222183133764,-0.09336853471000801,-1.4116083042794547,2.348666744345848,-1.2231563248141601,1.2126230021958784,0.37377718117224445,-0.3333082728653385,-0.37042273781207263,2.0044772024649116,0.22370394851298314,0,0.5781914893617022
-0.5828605021735893,1.0917241938244566,-0.18347739979973715,-0.4649090132498635,0.4339144060699435,0.170923381130358,1.5868219605912244,-0.01890271210025967,-0.31591754715843684,-0.39429897292206867,-1.0384509404557904,-0.8246586104577844,-1.3212787164127995,-0.47848040597613806,-0.9971130544227678,-0.22721330706721812,1.2767750487985665,0,0.5781914893617022
0.1560290426559612,0.5499119812061786,-0.5454373518547538,0.25292635237883154,0.24244876922080477,0.4527136469878389,2.085709832610913,0.6725656407043861,-1.4116083042794547,-0.8028257818768645,-1.0384509404557904,-0.8246586104577844,-1.3212787164127995,0.2183458329557006,-0.7933246868630056,0.3744795714915113,1.699278437043181,0,0.5781914893617022
-0.2418345584061041,-0.5337124440303778,-0.3386030935376015,-0.6802596229384719,0.39136648677013486,-0.5805173278229244,-0.32069049124876203,-0.07209258539292018,-0.8959891244577985,1.473252153728428,-0.8537455560974225,1.2126230021958784,-0.7121684129029853,-0.30427384624317816,-0.054519236698484665,0.38907394150124613,-0.30899589777908,0,0.5781914893617022
-0.014483929227780629,0.5228213705752647,-0.3903116581168895,-0.7520431595013414,-0.16175646412737738,1.0162941787028006,2.085709832610913,0.2470466543630429,-0.9604415219355041,2.698832580592817,-1.2231563248141601,1.2126230021958784,-0.9938634927344006,0.04123583056052525,-0.8136719692911017,0.5412159936548715,1.5356490776486573,0,0.5781914893617022
0.04235372806679999,0.76663686625349,-0.4420202226961777,-0.24955840356125478,0.11480501132137874,-0.4865872392037641,0.7944706344423069,0.33215045163133516,-0.7026319320246761,-0.39429897292206867,-1.1308036326349762,-0.8246586104577844,-1.514817493076031,0.12543566776478876,-0.8971812044662839,0.07999654117135846,0.7082382953413029,0,0.5781914893617022
-0.5260228448790082,0.7124556449916621,-1.4244829497026519,-0.5366925498127328,-0.26812626237689907,-0.2987270619654435,-0.23265145500999343,0.5661858941190651,1.295392389784237,-0.5693818910455523,-0.9460982482766065,-0.8246586104577844,-0.3567680366601828,-0.46105975000284144,-0.8456761853915548,-0.9088122337573975,0.40257459441377025,0,0.5781914893617022
-0.46918518758442757,-0.6962561078158611,-0.8039801747511945,0.3247098889417011,0.0935310516714744,1.2041543559411212,0.14885103535800384,-0.01890271210025967,0.3930588250963417,0.24767172686403935,-0.11492401866394757,-0.8246586104577844,1.085943902958573,-0.5539699151937533,0.31401857263773686,-0.28202678686926236,0.5823613148945249,0,0.5781914893617022
0.2697043572451234,0.7124556449916621,-0.08006027064116081,-0.6084760863756025,-0.2894002220268034,-1.1440978595378861,-0.7315393270296822,0.19385678107038237,-1.0248939194132125,0.4811156176953516,-1.1308036326349762,1.2126230021958784,-1.3378867350051824,0.35190419541763646,-0.8762145595332084,0.3228081233718188,-0.398058456070078,0,0.5781914893617022
-0.9807241032356551,-0.750437329077689,1.1092367146824658,-0.6084760863756025,-0.37449606062642044,0.6405738242261595,2.9661001949985994,-2.412447010270278,-1.2182511118463322,-0.9195477272925205,0.9933082874862633,-0.8246586104577844,-1.4648433335066837,-1.0823964797170644,0.6906389445039365,-0.3515160978750548,0.49824844170553584,0,0.5781914893617022
-1.0943994178248164,-0.750437329077689,0.2818996814138561,0.5400604986303095,-0.8850710922241243,-0.3926571505846038,0.14885103535800384,-2.0188419479045074,0.32860642761863323,-0.2192160547985845,1.6397771327405526,-0.8246586104577844,-0.9969523155992914,-1.1985341862057037,0.8715200836506534,-0.8587252417111059,-0.9538164838436319,0,0.5781914893617022
-0.696535816762751,-0.5337124440303778,0.7472767626274489,2.1192983030134385,-0.3532221009765164,1.110224267321961,2.349826941327219,0.3002365276557034,0.7153208124848753,0.3060326995718674,0.06978136569442037,-0.8246586104577844,-1.0467274090574754,-0.7688246721977372,0.1798450299700186,0.1587126337917908,1.6193844021338903,0,0.5781914893617022
-0.5828605021735893,0.902089919408059,-1.4244829497026519,-0.03420779387264641,-0.26812626237689907,-1.2380279481570464,-1.0250027811589109,0.6725656407043861,1.1664875948288258,-0.8028257818768645,-1.1308036326349762,-0.8246586104577844,-0.9686777062976011,-0.4988045046116496,-0.9469581312858159,-0.8796782551742172,-0.06825075511195731,0,0.5781914893617022
-1.0375617605302356,1.931533123382788,-1.4244829497026519,-0.17777486699838554,1.6678040657643942,-0.9562376822995656,-1.0543491265718337,-0.6518622042830025,1.6176543771727734,-0.8611867545846925,0.3468394422319739,-0.8246586104577844,0.779635635523593,-0.8530245094020008,-1.051163211395562,-1.458122303268386,-0.22818526173061374,0,0.5781914893617022
-0.46918518758442757,-0.6962561078158611,-0.4937287872754658,-0.6802596229384719,-0.1830304237772817,0.7345039128453198,0.29558276242261816,-0.1252824586855807,0.19970163266321922,-0.45265994562989675,-0.9460982482766065,-0.8246586104577844,0.21983087090104292,-0.5539699151937533,0.08727114463595963,-0.32251573406041373,0.4836611857161293,0,0.5781914893617022
0.2697043572451234,-1.5631556480051063,0.3853168105724321,-0.6084760863756025,-0.6936054553749854,-0.2987270619654435,-0.6141539453779907,-1.4869432149778434,-1.089346316890918,-0.39429897292206867,0.8086029031278954,1.2126230021958784,0.6593812786787485,0.10801501179149216,2.4639201122101433,0.0846848167715343,-1.3720302937819793,1,3.697278911564626
-0.18499690111152348,-0.4253500015067221,-0.23518596437902517,-0.24955840356125478,0.13607897097128308,-0.016936796107962622,-0.555461254552145,-0.28485207856362127,-0.6381795345469705,-0.9779087000003487,-0.20727671084313318,-0.8246586104577844,1.1155184942971228,-0.2345912223499948,0.003290615746412275,-0.09826474037226526,-0.26404410666750816,0,0.5781914893617022
-0.5828605021735893,0.7124556449916621,-1.4244829497026519,-0.39312547668699394,-0.07666062552776001,-0.9562376822995656,-0.7315393270296822,0.8321352605823676,1.9399163645613071,1.7650570172675677,-0.4843347873806851,-0.8246586104577844,-0.7732141028641754,-0.5191286032471616,-0.769330250037421,-0.6931367678627239,-0.18228743185683718,0,0.5781914893617022
0.4402173291288653,1.281358468240854,-1.2176486913854994,-0.6802596229384719,-0.20430438342718604,-1.1440978595378861,-0.9956564357459879,0.6725656407043861,-0.1225603547253144,-0.6861038364612083,-0.6690401717390546,-0.8246586104577844,-0.6118790651096021,0.5870830510571314,-1.0031583892985128,-0.3240651881807261,-0.29639698508234685,0,0.5781914893617022
1.2359445312529969,-1.346430762957795,1.2126538438410421,-0.6084760863756025,-0.16175646412737738,-0.5805173278229244,-0.7021929816167592,0.7789453872897071,-0.7026319320246761,1.356530208312772,-0.9460982482766065,1.2126230021958784,0.2384910297217951,1.1184130582426575,1.1022358223582003,1.382865635505884,-0.782129031924144,0,0.5781914893617022
-1.0375617605302356,0.76663686625349,-1.4244829497026519,1.2578958642590046,-0.6510575360751767,-0.4865872392037641,-0.8195783632684508,-0.986958406026811,0.9086780049179978,-0.5693818910455523,1.2703663640238168,-0.8246586104577844,1.1043223990046722,-0.9778725438772883,-0.506107696801527,-1.3713886650175453,-0.47433255762929266,0,0.5781914893617022
1.6338081323150622,-0.6962561078158611,1.160945279261754,-0.39312547668699394,0.24244876922080477,0.2648534697495183,0.06081199911923523,0.5821428561068513,-1.3471559068017462,-0.45265994562989675,-0.022571326484763597,1.2126230021958784,0.000387403169003857,1.5945776548460802,0.339212731304601,1.257865865659169,-0.2009550385366622,0,0.5781914893617022
-0.9238864459410739,0.7937274768844039,-1.0625229976476351,-0.10599133043551597,0.029709172721761382,0.07699329251119767,0.999895052332767,-0.49761157173426335,0.2641540301409277,-0.6861038364612083,-0.2996294030223171,-0.8246586104577844,-1.1209698092436977,-0.8588313947264327,-0.7730627179880676,-0.8855964993173031,0.8091543392563461,0,0.5781914893617022
-0.8670487886464934,0.1706434323733841,-1.2693572559647877,-0.6084760863756025,-0.07666062552776001,0.170923381130358,-0.37938318207460775,0.03428716119240084,0.8442256074402894,-0.16085508209075644,-0.3919820952015011,-0.8246586104577844,0.8724032822324723,-0.8675417227130809,-0.4813970081304026,-0.8660833687783103,0.15973855185087557,0,0.5781914893617022
-1.208074732413978,-0.046081452673927346,-1.0108144330683468,1.3296794008218744,-0.3532221009765164,-0.4865872392037641,-0.4674222183133764,-0.14655840800266853,1.6176543771727734,-0.16085508209075644,1.0856609796654473,-0.8246586104577844,-0.23501050035477833,-1.2391823834767273,-0.03288561208293097,-1.0722282821754803,-0.30415794614628827,0,0.5781914893617022
0.3833796718342847,0.4957307599443507,-1.2176486913854994,-0.4649090132498635,1.2423248727663074,1.0162941787028006,1.2346658156361499,0.8853251338750281,-0.9604415219355041,0.24767172686403935,-0.9460982482766065,-0.8246586104577844,-0.5191114184007224,0.44481436060854723,-0.753075954123315,0.3823089162735128,1.5290590337849614,0,0.5781914893617022
0.04235372806679999,0.1706434323733841,-1.0108144330683468,-0.32134194012412437,0.3700925271202305,-0.016936796107962622,-0.11526607335830197,-0.49761157173426335,-1.1537987143686266,-0.8028257818768645,0.5315448265903419,-0.8246586104577844,-0.10587371942480409,0.061559929196037276,-0.30143873193851567,-0.22956370414186997,-0.14177198301170033,0,0.5781914893617022
0.5538926437180275,-1.4006119842196227,0.6955681980481608,-0.39312547668699394,0.07225709202157006,-0.9562376822995656,-0.9369637449201422,0.6725656407043861,-0.18701275220302285,0.24767172686403935,-0.6690401717390546,1.2126230021958784,-0.03208127317910405,0.41577993398638796,1.3395141420778731,0.7775590586263097,-0.9139680004082512,0,0.5781914893617022
-1.2649123897085592,0.38736831742069494,-1.0108144330683468,-0.5366925498127328,-0.3532221009765164,-0.20479697334628322,-0.08591972794537911,-1.7954444800753215,0.4575112225740473,-0.6861038364612083,0.5315448265903419,-0.8246586104577844,-0.44695880429381585,-1.2507961541255919,-0.43340813447923227,-1.404747142467585,-0.36921528771406126,0,0.5781914893617022
0.0991913853613806,-0.20862511645941093,-0.8556887393304827,-0.17777486699838554,-0.07666062552776001,-0.6744474164420847,0.5596998711389239,0.03428716119240084,-0.8959891244577985,-0.7444648091690365,-0.9460982482766065,-0.8246586104577844,-1.5949392018753419,0.07898058516933286,-0.3477137172450003,0.0228472818348594,0.2945243702407911,0,0.5781914893617022
0.4402173291288653,-1.7256993117905899,0.4887339397310084,-0.6802596229384719,-0.43831793957613346,-0.9562376822995656,-1.1130418173976795,-0.64654321695376,-0.5092747395915564,-0.45265994562989675,0.6238975187695258,1.2126230021958784,1.4290091624857506,0.2648009155511565,3.0457852052305756,0.24973616326664874,-1.6769725610420496,1,3.697278911564626
-0.014483929227780629,1.362630300133596,-0.9073973039097707,0.03757574269022316,-0.14048250447747304,2.7070357738476862,1.1466267793973812,0.8321352605823676,1.1020351973511173,-0.7444648091690365,-0.3919820952015011,-0.8246586104577844,0.8915965884481032,0.13124255308922061,-0.9889716332870059,-0.6255586997381921,2.129398007947844,0,0.5781914893617022
0.3833796718342847,1.3897209107645099,-0.18347739979973715,-0.6084760863756025,-0.20430438342718604,-0.5805173278229244,-0.7902320178555279,0.09811500914360527,-0.1225603547253144,0.0725888087405558,-0.3919820952015011,-0.8246586104577844,0.625022891008793,0.5406279684616755,-0.9972009844765743,-0.12208810842663916,-0.27957684437289865,0,0.5781914893617022
-0.3555098729952658,0.4957307599443507,-1.2176486913854994,0.898978181444657,-0.07666062552776001,0.8284340014644801,-0.08591972794537911,0.5661858941190651,0.19970163266321922,-0.7444648091690365,-0.8537455560974225,-0.8246586104577844,1.140398706058125,-0.31008073156761,-0.7368216582092092,-0.40828493991963116,1.0488991024035943,0,0.5781914893617022
-1.1512370751193974,-0.1002626739357552,-0.7522716101719064,-0.17777486699838554,-0.2468523027269947,1.2041543559411212,-0.23265145500999343,-0.529525495709895,0.7153208124848753,0.5394765904031796,0.5315448265903419,-0.8246586104577844,2.2407260711884476,-1.18692041555684,-0.1073660811433439,-0.8259586249870835,0.19187816870051289,0,0.5781914893617022
-0.46918518758442757,0.38736831742069494,0.2301911168345679,0.10935927925309273,0.32754460782042183,-0.2987270619654435,1.4694365789395327,1.4065858921432075,0.9086780049179978,-0.2192160547985845,-0.8537455560974225,-0.8246586104577844,-1.6058181369904554,-0.437832208705114,-0.6853497211478737,0.06829307363476793,1.1273404340603501,0,0.5781914893617022
0.32654201453970405,1.87735190212096,-0.7522716101719064,0.647735803474614,0.008435213071857043,-1.1440978595378861,-0.9956564357459879,1.4172238668016923,0.8442256074402894,-0.8028257818768645,0.9933082874862633,-0.8246586104577844,-0.6118790651096021,0.5348210831372436,-0.9564868572769831,-0.39318296691041643,-0.31748177810267253,0,0.5781914893617022
1.6906457896096438,-0.8587997716013447,1.160945279261754,-0.5366925498127328,0.05098313237166572,0.3587835583686786,-0.027227037119533372,0.32151247697279123,-1.0248939194132125,-0.5110209183377248,0.06978136569442037,1.2126230021958784,0.29605960480709265,1.6352258521171044,0.5788977002434166,1.1049418726590041,-0.34828731538392493,0,0.5781914893617022
0.6107303010126082,-0.6962561078158611,0.17848255225527973,-0.24955840356125478,0.05098313237166572,-0.2987270619654435,0.41296814407430965,-0.07209258539292018,-1.5405130992348686,-0.16085508209075644,0.06978136569442037,1.2126230021958784,-1.1056423459794456,0.5493382964483238,0.36440688997146514,0.6577131242422681,-0.2117847315889152,0,0.5781914893617022
1.1791068739584163,-0.6420748865540336,1.4194881021581949,0.46827696206744024,-0.2468523027269947,0.5466437356069992,0.1781973807709267,1.5236036133870723,-1.0248939194132125,1.356530208312772,-0.4843347873806851,1.2126230021958784,0.17836385129937282,1.135833714215954,0.152407262164926,1.6198230502042685,0.2959230888681775,0,0.5781914893617022
-0.6396981594681699,-0.9671622141250005,-0.08006027064116081,-0.5366925498127328,-0.09793458517766435,1.5798747104177624,0.7944706344423069,0.03428716119240084,0.5864160175294613,-0.45265994562989675,-0.8537455560974225,-0.8246586104577844,0.39001151934629846,-0.757210901548873,0.4543860280674084,-0.27329298694084536,0.9538324299491678,0,0.5781914893617022
0.4970549864234459,-0.5337124440303778,1.2643624084203304,-0.17777486699838554,-0.09793458517766435,-0.20479697334628322,-0.7315393270296822,0.459806147533744,0.2641540301409277,-0.27757702750641255,0.8086029031278954,1.2126230021958784,1.4854764256998516,0.45062124593298014,0.36733644330482146,0.4458589682203175,-0.8499136080713922,0,0.5781914893617022
0.04235372806679999,-1.021343435386828,0.7472767626274489,-0.32134194012412437,-0.33194814132661205,0.6405738242261595,-0.3500368366616849,-1.4975811896363873,-1.2827035093240406,0.7145595085266638,1.8244825170989223,1.2126230021958784,1.6815433118599228,-0.06619154794146674,1.3944033766462054,0.2354030673234464,-1.0814379453978162,0,0.5781914893617022
-0.696535816762751,-0.9129809928631726,0.12677398767599157,-0.6802596229384719,-0.16175646412737738,1.767734887656083,0.6477389073776926,0.1034339964728477,0.8442256074402894,-0.9195477272925205,-0.9460982482766065,-0.8246586104577844,0.779635635523593,-0.8094728694687607,0.3504101351565409,-0.37742991030527845,0.9808310661193896,0,0.5781914893617022
0.04235372806679999,2.7442514423102047,-0.6488544810133302,2.478215985827786,-0.31067418167670774,-0.4865872392037641,0.1781973807709267,1.2044643736310503,0.3930588250963417,-0.9779087000003487,-0.4843347873806851,-0.8246586104577844,-1.1444340739939112,0.33738698210655627,-1.317029351490989,-0.30134673671552825,1.2859449721694938,0,0.5781914893617022
1.5769704750204816,-1.8882429755760732,1.0575281501031777,-0.7520431595013414,-0.4170439799262291,-0.8623075936804053,-0.9663100903330651,0.3002365276557034,-0.573727137069262,-0.10249410938292837,-0.2996294030223171,1.2126230021958784,0.5631777932028739,1.4087573244642566,3.3737091751802377,1.0774758862708642,-1.3696261648779586,0,0.5781914893617022
1.3496198458421582,0.76663686625349,-0.2868945289583133,0.10935927925309273,0.41264044642003916,0.07699329251119767,-0.40872952748753066,1.9491225997283566,-0.18701275220302285,1.8817789626832238,-0.4843347873806851,1.2126230021958784,0.779635635523593,1.4610192923841443,-0.7918921831719262,1.030663158093361,0.3750961067641933,0,0.5781914893617022
-0.2986722157006852,-0.47953122276855,0.023356858517415518,0.10935927925309273,0.2637227288707091,0.170923381130358,1.3813975427007643,-0.07209258539292018,-0.573727137069262,0.0725888087405558,-0.9460982482766065,-0.8246586104577844,-1.23684005346416,-0.3565358141630659,-0.12802439306269756,0.2570909274805697,0.8651704795079164,0,0.5781914893617022
-0.9238864459410739,-0.2628063377212388,-1.3210658205440755,-0.24955840356125478,-0.16175646412737738,1.8616649762752433,1.85093906930753,-0.7954748621731976,-1.3471559068017462,-0.7444648091690365,-0.6690401717390546,-0.8246586104577844,-0.36115569562614364,-0.9720656585528564,-0.24445194447775195,-0.4901330540120137,1.6608601152614695,0,0.5781914893617022
-0.6396981594681699,0.5770025918370925,-1.0625229976476351,0.03757574269022316,-0.22557834307709038,-0.016936796107962622,1.1172804339844584,0.39597829958253955,1.295392389784237,-0.6861038364612083,-0.6690401717390546,-0.8246586104577844,-1.2590952049389956,-0.5917146698025614,-0.74155716174324,-0.8266237960389573,1.014996826605998,0,0.5781914893617022
-0.696535816762751,1.0104523619317147,-1.4244829497026519,-0.1418830987169506,-0.3532221009765164,0.4527136469878389,-0.027227037119533372,-0.22102423061241686,-0.1225603547253144,-1.2113525908316605,-0.9460982482766065,-0.8246586104577844,0.43422418501180654,-0.6033284404514262,-0.9560841534421479,-0.8916714802017357,0.79439721728146,0,0.5781914893617022
-0.2986722157006852,0.44154953868252284,0.0750654230967034,-0.6802596229384719,0.5615581639693695,-0.6744474164420847,-0.555461254552145,0.3534264009483639,-0.31591754715843684,5.266715379737248,-1.2231563248141601,1.2126230021958784,-0.4519348466460163,-0.2578187636477222,-0.7775906299281964,0.8793373481422496,-0.2454657457976708,0,0.5781914893617022
-0.2418345584061041,-0.9671622141250005,-0.3386030935376015,-0.4649090132498635,-0.31067418167670774,2.8009658624668465,1.5868219605912244,-0.17847233197830026,-0.2514651496807284,-0.45265994562989675,-0.8537455560974225,-0.8246586104577844,0.46131527916959386,-0.35072892883863405,0.4543860280674084,-0.08387299192214591,1.6920202729533034,0,0.5781914893617022
0.4402173291288653,-1.2922495416959674,0.2818996814138561,-0.3572337084055593,-0.5234137781757509,-0.2987270619654435,-0.6141539453779907,-0.8380267608073143,-0.31591754715843684,1.0647253447736316,1.1780136718446312,1.2126230021958784,0.6593812786787485,0.3112559981466124,1.7848361803274257,0.24163447362915147,-1.3165077824601228,1,3.697278911564626
1.1791068739584163,-0.046081452673927346,0.9024024563653135,-0.39312547668699394,-0.16175646412737738,-0.9562376822995656,-1.0250027811589109,0.5342719701434333,-0.573727137069262,0.5978375631110077,0.9009555953070794,1.2126230021958784,0.5298765866919938,1.1997094527847054,-0.07164585618579873,0.8027736903197097,-1.2629182113144872,0,0.5781914893617022
0.2697043572451234,0.11646221111155625,-1.2176486913854994,-0.24955840356125478,0.667927962218891,-0.20479697334628322,0.23689007159677242,-0.28485207856362127,-0.6381795345469705,-0.33593800021424064,0.43919213441115784,-0.8246586104577844,-0.8437981818818011,0.28802845684888395,-0.2837701011851305,-0.17199799694056198,0.012334435639705758,0,0.5781914893617022
-0.2986722157006852,-0.15444389519758306,0.12677398767599157,-0.4649090132498635,-0.26812626237689907,-0.768377505061245,-0.7608856724426051,-0.44442169844160284,0.006344440230099625,-0.5693818910455523,-0.022571326484763597,-0.8246586104577844,-0.10587371942480409,-0.3216945022164737,-0.18482576896617295,-0.2838998471195116,-0.7731755527716226,0,0.5781914893617022
0.3833796718342847,1.4709927426572516,-0.8039801747511945,-0.10599133043551597,-0.09793458517766435,-0.768377505061245,-0.5848075999650678,0.8640491845579993,0.13524923518551366,-0.04413313667510031,-0.022571326484763597,-0.8246586104577844,-0.6118790651096021,0.5493382964483238,-0.9708835193723341,-0.17100392731330227,-0.05720234595020285,0,0.5781914893617022
-0.07132158652236226,-1.021343435386828,0.5404425043102966,-0.03420779387264641,-0.16175646412737738,-0.3926571505846038,0.2662364170096953,0.5661858941190651,-0.05810795724760882,-1.0946306454160049,-1.315509016993344,1.2126230021958784,-1.1001298372616009,-0.18232925443010703,0.38663702997163957,0.32374664120151164,0.20267472632846384,0,0.5781914893617022
1.6906457896096438,0.4957307599443507,2.0399908771096524,1.9039476933248303,-0.03411270622795163,-0.9562376822995656,-0.8489247086813736,1.0980846270457292,-0.573727137069262,0.1893107541562113,2.748009438890765,1.2126230021958784,-0.4165787562488028,1.780397985227904,-0.10290411755907965,1.3110196673259094,-1.2562964757840644,1,3.697278911564626
-0.8670487886464934,-0.15444389519758306,-0.8556887393304827,-0.7520431595013414,-0.26812626237689907,-0.016936796107962622,0.031465653706312366,-0.6837761282586342,0.32860642761863323,0.7729204812344919,-0.8537455560974225,-0.8246586104577844,-0.34682864594137486,-0.9023830346596726,-0.3662237113675948,-0.6020949403725857,0.0867392762934932,0,0.5781914893617022
-0.2986722157006852,0.6311838130989204,-1.4244829497026519,2.1192983030134385,-0.03411270622795163,-1.0501677709187258,-0.8782710540942965,0.9917048804604082,0.5864160175294613,-0.6277428637533803,-0.7613928639182386,-0.8246586104577844,-0.663416646614535,-0.2374946650122102,-0.7810484633708462,-0.34702620872232665,0.32123801795569834,0,0.5781914893617022
0.8949185874855122,1.1459054150862844,0.023356858517415518,0.03757574269022316,-0.20430438342718604,0.4527136469878389,0.8531633252681526,0.6725656407043861,-0.18701275220302285,-0.8611867545846925,-0.576687479559869,-0.8246586104577844,-0.6962132893904018,1.0371166637006104,-0.9463702839126824,0.20363773436667307,0.975702838217398,0,0.5781914893617022
-1.0943994178248164,0.1706434323733841,-0.6488544810133302,-0.5366925498127328,-0.20430438342718604,0.07699329251119767,0.5010071803130782,-2.0188419479045074,0.13524923518551366,-0.33593800021424064,0.06978136569442037,-0.8246586104577844,-0.7688704672323217,-1.0998171356903594,-0.39141787003445894,-1.0947400451675307,-0.02090820366183324,0,0.5781914893617022
-1.2649123897085592,-0.8046185503395168,-0.6488544810133302,-0.5366925498127328,-0.33194814132661205,-0.9562376822995656,-0.8489247086813736,-0.6571811916122449,0.7153208124848753,-0.5110209183377248,-0.9460982482766065,-0.8246586104577844,-0.4165787562488028,-1.3785476312630949,0.21191592961939304,-0.8358932143278127,-0.6360767060426945,0,0.5781914893617022
0.2697043572451234,0.44154953868252284,-0.7005630455926182,-0.10599133043551597,-0.43831793957613346,-0.5805173278229244,-0.1739587641841477,0.08747703448506136,-0.7670843295023845,-0.39429897292206867,-0.8537455560974225,-0.8246586104577844,-0.9211045541392014,0.32286976879547613,-0.7115075908019949,-0.008056880687579057,0.07034131881719807,0,0.5781914893617022
0.2697043572451234,-1.2380683204341394,0.5404425043102966,-0.17777486699838554,-0.5872356571254639,0.2648534697495183,0.7064315982035383,-0.694414102917119,0.5219636200517557,0.3643936722796955,1.2703663640238168,1.2126230021958784,-0.7536074142481681,0.14285632373808435,1.682901193537355,-0.00561275560564192,-0.5076133021150563,0,0.5781914893617022
-0.2986722157006852,0.22482465363521137,0.17848255225527973,-0.5366925498127328,-0.3957700202763248,0.9223640900836404,2.115056178023836,-0.25825714191729104,-0.1225603547253144,-0.7444648091690365,-1.0384509404557904,-0.8246586104577844,-1.0602560242025207,-0.2810463049454507,-0.6367294149486622,-0.18804768262291133,1.4309753275498922,0,0.5781914893617022
0.6675679583071887,1.7960800702282183,-0.08006027064116081,-0.4649090132498635,-0.1830304237772817,-0.2987270619654435,-0.5848075999650678,0.2044947557289263,-0.38036994463614243,-0.2192160547985845,-0.3919820952015011,-0.8246586104577844,0.5477165187513939,0.8745238746165142,-1.1091584367067513,-0.009878174992098109,0.012836281154489851,0,0.5781914893617022
-0.6396981594681699,-0.8046185503395168,0.12677398767599157,-0.5366925498127328,-0.31067418167670774,1.3920145331794418,0.6477389073776926,0.0608820978387311,0.7153208124848753,-0.39429897292206867,-0.8537455560974225,-0.8246586104577844,0.40856504868807386,-0.7397902455755769,0.23843609663714443,-0.28529996906590577,0.8158525651200631,0,0.5781914893617022
-0.2986722157006852,1.5793551851809067,0.0750654230967034,1.2578958642590046,-0.09793458517766435,0.4527136469878389,0.47166083490015537,-0.16783435731975635,-0.9604415219355041,-0.7444648091690365,-0.9460982482766065,-0.8246586104577844,-0.3364751139426155,-0.13587417183465111,-1.1257354214223279,-0.02710804518673223,1.1756446139330816,0,0.5781914893617022
-0.46918518758442757,-0.15444389519758306,0.43702537515172024,2.5499995223906553,-0.3532221009765164,0.07699329251119767,1.5868219605912244,0.5661858941190651,0.2641540301409277,0.83128145394232,0.06978136569442037,1.2126230021958784,-1.3849427876835996,-0.4959010619494336,-0.16467044203268172,0.3702377157140011,1.1053665742489514,0,0.5781914893617022
-0.8670487886464934,2.0940767871682713,0.0750654230967034,1.616813547073352,-0.37449606062642044,-0.11086688472712292,-0.2619978004229163,-0.5135685337220497,1.424297184739651,-0.6861038364612083,0.6238975187695258,-0.8246586104577844,0.0303584890287955,-0.6613972936957453,-1.0584435462145507,-1.0462937821108864,0.3396967045439629,0,0.5781914893617022
0.6107303010126082,-1.021343435386828,0.4887339397310084,-0.24955840356125478,-0.26812626237689907,-1.0501677709187258,-1.0250027811589109,0.6725656407043861,-0.573727137069262,-0.2192160547985845,-1.1308036326349762,1.2126230021958784,0.0303584890287955,0.5144969845017316,0.44591740330543694,0.7207795302017403,-0.7475095739678125,0,0.5781914893617022
-1.8332889626543674,0.30609648552795315,-1.4244829497026519,-0.6084760863756025,-0.927619011523933,-0.20479697334628322,1.1172804339844584,-2.178411567782548,1.6176543771727734,1.6483350718519114,2.286245977994844,-0.8246586104577844,-1.41011230423252,-1.840195014555438,-0.058725774818176146,-1.870495011243518,-0.5107204749589681,1,3.697278911564626
1.2927821885475774,-0.5878936652922057,1.0575281501031777,0.10935927925309273,-0.48086585887594213,-1.0501677709187258,-0.8782710540942965,0.2470466543630429,-0.6381795345469705,1.2398082628971157,0.8086029031278954,1.2126230021958784,-0.663416646614535,1.257778306029025,0.43039159124182397,1.006252602274495,-1.3567141636176434,0,0.5781914893617022
-0.8670487886464934,1.3897209107645099,-1.4244829497026519,-0.10599133043551597,0.34881856747032614,-0.20479697334628322,-0.5261149091392221,-0.07209258539292018,1.3598447872619455,-0.6277428637533803,0.2544867500527883,-0.8246586104577844,0.5631777932028739,-0.736886802913361,-0.907336469486486,-1.2475332654451279,0.15887852527365445,0,0.5781914893617022
2.82739893550126,-0.5337124440303778,1.5746137958960587,-0.4649090132498635,-0.37449606062642044,-0.11086688472712292,-0.23265145500999343,1.9491225997283566,-1.6049654967125742,-0.9779087000003487,-1.315509016993344,1.2126230021958784,-0.03208127317910405,2.8314442289500934,-0.17170137003273667,1.9821949226314228,-0.022503024018357062,0,0.5781914893617022
0.8949185874855122,-1.1297058779104838,1.471196666737483,-0.39312547668699394,-0.31067418167670774,-1.2380279481570464,-1.171734508223525,-0.7422849888805372,-1.0248939194132125,0.4227546449875235,0.9009555953070794,1.2126230021958784,-0.03208127317910405,0.7932274800744671,1.3091878399788701,0.8064579544741945,-1.9006946327609122,0,0.5781914893617022
1.6906457896096438,-0.8587997716013447,0.6955681980481608,-0.17777486699838554,0.008435213071857043,-0.9562376822995656,-0.9369637449201422,1.0980846270457292,-1.4116083042794547,0.83128145394232,-1.0384509404557904,1.2126230021958784,-0.03208127317910405,1.6352258521171044,0.2520545607813955,1.5442391670347517,-0.7144019131491994,0,0.5781914893617022
0.1560290426559612,-0.8046185503395168,0.43702537515172024,0.3247098889417011,-0.14048250447747304,1.2980844445602815,2.085709832610913,0.14066690777772187,-0.7026319320246761,-0.5693818910455523,-0.9460982482766065,1.2126230021958784,-0.8301558808952015,0.07317369984490099,0.21191592961939304,0.4947631331171705,1.4937222759349453,0,0.5781914893617022
-1.0943994178248164,-0.9129809928631726,-0.3386030935376015,-0.24955840356125478,-0.86379713257422,0.9223640900836404,0.0021193082933894966,-0.06677359806367776,1.0375827998734117,0.6561985358188358,-0.6690401717390546,-0.8246586104577844,1.0502079384244918,-1.2159548421789992,0.43439066404608756,-0.5397151823657674,0.32392098925114415,0,0.5781914893617022
1.5769704750204816,-1.1838870991723116,1.3160709729996185,-0.24955840356125478,-0.5872356571254639,-1.2380279481570464,-1.1130418173976795,-0.54016347036838,-1.8627750866234023,1.0063643720658035,0.43919213441115784,1.2126230021958784,-0.5191114184007224,1.4842468336818728,1.262456739225816,1.3165925446322764,-1.7824610772909686,1,3.697278911564626
-0.2418345584061041,-0.6962561078158611,0.0750654230967034,-0.5366925498127328,1.4763384289152552,-1.425888125395367,-0.11526607335830197,0.3002365276557034,-0.05810795724760882,1.531613126436256,-0.8537455560974225,1.2126230021958784,-2.319647106795796,-0.3216945022164737,0.11246530330282377,0.551765828371478,-0.43290994867041216,0,0.5781914893617022
1.1791068739584163,-1.5631556480051063,1.1092367146824658,-0.5366925498127328,-0.26812626237689907,-0.9562376822995656,-0.8195783632684508,0.5129960208264045,-0.8315367269800901,2.348666744345848,0.5315448265903419,1.2126230021958784,-0.5191114184007224,1.0371166637006104,2.3379493188758227,1.381478884167326,-1.501230674727316,0,0.5781914893617022
-0.18499690111152348,-0.046081452673927346,-1.2693572559647877,-0.6084760863756025,-0.37449606062642044,-0.5805173278229244,-0.37938318207460775,-0.5242065083805936,0.19970163266321922,-0.5110209183377248,-0.3919820952015011,-0.8246586104577844,-0.6118790651096021,-0.19394302507897074,-0.34296756490587416,-0.6822823567725324,-0.3227014429516921,0,0.5781914893617022
0.2697043572451234,0.38736831742069494,0.0750654230967034,-0.24955840356125478,0.22117480957090044,-1.0501677709187258,-0.9663100903330651,1.0980846270457292,0.32860642761863323,-0.9779087000003487,-1.2231563248141601,-0.8246586104577844,-0.3026535760800032,0.3170628834710443,-0.7525341442595116,0.14692958833424494,-0.20015202756784106,0,0.5781914893617022
0.8949185874855122,-0.6962561078158611,1.3160709729996185,2.9807007417678726,0.19990084992099402,-0.9562376822995656,-0.8489247086813736,0.9917048804604082,-0.2514651496807284,0.9480033993579754,1.1780136718446312,1.2126230021958784,-0.4165787562488028,0.839682562669923,0.6667367939738348,1.2842902384156594,-0.7379680494556904,1,3.697278911564626
0.6675679583071887,1.931533123382788,-0.028351706061872647,-0.17777486699838554,-0.07666062552776001,1.3920145331794418,2.848714813346908,0.5661858941190651,-0.444822342113848,-0.7444648091690365,-0.9460982482766065,-0.8246586104577844,-1.0789161830232725,0.8890410879275943,-1.210583876406228,0.12849428914496672,2.39529723619,0,0.5781914893617022
0.9517562447800928,0.1706434323733841,-0.18347739979973715,-0.24955840356125478,-0.1830304237772817,0.2648534697495183,0.29558276242261816,1.2576542469237109,-0.8315367269800901,-0.5693818910455523,-0.2996294030223171,1.2126230021958784,-0.3399738937215065,0.9906615811051545,-0.4634011805112137,0.5878014889664139,0.45413051564921786,0,0.5781914893617022
0.9517562447800928,0.3331870961588671,0.17848255225527973,-0.24955840356125478,0.05098313237166572,0.9223640900836404,0.41296814407430965,1.4172238668016923,-0.8315367269800901,-0.16085508209075644,-0.20727671084313318,1.2126230021958784,0.25594730732830434,1.0080822370784501,-0.5387396452898509,0.7685258203442707,0.7445951278640126,0,0.5781914893617022
-1.0943994178248164,0.76663686625349,-1.0108144330683468,-0.32134194012412437,-0.9063450518740286,0.2648534697495183,0.0021193082933894966,-0.9763204313682671,1.1664875948288258,-0.9779087000003487,0.9009555953070794,-0.8246586104577844,0.10320487827134533,-1.035941397121608,-0.5662728518268741,-1.523042409209051,-0.06622102410412857,0,0.5781914893617022
-0.8102111313519123,-0.20862511645941093,-0.9073973039097707,-0.17777486699838554,-0.2894002220268034,-0.3926571505846038,-0.5261149091392221,-0.44442169844160284,0.7153208124848753,-0.45265994562989675,-0.20727671084313318,-0.8246586104577844,0.1302621085614355,-0.8501210667397843,-0.18318043615527588,-0.8190082211060513,-0.2946483639579884,0,0.5781914893617022
-0.5260228448790082,0.6040932024680065,-0.5454373518547538,2.0475147664505693,1.7103519850642028,3.364546394181808,1.4694365789395327,0.33215045163133516,-0.18701275220302285,-0.9195477272925205,-0.8537455560974225,-0.8246586104577844,0.9784234498997639,-0.47267352065170515,-0.785076599204211,0.02070029355995593,2.9282520071541764,0,0.5781914893617022
-1.8332889626543674,-0.3169875589830667,-1.3210658205440755,-0.8956102326270804,-1.140358608022976,0.170923381130358,-0.11526607335830197,-2.4656368835629388,3.8090358914148092,-0.2192160547985845,2.1938932858156597,-0.8246586104577844,0.1892960655579953,-1.906974195786406,0.4635753868516754,-2.7159787236079795,-1.034461435460656,0,0.5781914893617022
-0.41234753028984694,-0.1002626739357552,-0.6488544810133302,0.18114281581596198,0.4764623253697522,1.5798747104177624,0.7357779436164612,-0.6571811916122449,-0.8959891244577985,-0.16085508209075644,-0.20727671084313318,-0.8246586104577844,0.4682921636924214,-0.43202532338068217,-0.2654470767001383,-0.13655467809207086,1.0078034436932557,0,0.5781914893617022
0.8949185874855122,0.22482465363521137,-0.13176883522044897,-0.39312547668699394,0.34881856747032614,-0.3926571505846038,1.205319470223227,-0.2316622052709608,-1.7338702916679882,1.4148911810206,-0.2996294030223171,1.2126230021958784,-1.5916721876528255,0.9383996131852667,-0.49528852418731995,0.834422133271822,0.2972853808450999,0,0.5781914893617022
-0.8670487886464934,0.44154953868252284,-1.2176486913854994,-0.7520431595013414,-0.6510575360751767,-1.0501677709187258,-1.1130418173976795,-0.7901558748439552,0.7153208124848753,-0.33593800021424064,-0.8537455560974225,-0.8246586104577844,0.779635635523593,-0.8385072960909206,-0.7115075908019949,-1.1130641397264667,-0.6250712986352462,0,0.5781914893617022
-0.3555098729952658,0.1706434323733841,-0.3903116581168895,-0.39312547668699394,-0.26812626237689907,-0.6744474164420847,-0.2619978004229163,1.0448947537530686,1.1020351973511173,-0.2192160547985845,-1.0384509404557904,-0.8246586104577844,-0.9686777062976011,-0.3449220435142022,-0.6073678014647229,-0.2891470258716789,0.13321931436168566,0,0.5781914893617022
-0.696535816762751,0.5499119812061786,-1.1142315622269232,-0.39312547668699394,-0.09793458517766435,-0.768377505061245,-0.555461254552145,0.9651099438140779,2.326630749427549,0.4227546449875235,-0.7613928639182386,-0.8246586104577844,-0.6758567524950366,-0.652686965709098,-0.7453358132118363,-0.8646629240058131,0.05660931872324728,0,0.5781914893617022
-0.8102111313519123,0.5499119812061786,0.2818996814138561,2.9807007417678726,3.135707281607792,4.679567634850052,1.9683244509592217,0.6034188054239392,-0.573727137069262,-0.5693818910455523,-0.8537455560974225,-0.8246586104577844,1.2596073728434487,-0.7688246721977368,-0.7613321044288925,0.6044557736135526,3.8658764803885117,0,0.5781914893617022
-0.5260228448790082,-0.750437329077689,1.0575281501031777,-0.39312547668699394,-0.11920854482757076,-0.20479697334628322,0.5596998711389239,0.2470466543630429,0.19970163266321922,-0.6277428637533803,-1.1308036326349762,-0.8246586104577844,-1.1103320922020898,-0.6178456537625053,0.09631520159329526,0.19184454877971518,0.24650642537884945,0,0.5781914893617022
0.5538926437180275,1.335539689502682,-0.028351706061872647,0.18114281581596198,-0.20430438342718604,0.7345039128453198,0.23689007159677242,0.8853251338750281,0.006344440230099625,0.0725888087405558,0.16213405787360433,-0.8246586104577844,0.31579740197919415,0.7090276428702026,-0.9026154765330895,0.14620263298396027,0.7054020477747498,0,0.5781914893617022
0.21286669995054183,0.929180530038973,-0.18347739979973715,-0.03420779387264641,2.944241644758653,-1.0501677709187258,-0.9663100903330651,1.2576542469237109,0.0707968377078052,-0.33593800021424064,-1.315509016993344,-0.8246586104577844,-0.3026535760800032,0.3170628834710443,-0.9852801814676849,0.5212239181747611,0.24592409035192556,0,0.5781914893617022
2.0885093906717094,-0.15444389519758306,1.626322360475347,-0.823826696064211,-0.31067418167670774,0.6405738242261595,-0.1739587641841477,0.6725656407043861,-2.5072990614004724,0.13094978144838387,0.06978136569442037,1.2126230021958784,1.0888611245531923,2.117197334044959,-0.16467044203268172,1.7148399929955942,-0.2996652465829877,1,3.697278911564626
-0.8102111313519123,0.22482465363521137,-1.4244829497026519,0.18114281581596198,-0.14048250447747304,0.4527136469878389,-0.20330510959707057,-0.8273887861488294,0.6508684150071697,-0.8028257818768645,0.3468394422319739,-0.8246586104577844,0.8588275290555636,-0.8036659841443284,-0.3715277447711446,-1.1290870445154295,0.16382612247850686,0,0.5781914893617022
-0.2986722157006852,0.11646221111155625,-1.4244829497026519,-0.6084760863756025,-0.37449606062642044,-0.8623075936804053,-0.9076173995072193,-0.07741157272222167,-0.31591754715843684,-0.10249410938292837,-0.9460982482766065,-0.8246586104577844,0.20665899408639496,-0.29266007559431445,-0.558615468460012,-0.4577495293534507,-0.37404850686806745,0,0.5781914893617022
-0.2986722157006852,-1.1297058779104838,0.8506938917860253,0.10935927925309273,0.34881856747032614,-0.768377505061245,-0.9076173995072193,0.31087450231424735,0.13524923518551366,0.7145595085266638,0.5315448265903419,1.2126230021958784,0.5886434217111933,-0.4262184380562503,1.1832170466445495,0.4355789201446707,-1.036505910676226,1,3.697278911564626
1.2359445312529969,-0.5878936652922057,1.9882823125303641,0.28881812066026646,0.6041060832691758,-0.3926571505846038,-0.555461254552145,0.14066690777772187,-0.444822342113848,0.5394765904031796,1.1780136718446312,1.2126230021958784,0.21983087090104292,1.1997094527847054,0.5263693385441631,1.1727752060402024,-1.0432736715477962,1,3.697278911564626
-0.12815924381694285,0.7124556449916621,-0.2868945289583133,-0.24955840356125478,-0.3957700202763248,-0.6744474164420847,-0.7315393270296822,0.03428716119240084,-0.05810795724760882,3.1657203622554397,-0.11492401866394757,1.2126230021958784,0.0737948453473348,-0.05457777729260302,-0.7082535017541141,0.20292938130189744,-0.5370557894865121,0,0.5781914893617022
-0.014483929227780629,-1.346430762957795,1.0575281501031777,-0.32134194012412437,0.11480501132137874,-0.9562376822995656,-1.0543491265718337,-1.4124773923681542,-0.31591754715843684,-0.2192160547985845,1.8244825170989223,1.2126230021958784,0.779635635523593,-0.15910171313237856,2.1819854795095206,0.044308109012909776,-1.970879281199664,1,3.697278911564626
1.2927821885475774,-1.346430762957795,0.5921510688895848,9.297651959300389,-0.3957700202763248,-0.9562376822995656,-0.7315393270296822,3.119299812167006,-1.2182511118463322,0.014227836032727747,-1.1308036326349762,1.2126230021958784,-0.7732141028641754,1.176481911486978,1.0302525118814456,2.470571612608359,1.3251733321269106,0,0.5781914893617022
0.5538926437180275,-1.1297058779104838,1.5229052313167706,-0.39312547668699394,-0.2894002220268034,1.0162941787028006,0.5010071803130782,0.08747703448506136,-0.18701275220302285,0.7729204812344919,0.2544867500527883,1.2126230021958784,0.23016572809407515,0.44481436060854723,1.088738951643809,0.7993302641538479,-0.031086132763909754,0,0.5781914893617022
-0.7533734740573317,-0.5337124440303778,-1.3210658205440755,-0.4649090132498635,-0.16175646412737738,-0.11086688472712292,-0.5848075999650678,-0.9656824567097231,0.2641540301409277,0.889642426650148,0.16213405787360433,-0.8246586104577844,1.0115547522957922,-0.8268935254420569,0.2032814566368694,-0.7144152455130576,-0.5221504769097611,0,0.5781914893617022
-0.2418345584061041,-1.0755246566486558,-0.23518596437902517,-0.6084760863756025,-0.22557834307709038,0.170923381130358,-0.08591972794537911,-0.25825714191729104,-0.1225603547253144,-0.04413313667510031,-1.0384509404557904,-0.8246586104577844,0.1302621085614355,-0.36234269948749775,0.5590890251245063,-0.02283446204911159,-0.009884089918730327,0,0.5781914893617022
-0.5260228448790082,-0.20862511645941093,-0.4420202226961777,0.3247098889417011,-0.22557834307709038,-0.016936796107962622,-0.32069049124876203,-0.07209258539292018,0.3930588250963417,-0.8611867545846925,0.06978136569442037,-0.8246586104577844,0.34086973892754036,-0.5597768005181851,-0.12148045574662872,-0.48415511441095377,-0.05226584546663379,0,0.5781914893617022
0.1560290426559612,-0.3169875589830667,0.12677398767599157,0.3247098889417011,-0.2468523027269947,1.2980844445602815,2.5552513592176793,0.459806147533744,-0.05810795724760882,-0.7444648091690365,-0.9460982482766065,-0.8246586104577844,-1.0241797171490672,0.12543566776478876,-0.2654470767001379,0.22794183140313345,1.8716279407619059,0,0.5781914893617022
-0.3555098729952658,-1.617336869266934,0.4887339397310084,-0.5366925498127328,-0.8850710922241243,0.6405738242261595,0.3542754532484639,0.19385678107038237,0.6508684150071697,0.3060326995718674,1.5474244405613686,1.2126230021958784,0.022033187401075557,-0.5365492592204572,3.02074753202127,-0.07746501552703883,-0.5540695934812008,0,0.5781914893617022
-1.4922630188868822,3.258973044297569,-0.9591058684890589,-0.7520431595013414,1.7954478236638196,-0.8623075936804053,-0.8489247086813736,-1.4550292910022706,1.2309399923065314,-1.0362696727081766,-0.576687479559869,-0.8246586104577844,-0.07480321574240403,-1.1753066449079757,-1.4069877171810616,-1.7192559499714535,0.19103280380598878,0,0.5781914893617022
-0.696535816762751,-1.4006119842196227,1.678030925054635,-0.32134194012412437,-0.2894002220268034,0.07699329251119767,-0.6728466362038364,0.7470314633141344,0.4575112225740473,0.3643936722796955,0.16213405787360433,1.2126230021958784,1.948507984055477,-0.8617348373886491,1.675436257636061,0.45343666254376075,-0.6761910683007964,0,0.5781914893617022
0.4402173291288653,1.335539689502682,-0.2868945289583133,-0.24955840356125478,-0.1830304237772817,-0.3926571505846038,0.0021193082933894966,0.459806147533744,-0.8315367269800901,-0.8611867545846925,-0.7613928639182386,-0.8246586104577844,-0.8437981818818011,0.5928899363815633,-1.0326498438459364,0.0707689758619818,0.3827108674823592,0,0.5781914893617022
-0.7533734740573317,0.11646221111155625,-0.7522716101719064,-0.24955840356125478,-0.26812626237689907,-0.11086688472712292,-0.37938318207460775,-0.44442169844160284,0.32860642761863323,-0.39429897292206867,-0.6690401717390546,-0.8246586104577844,0.31579740197919415,-0.757210901548873,-0.5036463950050358,-0.6740962006039635,0.03312335116194083,0,0.5781914893617022
1.4632951604313205,-0.750437329077689,1.0058195855238894,-0.5366925498127328,0.6466540025689866,-0.9562376822995656,-0.9956564357459879,0.7789453872897071,-0.05810795724760882,0.5394765904031796,-0.576687479559869,1.2126230021958784,0.31579740197919415,1.4145642097886884,0.251356178004767,1.1042949980358856,-0.9106535996651396,0,0.5781914893617022
-0.9807241032356551,1.0646335831935427,-0.3903116581168895,3.770319643959437,-0.31067418167670774,1.2041543559411212,0.9118560160939984,0.5129960208264045,-0.1225603547253144,-0.6861038364612083,-1.1308036326349762,-0.8246586104577844,-0.08345576107167973,-0.8878658213485929,-1.0021590266829241,-0.13449842866910958,2.225306348852892,0,0.5781914893617022
-0.5828605021735893,-1.0755246566486558,1.0058195855238894,-0.32134194012412437,-0.22557834307709038,-1.0501677709187258,-1.0836954719847565,-0.49761157173426335,0.13524923518551366,-0.7444648091690365,-0.11492401866394757,1.2126230021958784,0.4844658505407936,-0.7107558189534171,0.864472766541041,-0.05815120235842163,-1.2150543199763255,0,0.5781914893617022
-1.5491006761814632,0.7124556449916621,-1.4244829497026519,-0.03420779387264641,-0.4595918992260378,-0.8623075936804053,-0.9663100903330651,-2.2209634664166646,1.3598447872619455,-0.45265994562989675,2.286245977994844,-0.8246586104577844,0.5631777932028739,-1.506299108400599,-0.31125463791261837,-2.0270231963023524,-1.35177173462209,0,0.5781914893617022
-0.41234753028984694,-0.6420748865540336,-0.7005630455926182,0.3247098889417011,-0.012838746578047294,0.4527136469878389,-0.14461241877122483,-0.17847233197830026,0.0707968377078052,-0.5110209183377248,0.06978136569442037,-0.8246586104577844,0.7041270858768304,-0.49009417662500177,0.2998852641173012,-0.3302722138219079,0.1160192705913909,0,0.5781914893617022
1.4632951604313205,0.00809976858790052,1.1092367146824658,1.4732464739476128,0.6466540025689866,-0.5805173278229244,-0.9076173995072193,1.8427428531430354,-1.5405130992348686,-0.5693818910455523,1.1780136718446312,1.2126230021958784,1.3526122769607911,1.4958606043307365,-0.05628802361673817,1.5192841052365973,-0.5317644557002168,0,0.5781914893617022
-0.9807241032356551,1.1188148044553705,-1.3210658205440755,3.8421031805223067,0.731749841168604,4.867427812088373,2.2324415596755274,1.4172238668016923,1.0375827998734117,-0.7444648091690365,-0.4843347873806851,-0.8246586104577844,1.0938486324407657,-0.8820589360241605,-0.9235802010590382,-0.4216817229336854,4.322595809173763,0,0.5781914893617022
-1.1512370751193974,2.6629796104174632,-1.4244829497026519,-0.39312547668699394,-0.09793458517766435,0.07699329251119767,-0.7021929816167592,-1.258226759819415,1.811011569605893,-0.6277428637533803,0.7162502109487098,-0.8246586104577844,2.1324971500280885,-0.8907692640108084,-1.1744128011517072,-1.994982413078047,0.04815649666678129,0,0.5781914893617022
1.4064575031367397,-0.4253500015067221,0.2818996814138561,-0.03420779387264641,0.24244876922080477,0.3587835583686786,-0.2913441458358392,0.7683074126311632,-0.444822342113848,0.3060326995718674,0.3468394422319739,1.2126230021958784,0.9505234057767922,1.391336668490961,0.1376594619696879,0.845113974786521,-0.1861976828305014,0,0.5781914893617022
0.04235372806679999,-0.8587997716013447,0.7989853272067371,-0.17777486699838554,-0.5234137781757509,-0.3926571505846038,-0.8489247086813736,-0.6571811916122449,-0.8959891244577985,0.889642426650148,0.7162502109487098,1.2126230021958784,1.6340744867895898,-0.04877089196817116,0.7695561982629289,0.4091478537753042,-1.1888058481351966,1,3.697278911564626
-0.5828605021735893,-0.47953122276855,-0.3903116581168895,-0.6802596229384719,-0.8212492132744112,0.7345039128453198,0.47166083490015537,-1.7209786574655732,0.4575112225740473,-0.5110209183377248,1.1780136718446312,-0.8246586104577844,-0.03208127317910405,-0.646880080384665,0.3987625608808252,-1.0015292212340434,-0.32802685528649844,0,0.5781914893617022
-0.7533734740573317,1.4980833532881657,-1.4244829497026519,-0.03420779387264641,-0.4170439799262291,-0.8623075936804053,-0.8195783632684508,0.08747703448506136,1.1020351973511173,-0.5693818910455523,-0.7613928639182386,-0.8246586104577844,-0.1944246549196436,-0.6091353257758575,-1.0791714560025825,-1.1335610773112252,0.06407333672992677,0,0.5781914893617022
-1.3785877042977204,-0.47953122276855,-1.4244829497026519,-0.6802596229384719,-0.9701669308237415,-1.2380279481570464,-1.0836954719847565,-1.2422697978316286,1.1020351973511173,1.1230863174814596,1.1780136718446312,-0.8246586104577844,-0.6962132893904018,-1.4598440258051424,0.3987625608808252,-1.3385189375504787,-1.530831360098157,0,0.5781914893617022
-0.8670487886464934,0.3331870961588671,-0.9073973039097707,-0.6084760863756025,-0.5234137781757509,1.6738047990369227,0.14885103535800384,-0.49761157173426335,0.6508684150071697,0.0725888087405558,-0.6690401717390546,-0.8246586104577844,1.6985604378285328,-0.8501210667397848,-0.624143572974136,-0.8734823521727054,0.8739356857781924,0,0.5781914893617022
0.4402173291288653,-0.9129809928631726,0.5921510688895848,-0.5366925498127328,-0.5872356571254639,0.4527136469878389,0.20754372618384956,-0.9497254947219368,-0.8315367269800901,0.9480033993579754,0.5315448265903419,1.2126230021958784,0.01219419456831553,0.35190419541763646,0.7983062892341257,0.3879514522033797,-0.5190232646056026,1,3.697278911564626
-0.5828605021735893,1.6606270170736486,-1.2693572559647877,-0.32134194012412437,0.0935310516714744,-0.5805173278229244,-0.8489247086813736,-0.07209258539292018,0.5219636200517557,-1.0946306454160049,-0.7613928639182386,-0.8246586104577844,0.9505234057767922,-0.417508110069602,-1.122350197824619,-0.999796929867484,0.14650092803274528,0,0.5781914893617022
0.8380809301909317,-0.4253500015067221,0.5404425043102966,-0.03420779387264641,-0.14048250447747304,1.6738047990369227,0.5303535257260011,0.27896057833867466,-1.0248939194132125,-0.45265994562989675,-0.576687479559869,1.2126230021958784,0.8780255638511926,0.8106481360477626,-0.08628861506910433,0.698981790870813,0.8416865601388602,0,0.5781914893617022
1.1222692166638357,-1.021343435386828,1.2643624084203304,0.18114281581596198,1.5188863482150639,-0.11086688472712292,0.7944706344423069,1.6299833599723934,-0.8315367269800901,-0.10249410938292837,-0.9460982482766065,1.2126230021958784,-1.1684849453628798,1.0371166637006104,0.505197776639235,1.6166902602640405,0.5692390435887114,0,0.5781914893617022
2.0316717333771286,-0.8587997716013447,2.143408006268228,-0.17777486699838554,-0.20430438342718604,-0.3926571505846038,-0.7021929816167592,-0.49761157173426335,-1.9916798815788164,-0.04413313667510031,2.1938932858156597,1.2126230021958784,0.779635635523593,1.9836389715830232,1.2053470508789574,1.4358467865447304,-1.7680629243083992,0,0.5781914893617022
1.9179964187879663,-0.4253500015067221,1.8331566187924995,-0.24955840356125478,-0.31067418167670774,-0.8623075936804053,-0.7315393270296822,1.5980694359967618,-0.6381795345469705,0.1893107541562113,0.43919213441115784,1.2126230021958784,-0.4908777867936722,1.9139563476898398,0.16005426967356706,1.5301733445052446,-1.0058730946029208,0,0.5781914893617022
2.600048306322937,-0.9671622141250005,1.1092367146824658,2.334648912702047,-0.4595918992260378,-1.0501677709187258,-0.37938318207460775,2.4810213326550796,-0.7026319320246761,0.014227836032727747,1.4550717483821847,1.2126230021958784,-1.5395555321983991,2.5527137333773577,1.1742191328349552,1.9242087543095143,-0.7132079010601496,1,3.697278911564626
-0.6396981594681699,0.00809976858790052,-0.7005630455926182,-0.32134194012412437,-0.5021398185258464,-0.11086688472712292,-0.555461254552145,-1.8645913153558276,0.2641540301409277,-0.27757702750641255,1.5474244405613686,-0.8246586104577844,0.8915965884481032,-0.652686965709097,0.019769813868134502,-1.0846979322667714,-0.9843594558217558,0,0.5781914893617022
1.065431559369254,-0.20862511645941093,1.8331566187924995,0.25292635237883154,-0.33194814132661205,-0.5805173278229244,-0.6435002907909135,0.03428716119240084,-0.9604415219355041,0.7145595085266638,1.9168352092781062,1.2126230021958784,0.0303584890287955,1.0661510903227696,0.28985274697768326,1.003912522987681,-1.3701989140028554,1,3.697278911564626
1.2927821885475774,-1.021343435386828,1.1092367146824658,0.46827696206744024,-0.20430438342718604,0.3587835583686786,0.8825096706810754,1.3108441202163712,-0.7670843295023845,0.24767172686403935,-0.3919820952015011,1.2126230021958784,-0.8021716737432014,1.2113232234335694,0.683038896640629,1.367314639860188,0.45609288261076025,0,0.5781914893617022
-0.07132158652236226,-1.7798805330524174,0.7989853272067371,-0.03420779387264641,-0.2468523027269947,1.3920145331794418,0.0901583445321581,-0.008264737441715759,1.424297184739651,0.889642426650148,-0.022571326484763597,1.2126230021958784,1.4799404195023902,-0.2636256489721551,2.959405232658471,0.1510639200924496,0.06494652704838501,0,0.5781914893617022
-1.1512370751193974,2.446254725370152,-1.3727743851233638,-0.39312547668699394,-0.6510575360751767,-0.11086688472712292,-0.4380758729004535,-0.986958406026811,1.8754639670836015,-1.1529916181238324,0.7162502109487098,-0.8246586104577844,0.4844658505407936,-0.9139968053085369,-1.1292468024211944,-2.038511852120893,0.05659701456277727,0,0.5781914893617022
-0.18499690111152348,0.3331870961588671,-1.1659401268062115,-0.39312547668699394,0.029709172721761382,-0.3926571505846038,-0.4674222183133764,0.3268314643020337,0.32860642761863323,-0.27757702750641255,-0.3919820952015011,-0.8246586104577844,-0.03208127317910405,-0.1532948278079467,-0.5729012163635648,-0.4563237687919479,-0.021096474905275615,0,0.5781914893617022
1.1222692166638357,-1.1297058779104838,0.9024024563653135,2.7653501320792646,-0.31067418167670774,-1.0501677709187258,-1.0250027811589109,0.459806147533744,-0.5092747395915564,0.9480033993579754,2.00918790145729,1.2126230021958784,0.0303584890287955,1.0255028930517456,1.6871002199818321,1.1112736786608632,-1.314553880764626,1,3.697278911564626
1.3496198458421582,-0.5337124440303778,0.5921510688895848,-0.24955840356125478,0.39136648677013486,-0.768377505061245,-0.4674222183133764,0.9917048804604082,-2.700656253833592,-0.9195477272925205,-0.7613928639182386,1.2126230021958784,-0.8437981818818011,1.3216540445977776,-0.031082810031634264,1.456429827125519,-0.35457365512082295,0,0.5781914893617022
-0.7533734740573317,0.22482465363521137,-1.3210658205440755,-0.39312547668699394,-0.33194814132661205,0.07699329251119767,-0.6435002907909135,-0.5242065083805936,0.32860642761863323,-0.27757702750641255,-0.20727671084313318,-0.8246586104577844,1.7786718308499894,-0.7455971309000088,-0.477608412842152,-0.8959967401657425,-0.10467028891510752,0,0.5781914893617022
-0.12815924381694285,-0.8046185503395168,0.023356858517415518,-0.32134194012412437,-0.4595918992260378,-0.2987270619654435,-0.5261149091392221,0.03428716119240084,-0.5092747395915564,0.4227546449875235,-0.6690401717390546,1.2126230021958784,0.3467199508821543,-0.21717056637669818,0.2914764306726476,0.2370847379330537,-0.399116023654266,1,3.697278911564626
-0.41234753028984694,-0.2628063377212388,0.17848255225527973,0.18114281581596198,-0.37449606062642044,-1.1440978595378861,-0.9663100903330651,0.1034339964728477,-0.573727137069262,-0.6277428637533803,-0.11492401866394757,-0.8246586104577844,-0.7355692607214419,-0.44944597935397773,-0.11848115114343057,0.01941576470677242,-0.7952159311298189,0,0.5781914893617022
0.8380809301909317,-0.15444389519758306,1.1092367146824658,0.03757574269022316,3.4548166763563573,-1.0501677709187258,-0.8195783632684508,1.2044643736310503,0.006344440230099625,0.7729204812344919,0.2544867500527883,1.2126230021958784,-0.8437981818818011,0.839682562669923,-0.12435978816569924,1.3071166262121725,-0.5435189922606304,0,0.5781914893617022
-0.18499690111152348,-1.8882429755760732,0.4887339397310084,-1.1827443788785585,-0.8212492132744112,1.8616649762752433,1.7922463784816844,-3.545391311404053,-2.700656253833592,-1.2697135635394887,2.101540593636474,1.2126230021958784,-0.32251209372410566,-0.3913771261096581,4.829371675932387,-0.2756905827405829,-0.39338193856220255,0,0.5781914893617022
-0.696535816762751,0.3331870961588671,-1.3727743851233638,-0.03420779387264641,-0.22557834307709038,0.3587835583686786,1.0879340885715356,0.38534032492399567,1.5532019796950651,-0.39429897292206867,-0.576687479559869,-0.8246586104577844,-0.939294288788001,-0.675914507006826,-0.6070627874372789,-0.9331549885063423,1.0806246034335651,0,0.5781914893617022
-0.3555098729952658,-1.346430762957795,0.12677398767599157,-0.39312547668699394,-0.5446877378256552,0.170923381130358,-0.40872952748753066,-0.8167508114902855,-0.18701275220302285,1.4148911810206,0.8086029031278954,1.2126230021958784,0.9706278493359923,-0.5075148325982973,1.7860772718873688,0.025873993243083884,-0.8985086609284465,1,3.697278911564626
-1.5491006761814632,0.4144589280516089,-1.1659401268062115,-0.10599133043551597,-0.31067418167670774,0.2648534697495183,-0.6728466362038364,-2.210325491758121,1.6176543771727734,-0.6277428637533803,2.286245977994844,-0.8246586104577844,2.468006805625203,-1.5382369776849747,-0.13218871680928637,-2.0040459415194887,-0.8882309419523521,0,0.5781914893617022
-0.7533734740573317,1.1188148044553705,-1.1659401268062115,-0.39312547668699394,-0.14048250447747304,-0.2987270619654435,0.1781973807709267,-0.07209258539292018,0.5219636200517557,-0.5110209183377248,-0.576687479559869,-0.8246586104577844,-0.9039253603042234,-0.649783523046881,-0.9372913078165152,-0.8901280181949663,0.46639895293774103,0,0.5781914893617022
-1.208074732413978,0.38736831742069494,-1.0108144330683468,-0.39312547668699394,0.05098313237166572,1.485944621798602,-0.11526607335830197,-0.9763204313682671,0.9086780049179978,-0.45265994562989675,0.06978136569442037,-0.8246586104577844,2.255484560437588,-1.1927273008812718,-0.5173886633687796,-1.219991284719263,0.5616510275038953,0,0.5781914893617022
0.0991913853613806,-0.47953122276855,1.160945279261754,-0.4649090132498635,5.986417874694971,-0.11086688472712292,-0.2913441458358392,-0.21038625595387295,-1.9272274841011108,2.5821106351771603,-0.9460982482766065,1.2126230021958784,0.09608455451079516,0.04994615854717253,-0.12802439306269756,1.9224778580263693,0.18873688167306454,0,0.5781914893617022
0.3833796718342847,-0.8046185503395168,0.6955681980481608,-0.10599133043551597,0.32754460782042183,-0.9562376822995656,-1.1130418173976795,-0.3699558758318545,-1.1537987143686266,-0.45265994562989675,1.3627190562030007,1.2126230021958784,1.4290091624857506,0.30544911282218057,0.8749201050631856,0.4707238260355,-1.511827022538051,1,3.697278911564626
-0.41234753028984694,2.2837110615846683,-1.2693572559647877,-0.39312547668699394,0.05098313237166572,-0.8623075936804053,-0.8195783632684508,-0.44442169844160284,-0.7026319320246761,-0.5693818910455523,-0.7613928639182386,-0.8246586104577844,-0.1944246549196436,-0.17652236910567518,-1.262605356567603,-0.7424006281263434,0.06381849804859388,0,0.5781914893617022
0.32654201453970405,0.3331870961588671,0.5921510688895848,-0.17777486699838554,0.1573529306211874,-1.0501677709187258,-0.7608856724426051,0.9917048804604082,0.3930588250963417,-0.45265994562989675,-0.11492401866394757,1.2126230021958784,-0.9913830743732011,0.369324851390932,-0.5216588597529938,0.26803616670904856,-0.5349464724136914,0,0.5781914893617022
-0.5260228448790082,-0.20862511645941093,-0.028351706061872647,-0.32134194012412437,-0.3532221009765164,-0.20479697334628322,-0.6728466362038364,-1.518857138953475,0.2641540301409277,-0.16085508209075644,1.4550717483821847,-0.8246586104577844,1.169259751700888,-0.5597768005181851,0.18701944629660527,-0.7316203167059007,-1.101676697001097,0,0.5781914893617022
-1.2649123897085592,-0.2628063377212388,-0.9591058684890589,-0.6084760863756025,-0.20430438342718604,0.170923381130358,-0.5261149091392221,-1.4443913163437267,0.9086780049179978,-0.6861038364612083,0.7162502109487098,-0.8246586104577844,1.4290091624857506,-1.3204787780187752,0.07047503885804973,-1.352415994037705,-0.5418775272156816,0,0.5781914893617022
-1.7196136480652056,-0.3169875589830667,-0.8556887393304827,-0.24955840356125478,-0.8425231729243156,-0.016936796107962622,1.205319470223227,-2.6145685287823763,1.4887495822173595,1.298169235604944,2.932714823249133,-0.8246586104577844,-1.2998189171080354,-1.7908364892977662,0.6351100841579841,-1.7262728045219333,-0.772688771928704,1,3.697278911564626
-0.5828605021735893,-0.2628063377212388,0.2301911168345679,-0.32134194012412437,-0.5446877378256552,1.3920145331794418,0.1781973807709267,0.28959855299721854,-0.05810795724760882,-0.04413313667510031,-0.3919820952015011,-0.8246586104577844,1.260653062902969,-0.6236525390869376,-0.1814665478105909,-0.07082908279548611,0.618368847215384,1,3.697278911564626
1.0085939020746735,-1.346430762957795,0.9541110209446017,-0.5366925498127328,-0.7999752536245069,-1.0501677709187258,-1.0250027811589109,0.3534264009483639,-1.7338702916679882,0.7729204812344919,-0.20727671084313318,1.2126230021958784,0.0303584890287955,0.8861376452653789,1.3901690642652187,1.2154903298575321,-1.3498297429660804,0,0.5781914893617022
0.21286669995054183,0.5228213705752647,-0.597145916434042,-0.39312547668699394,0.28499668852061105,-0.2987270619654435,0.031465653706312366,-0.28485207856362127,-1.089346316890918,-0.5110209183377248,0.5315448265903419,-0.8246586104577844,-0.7444042746937156,0.27351124353780376,-0.5073109999020338,-0.05806927118465142,-0.17036186957379845,0,0.5781914893617022
-0.3555098729952658,2.581707778524721,-0.6488544810133302,-0.32134194012412437,0.30627064817051747,-0.4865872392037641,-0.4674222183133764,-0.3699558758318545,-0.5092747395915564,-1.0362696727081766,-0.3919820952015011,-0.8246586104577844,-0.23501050035477833,-0.08651564657697876,-1.2782271862934824,-0.6921504590581794,0.2972604148345684,0,0.5781914893617022
-1.208074732413978,-0.1002626739357552,-0.7005630455926182,-0.4649090132498635,-0.6723314957250832,-0.11086688472712292,-0.40872952748753066,-1.4763052403193586,1.1020351973511173,-0.5110209183377248,0.9933082874862633,-0.8246586104577844,0.3976512078987943,-1.2449892688011595,-0.008565458920347635,-1.377904523048573,-0.705678858341344,0,0.5781914893617022
-0.7533734740573317,0.38736831742069494,0.12677398767599157,1.4014629373847436,-0.4170439799262291,0.3587835583686786,1.8215927238946072,1.2789301962407986,-0.05810795724760882,2.9906374441319556,-0.20727671084313318,1.2126230021958784,-1.2865528593559996,-0.7281764749267132,-0.5677769807025079,0.6077738622317329,1.378537943713623,0,0.5781914893617022
-1.2649123897085592,-1.7256993117905899,0.6438596334688729,-0.823826696064211,-0.4595918992260378,2.284350375061465,3.435641721605365,-2.9443457431969424,-0.38036994463614243,-0.39429897292206867,1.3627190562030007,-0.8246586104577844,-0.8733151603800814,-1.4772646817784392,3.4296961944399356,-0.7381524132418477,0.927227712813976,0,0.5781914893617022
-0.2418345584061041,1.0375429725626288,-1.3727743851233638,-0.4649090132498635,-0.2468523027269947,-0.8623075936804053,-0.4674222183133764,-0.029540686758803586,0.5219636200517557,-0.6861038364612083,-0.7613928639182386,-0.8246586104577844,-1.0467274090574754,-0.1358741718346501,-0.9372913078165152,-0.8167604007399856,-0.0022922993027019393,0,0.5781914893617022
2.3726976771446133,-0.8046185503395168,1.678030925054635,0.03757574269022316,-0.14048250447747304,1.3920145331794418,0.7064315982035383,1.5236036133870723,-1.3471559068017462,0.4227546449875235,0.06978136569442037,1.2126230021958784,0.32868179735542813,2.337858976373375,0.5036377668146617,1.932147390884255,0.4859985112069922,0,0.5781914893617022
-1.0375617605302356,0.4686401493134368,-1.4244829497026519,-0.4649090132498635,-0.48086585887594213,-0.6744474164420847,-0.8782710540942965,0.2470466543630429,0.9731304023957034,-0.04413313667510031,-1.1308036326349762,-0.8246586104577844,0.779635635523593,-1.009810413161664,-0.7734268612027646,-0.9483631332855689,-0.041183311328630866,0,0.5781914893617022
-0.696535816762751,0.38736831742069494,-1.4244829497026519,-0.5366925498127328,-0.2894002220268034,-0.016936796107962622,-0.40872952748753066,0.2470466543630429,1.0375827998734117,0.24767172686403935,-0.4843347873806851,-0.8246586104577844,0.5886434217111933,-0.6701076216823936,-0.6181652980362361,-0.842196990609454,0.16356387923754698,0,0.5781914893617022
-0.2986722157006852,0.11646221111155625,0.3853168105724321,-0.24955840356125478,-0.2894002220268034,0.4527136469878389,0.5303535257260011,0.3534264009483639,-0.38036994463614243,-0.5693818910455523,-1.1308036326349762,-0.8246586104577844,-0.4010435044076028,-0.29266007559431445,-0.5952615174299964,0.12245990886699472,0.7297395857974797,0,0.5781914893617022
0.1560290426559612,-0.3169875589830667,1.0058195855238894,-0.10599133043551597,-0.2894002220268034,-0.8623075936804053,-0.555461254552145,0.6193757674117255,-1.4760607017571603,-1.1529916181238324,-0.8537455560974225,1.2126230021958784,-0.899778658344056,0.12543566776478876,-0.24400523953684958,0.7117009760411347,-0.3919915400860361,0,0.5781914893617022
1.4064575031367397,-0.15444389519758306,0.9541110209446017,-0.03420779387264641,-0.31067418167670774,-1.0501677709187258,-0.6141539453779907,1.7895529798503749,-1.6694178941902826,-0.10249410938292837,-0.8537455560974225,1.2126230021958784,-1.2646884308387558,1.4203710951131214,-0.3662237113675948,1.491848200218032,-0.38627329015309986,0,0.5781914893617022
-1.1512370751193974,-1.2380683204341394,1.0575281501031777,-0.5366925498127328,-0.3957700202763248,0.170923381130358,0.38362179866138674,-0.44442169844160284,0.8442256074402894,0.7145595085266638,-0.11492401866394757,-0.8246586104577844,-0.5510478213660747,-1.3088650073699115,1.1790180202000724,-0.16240243639262295,-0.24041889066014083,0,0.5781914893617022
2.0316717333771286,0.27900587489703926,1.5746137958960587,-0.4649090132498635,-0.3532221009765164,-1.0501677709187258,-0.8782710540942965,0.6725656407043861,-1.4116083042794547,-0.16085508209075644,-0.3919820952015011,1.2126230021958784,-0.663416646614535,2.1055835633960953,-0.5434515861276045,1.369272836952227,-0.9213819031111561,0,0.5781914893617022
0.04235372806679999,1.1729960257171983,-0.8556887393304827,-0.4649090132498635,0.05098313237166572,-0.016936796107962622,0.4423144894872325,-0.1252824586855807,-0.7670843295023845,0.9480033993579754,-0.7613928639182386,-0.8246586104577844,-0.818029391129335,0.16898730769802822,-0.9823815246699634,-0.04052340904230728,0.5840786220057902,0,0.5781914893617022
-0.46918518758442757,-0.1002626739357552,-1.3210658205440755,-0.6084760863756025,-0.07666062552776001,-0.2987270619654435,-0.49676856372629924,-0.7210090395634493,0.32860642761863323,-0.6861038364612083,0.06978136569442037,-0.8246586104577844,0.25594730732830434,-0.49009417662500177,-0.2061667033663405,-0.8722843605502023,-0.3809088669820347,0,0.5781914893617022
0.4402173291288653,-1.2380683204341394,0.6955681980481608,-0.39312547668699394,-0.4170439799262291,-0.5805173278229244,-0.7021929816167592,-0.8007938495024991,-0.2514651496807284,1.1230863174814596,1.1780136718446312,1.2126230021958784,0.2384910297217951,0.3170628834710443,1.649308981981536,0.35372525109168645,-1.4852640068045992,1,3.697278911564626
0.6107303010126082,-1.5631556480051063,0.2818996814138561,-0.17777486699838554,-0.5659616974755595,3.364546394181808,0.7357779436164612,0.5980998180946377,1.0375827998734117,1.4148911810206,-0.20727671084313318,1.2126230021958784,2.1584424393473522,0.456428131257412,2.002027203317634,0.43756477937054294,1.1905991363842803,0,0.5781914893617022
-0.41234753028984694,-1.2922495416959674,1.1092367146824658,0.10935927925309273,0.0935310516714744,0.8284340014644801,0.3542754532484639,0.19385678107038237,0.006344440230099625,-0.27757702750641255,-0.2996294030223171,1.2126230021958784,0.2384910297217951,-0.5597768005181857,1.2288271614724935,0.3889454330963934,0.26743197606239993,0,0.5781914893617022
-0.014483929227780629,0.6582744237298342,-0.9073973039097707,0.25292635237883154,0.029709172721761382,0.07699329251119767,-0.23265145500999343,0.6885226026921724,-0.1225603547253144,-0.6277428637533803,-0.8537455560974225,-0.8246586104577844,0.2926054903019747,0.055753043871605415,-0.8080904941402888,-0.16033115520250954,0.5915279256762035,0,0.5781914893617022
-0.18499690111152348,-0.046081452673927346,-0.13176883522044897,-0.39312547668699394,-0.20430438342718604,0.2648534697495183,0.324929107835541,-0.3274039771977379,-0.05810795724760882,-1.0362696727081766,-0.20727671084313318,-0.8246586104577844,-0.3760291158497386,-0.19394302507897074,-0.3042073208030064,-0.32426018398275397,0.2134773034267496,0,0.5781914893617022
-0.696535816762751,-0.750437329077689,-0.8039801747511945,-0.32134194012412437,-0.48086585887594213,-0.20479697334628322,-0.7021929816167592,-2.2422394157337524,-0.05810795724760882,-0.7444648091690365,2.655656746711581,-0.8246586104577844,1.3207802413253913,-0.7920522134954652,1.1557618737383513,-1.1670321066549616,-1.5755040925026427,0,0.5781914893617022
-0.6396981594681699,1.6606270170736486,-1.4244829497026519,-0.39312547668699394,1.6678040657643942,-1.1440978595378861,-1.0836954719847565,-0.3486799265148257,0.5219636200517557,-0.8028257818768645,-0.3919820952015011,-0.8246586104577844,-0.10587371942480409,-0.47557696331392163,-1.074073965648592,-0.9215287426349367,-0.1754745263146623,0,0.5781914893617022
1.804321104198805,-1.2380683204341394,1.678030925054635,-0.39312547668699394,-0.43831793957613346,-0.3926571505846038,-0.6141539453779907,0.7257555139970465,-1.2827035093240406,1.8234179899753957,-0.2996294030223171,1.2126230021958784,0.41887256498906084,1.7107153613347206,1.1118335970884343,1.7905705451023213,-0.9507335408562233,0,0.5781914893617022
-0.9238864459410739,0.27900587489703926,-1.0108144330683468,-0.5366925498127328,0.19990084992099402,-0.11086688472712292,0.5010071803130782,-0.44442169844160284,-0.18701275220302285,-0.6861038364612083,-1.1308036326349762,-0.8246586104577844,-0.9686777062976011,-0.9139968053085363,-0.6824538408413376,-0.641661118768771,0.6096002667899934,0,0.5781914893617022
-1.0943994178248164,-0.3169875589830667,0.6438596334688729,-0.10599133043551597,-0.3532221009765164,-0.768377505061245,-0.8489247086813736,-0.2316622052709608,1.6176543771727734,0.4227546449875235,0.16213405787360433,-0.8246586104577844,0.26697232476399435,-1.1520791036102478,-0.00814503074067483,-0.5633411233198184,-0.8340155711287364,0,0.5781914893617022
1.4064575031367397,-0.3169875589830667,0.7989853272067371,-0.32134194012412437,1.774173864013916,1.0162941787028006,0.5303535257260011,0.7789453872897071,-0.8959891244577985,0.5978375631110077,0.3468394422319739,1.2126230021958784,0.1892960655579953,1.4029504391398246,0.03473864358590289,1.2865447430438566,0.4415581059484751,0,0.5781914893617022
-0.12815924381694285,1.850261291490046,-1.4244829497026519,-0.24955840356125478,-0.07666062552776001,-0.5805173278229244,-0.49676856372629924,-0.09336853471000801,-0.38036994463614243,-0.9195477272925205,-0.576687479559869,-0.8246586104577844,-0.3724786865060416,0.0673668145204681,-1.1457946898871147,-0.7095880745466798,0.24449738739202334,0,0.5781914893617022
-0.5828605021735893,-1.1297058779104838,-0.23518596437902517,-0.17777486699838554,-0.4595918992260378,1.767734887656083,0.6477389073776926,-0.4550596731001467,0.7797732099625838,-0.2192160547985845,-0.2996294030223171,-0.8246586104577844,0.779635635523593,-0.716562704277849,0.899782761642328,-0.4571573882958714,0.7245403788514746,0,0.5781914893617022
-0.41234753028984694,-0.1002626739357552,-0.18347739979973715,-0.10599133043551597,0.07225709202157006,-0.768377505061245,-0.2913441458358392,0.6725656407043861,1.0375827998734117,0.014227836032727747,-0.7613928639182386,-0.8246586104577844,-1.1001298372616009,-0.43202532338068217,-0.38400782336773415,-0.20361533726782816,-0.055592115371752265,0,0.5781914893617022
-0.9807241032356551,-0.47953122276855,-0.6488544810133302,-0.32134194012412437,-0.2468523027269947,0.5466437356069992,0.14885103535800384,-0.5508014450269239,0.0707968377078052,-0.2192160547985845,-1.0384509404557904,-0.8246586104577844,0.22828075414062873,-1.0533620530949042,-0.15092817366893727,-0.5386399344996309,0.45730405373325594,0,0.5781914893617022
-0.18499690111152348,-1.5089744267432785,0.7989853272067371,-0.6084760863756025,-0.43831793957613346,0.5466437356069992,0.06081199911923523,-1.1358900512462486,0.4575112225740473,-0.33593800021424064,1.3627190562030007,1.2126230021958784,0.39001151934629846,-0.35072892883863405,2.5159880401216626,-0.25134934802710596,-0.8522491516058007,0,0.5781914893617022
0.32654201453970405,1.1729960257171983,-0.4937287872754658,-0.03420779387264641,-0.22557834307709038,-0.11086688472712292,0.0021193082933894966,0.3481074136191215,-0.7026319320246761,-1.0946306454160049,-0.6690401717390546,-0.8246586104577844,-0.43793972753045257,0.4593315739196274,-0.9688544596139288,-0.08156313759174044,0.485000749054719,0,0.5781914893617022
-0.014483929227780629,0.7124556449916621,-0.6488544810133302,-0.4649090132498635,-0.1830304237772817,0.07699329251119767,-0.1739587641841477,0.2470466543630429,0.006344440230099625,-0.6861038364612083,-0.7613928639182386,-0.8246586104577844,0.16118465746439492,0.061559929196037276,-0.8151378112499015,-0.3266428208908135,0.3578366141784703,0,0.5781914893617022
0.32654201453970405,-1.2922495416959674,0.3853168105724321,-0.4649090132498635,-0.43831793957613346,0.8284340014644801,0.2662364170096953,0.14066690777772187,-0.8315367269800901,4.099495925580689,-0.11492401866394757,1.2126230021958784,0.38089750493279395,0.19511829165797212,1.2983282888293601,1.1124611851748099,-0.1307082712890476,0,0.5781914893617022
1.2359445312529969,-1.5631556480051063,0.7472767626274489,-0.5366925498127328,-0.22557834307709038,-0.9562376822995656,-0.7608856724426051,0.459806147533744,-0.6381795345469705,2.29030577163802,0.3468394422319739,1.2126230021958784,-0.6962132893904018,1.09518551694493,2.253968789986276,1.2525165769992548,-1.3911649378962878,1,3.697278911564626
0.8949185874855122,-0.9671622141250005,1.4194881021581949,-0.32134194012412437,-0.5446877378256552,-1.0501677709187258,-0.9956564357459879,0.19385678107038237,-0.31591754715843684,0.7729204812344919,0.16213405787360433,1.2126230021958784,-0.14804083156520395,0.8106481360477626,0.7711125941651292,0.8806163709851542,-1.3739838946980094,0,0.5781914893617022
-0.07132158652236226,0.22482465363521137,-0.08006027064116081,-0.24955840356125478,-0.5872356571254639,1.110224267321961,0.5010071803130782,-0.44442169844160284,-0.05810795724760882,-1.3280745362473168,-0.2996294030223171,-0.8246586104577844,0.3300693476267148,-0.04877089196817116,-0.49528852418731995,-0.4187872755661849,0.6495995876658153,0,0.5781914893617022
0.8380809301909317,2.446254725370152,0.2301911168345679,-0.17777486699838554,-0.20430438342718604,1.767734887656083,3.0541392312373676,0.6725656407043861,-0.38036994463614243,-1.0362696727081766,-0.9460982482766065,-0.8246586104577844,-0.9719640095717009,1.1184130582426575,-1.3143467436471348,0.1230258890624255,2.6985418076744887,0,0.5781914893617022
-0.9807241032356551,0.9562711406698869,-1.0625229976476351,-0.6802596229384719,-0.2468523027269947,-0.9562376822995656,-0.9663100903330651,-0.28485207856362127,0.8442256074402894,-0.45265994562989675,0.2544867500527883,-0.8246586104577844,0.1302621085614355,-0.8994795919974566,-0.7514620524013472,-1.131235399077071,-0.6160230220378816,0,0.5781914893617022
-0.9238864459410739,2.7713420529411192,-1.0108144330683468,-0.17777486699838554,-0.43831793957613346,0.2648534697495183,-0.4674222183133764,-0.13592043334412462,1.3598447872619455,-0.5110209183377248,0.5315448265903419,-0.8246586104577844,1.3884233170506157,-0.646880080384665,-1.2150730572204018,-1.463787237081257,0.41430437458699115,0,0.5781914893617022
1.2927821885475774,-0.9129809928631726,1.626322360475347,-0.24955840356125478,1.3699686306657335,-0.9562376822995656,-0.8782710540942965,0.9917048804604082,-1.7338702916679882,2.29030577163802,-0.9460982482766065,1.2126230021958784,-0.3026535760800032,1.222936994082434,0.3504101351565409,2.0964704104942733,-0.7639728188225364,0,0.5781914893617022
-0.18499690111152348,-0.8046185503395168,-1.1142315622269232,-0.5366925498127328,-0.20430438342718604,-0.3926571505846038,0.031465653706312366,-0.25825714191729104,0.3930588250963417,-0.8028257818768645,-0.4843347873806851,-0.8246586104577844,-0.87692948427783,-0.27523941962101783,0.34451676470815146,-0.5310697186423508,-0.13890476870061627,0,0.5781914893617022
-0.696535816762751,0.3331870961588671,-1.4244829497026519,-0.24955840356125478,-0.20430438342718604,0.9223640900836404,-0.11526607335830197,-0.8061128368317416,0.7153208124848753,0.13094978144838387,0.3468394422319739,-0.8246586104577844,1.3699752054891912,-0.675914507006826,-0.4362549320687082,-1.035873334436992,0.2738130086205358,0,0.5781914893617022
0.4970549864234459,-0.9129809928631726,0.3336082459931442,-0.6802596229384719,-0.5446877378256552,-1.0501677709187258,-1.0543491265718337,-0.034859674088105065,-0.7026319320246761,0.0725888087405558,0.06978136569442037,1.2126230021958784,0.2384910297217951,0.4099730486619561,0.6583387410848801,0.402215811848187,-1.2842958693383595,0,0.5781914893617022
-1.7764513053597861,-0.20862511645941093,-0.08006027064116081,-0.17777486699838554,0.05098313237166572,0.6405738242261595,0.765124289029384,-0.7635609381976249,2.5844403393383772,-0.2192160547985845,1.6397771327405526,-0.8246586104577844,-0.448908874945354,-1.8372915718932217,0.22815276656903646,-1.4563341886639007,0.057444096751618094,0,0.5781914893617022
0.6107303010126082,-0.5337124440303778,-0.18347739979973715,0.18114281581596198,0.0935310516714744,-0.20479697334628322,-0.08591972794537911,0.6725656407043861,-0.7670843295023845,0.4227546449875235,-0.3919820952015011,1.2126230021958784,-0.44695880429381585,0.5667589524216194,0.06266289663576662,0.6541744385304086,-0.0011921100296085963,0,0.5781914893617022
-0.9238864459410739,-1.346430762957795,0.023356858517415518,-0.10599133043551597,-1.6083857203208711,1.8616649762752433,1.5281292697653786,-3.2422090336358766,-0.31591754715843684,-1.5615184270786286,1.1780136718446312,-0.8246586104577844,-0.1294873022234278,-1.0882033650414957,1.9300438928408783,-1.2050523994771378,0.16158765089259958,1,3.697278911564626
-1.6627759907706245,1.6606270170736486,-1.0108144330683468,-0.9673937691899499,-0.8850710922241243,-0.2987270619654435,1.3227048518749185,-2.306067263684957,1.682106774650479,1.1230863174814596,2.3785986701740276,-0.8246586104577844,-1.5595055637486956,-1.5208163217116786,-0.7120022243283886,-2.045271196341623,-0.33576608859872936,1,3.697278911564626
-0.696535816762751,0.8208180875153179,-1.4244829497026519,-0.17777486699838554,-0.012838746578047294,0.07699329251119767,-0.6435002907909135,0.5821428561068513,0.9086780049179978,-0.7444648091690365,-0.8537455560974225,-0.8246586104577844,1.7786718308499894,-0.6236525390869376,-0.8730709033715676,-0.8569776960082642,0.47300916064119597,0,0.5781914893617022
0.3833796718342847,0.00809976858790052,1.1092367146824658,-0.4649090132498635,1.774173864013916,-0.9562376822995656,-0.6728466362038364,0.4066162742410835,-0.2514651496807284,-0.27757702750641255,-0.9460982482766065,1.2126230021958784,-0.9087355345780169,0.3925523926886595,-0.493620589154757,0.7414214266991302,-0.36173307617282735,0,0.5781914893617022
-0.2418345584061041,-0.6962561078158611,0.12677398767599157,-0.5366925498127328,1.4763384289152552,-1.3319580367762067,-0.08591972794537911,0.28427956566791707,0.006344440230099625,1.473252153728428,-0.8537455560974225,1.2126230021958784,-2.17862154285957,-0.3216945022164737,0.11246530330282377,0.5363434984123218,-0.3916660887790425,0,0.5781914893617022
0.1560290426559612,0.00809976858790052,-0.2868945289583133,-0.39312547668699394,0.2637227288707091,-0.8623075936804053,-0.6141539453779907,-0.01890271210025967,-0.7026319320246761,-0.5693818910455523,-0.20727671084313318,-0.8246586104577844,-0.7836710034593796,0.16027697971138097,-0.3415049141850113,0.07214846828987088,-0.5241213676664568,0,0.5781914893617022
-0.5260228448790082,0.38736831742069494,-0.08006027064116081,-0.32134194012412437,-0.09793458517766435,0.07699329251119767,1.2640121610490727,-0.3061280278806501,-0.1225603547253144,-0.5693818910455523,-0.576687479559869,-0.8246586104577844,-1.2541166192479998,-0.4959010619494336,-0.6349614038141453,-0.31289314486898306,0.7568116674878513,0,0.5781914893617022
-1.3217500470031398,-1.0755246566486558,0.2301911168345679,7.431280008665782,-0.7148794150248897,-0.9562376822995656,1.909631760133376,-0.54016347036838,-0.05810795724760882,-0.5693818910455523,0.9933082874862633,-0.8246586104577844,-2.1224318964754305,-1.4656509111295748,1.2309332562408826,0.1386560755764704,1.190313216076044,0,0.5781914893617022
-0.8102111313519123,0.27900587489703926,-0.3903116581168895,-0.5725843180941677,-0.6297835764252746,-0.768377505061245,-0.7608856724426051,-1.8699103026850699,0.4575112225740473,-0.9779087000003487,1.1780136718446312,-0.8246586104577844,-0.10587371942480409,-0.7978590988198966,-0.2480717948609216,-1.244456584865008,-1.2032500226920366,0,0.5781914893617022
-1.3217500470031398,0.06228098984972839,-1.1142315622269232,-0.5366925498127328,-0.7999752536245069,2.049525153513564,1.205319470223227,-2.3273432130019858,-0.05810795724760882,-0.9195477272925205,0.11595771178401316,-0.8246586104577844,0.3053740708883089,-1.3437063193165033,-0.31210292608321955,-1.4523213375452149,0.9590895065734659,0,0.5781914893617022
-0.7533734740573317,-0.5878936652922057,0.3853168105724321,-0.6802596229384719,0.008435213071857043,-0.016936796107962622,-0.2619978004229163,-0.33804195185628183,0.19970163266321922,-0.6277428637533803,-1.1308036326349762,-0.8246586104577844,0.19686452158319467,-0.8327004107664887,-0.0734915820954591,-0.2277982627075457,-0.038544040722276615,0,0.5781914893617022
2.600048306322937,-0.15444389519758306,1.4194881021581949,0.18114281581596198,-0.33194814132661205,-0.8623075936804053,-0.7021929816167592,1.80019095450886,-1.4116083042794547,0.13094978144838387,0.43919213441115784,1.2126230021958784,-0.5732258789809019,2.639817013243838,-0.08404913429871641,1.8407901741959796,-0.8417983321475276,0,0.5781914893617022
-0.41234753028984694,-0.5337124440303778,0.6438596334688729,0.10935927925309273,-0.11920854482757076,-0.9562376822995656,-1.0836954719847565,-0.7210090395634493,0.8442256074402894,-0.6861038364612083,1.6397771327405526,-0.8246586104577844,1.0748054205063917,-0.47848040597613806,0.5782642833064744,-0.4730060195006543,-1.5035396376390426,0,0.5781914893617022
2.2021847052608705,-1.021343435386828,1.160945279261754,-0.10599133043551597,-0.4595918992260378,-0.5805173278229244,-0.7902320178555279,1.7363631065577145,-1.2182511118463322,3.0489984168397837,-1.1308036326349762,1.2126230021958784,0.625022891008793,2.140424875342686,0.44591740330543694,2.1979969057022526,-0.6211223098440195,0,0.5781914893617022
-0.2986722157006852,-0.750437329077689,0.7472767626274489,-0.39312547668699394,-0.03411270622795163,-0.6744474164420847,-0.7902320178555279,-0.7848368875146537,0.5219636200517557,0.014227836032727747,1.0856609796654473,-0.8246586104577844,0.31579740197919415,-0.3855702407852262,0.7164791072391816,-0.20723538787438328,-1.2991664887394647,0,0.5781914893617022
-0.6396981594681699,-0.8046185503395168,0.17848255225527973,-0.39312547668699394,-0.6723314957250832,-0.11086688472712292,-0.555461254552145,-1.0720622032950442,-0.5092747395915564,0.5978375631110077,0.8086029031278954,-0.8246586104577844,0.8915965884481032,-0.7397902455755769,0.7157991029566757,-0.2213379312543841,-0.9619519195063017,1,3.697278911564626
-0.07132158652236226,-0.6962561078158611,0.8506938917860253,0.18114281581596198,0.029709172721761382,-0.4865872392037641,-0.14461241877122483,0.4066162742410835,1.424297184739651,-0.27757702750641255,0.06978136569442037,-0.8246586104577844,-0.8060439070584198,-0.14748794248351485,0.36440688997146514,0.004808186569914462,-0.3719850886927214,0,0.5781914893617022
1.7474834469042244,-0.9129809928631726,2.143408006268228,-0.32134194012412437,0.05098313237166572,-0.9562376822995656,-0.7902320178555279,1.7363631065577145,-0.8959891244577985,-0.2192160547985845,-1.1308036326349762,1.2126230021958784,-0.6118790651096021,1.687487820036992,0.29442311589684267,1.8097273800822988,-0.6741589277213691,0,0.5781914893617022
-0.12815924381694285,4.342597469534126,-1.4244829497026519,-0.5366925498127328,-0.11920854482757076,-1.2380279481570464,-1.0543491265718337,-0.17847233197830026,1.4887495822173595,-1.0362696727081766,0.43919213441115784,-0.8246586104577844,-0.8437981818818011,0.33448353944433984,-1.4550659972107156,-1.6592204166579552,-0.0902049538728391,0,0.5781914893617022
-0.8670487886464934,0.6040932024680065,-1.2693572559647877,-0.17777486699838554,-0.26812626237689907,-0.20479697334628322,-0.49676856372629924,-0.6837761282586342,0.32860642761863323,-0.45265994562989675,-0.022571326484763597,-0.8246586104577844,0.4654226386064195,-0.8210866401176256,-0.6433594567031002,-1.008455387370578,-0.09860521866014778,0,0.5781914893617022
1.4064575031367397,-1.2922495416959674,0.7472767626274489,-0.6802596229384719,-0.07666062552776001,0.2648534697495183,-0.6141539453779907,-0.6837761282586342,-0.18701275220302285,0.4227546449875235,1.3627190562030007,1.2126230021958784,2.1024335608168774,1.2984265033000493,1.8543373076842924,0.5495886194613891,-1.2544417517345536,0,0.5781914893617022
-0.9807241032356551,0.27900587489703926,-1.4244829497026519,-0.24955840356125478,0.2637227288707091,3.1766862169434873,0.4423144894872325,-0.6890951155878766,1.811011569605893,0.13094978144838387,0.9009555953070794,-0.8246586104577844,2.6865261512061194,-0.9720656585528564,-0.3001976403785712,-1.360384144622673,1.2595257078936337,0,0.5781914893617022
2.259022362555452,-0.750437329077689,1.8331566187924995,-0.17777486699838554,0.07225709202157006,-0.9562376822995656,-0.8782710540942965,1.9491225997283566,-0.9604415219355041,-0.9779087000003487,-0.8537455560974225,1.2126230021958784,-0.3026535760800032,2.2275281552091664,0.1738356897990315,1.7985064646168656,-0.673711350753834,0,0.5781914893617022
-0.2986722157006852,0.27900587489703926,-0.7522716101719064,-0.32134194012412437,0.30627064817051747,0.07699329251119767,-0.3500368366616849,-1.2422697978316286,-0.444822342113848,-0.7444648091690365,0.7162502109487098,-0.8246586104577844,0.599254100256327,-0.27523941962101883,-0.3349482040570049,-0.636519711437637,-0.36706674877394463,0,0.5781914893617022
-0.18499690111152348,0.27900587489703926,0.023356858517415518,0.46827696206744024,-0.4595918992260378,0.4527136469878389,1.938978105546299,0.3002365276557034,-0.573727137069262,-0.6861038364612083,-0.9460982482766065,-0.8246586104577844,-1.2710176075148,-0.15910171313237856,-0.6477032771629043,0.11185847563230697,1.4336714722504413,0,0.5781914893617022
0.9517562447800928,-1.1297058779104838,1.626322360475347,-0.24955840356125478,-0.22557834307709038,-1.2380279481570464,-0.9663100903330651,1.4172238668016923,-0.7026319320246761,0.7145595085266638,-0.7613928639182386,1.2126230021958784,-1.1684849453628798,0.8512963333187867,0.7423192699744271,1.444321030032862,-0.9818287350224354,0,0.5781914893617022
0.9517562447800928,-0.5337124440303778,0.2818996814138561,0.10935927925309273,0.1573529306211874,1.110224267321961,1.205319470223227,0.8853251338750281,-0.573727137069262,0.13094978144838387,-0.3919820952015011,1.2126230021958784,-0.42425910547366563,0.9151720718875382,0.06266289663576662,0.8388551405160404,0.9885560103402654,0,0.5781914893617022
-0.7533734740573317,0.6582744237298342,-1.3210658205440755,-0.32134194012412437,-0.4595918992260378,-0.768377505061245,-0.6728466362038364,0.2470466543630429,1.0375827998734117,0.0725888087405558,-0.8537455560974225,-0.8246586104577844,-0.3892367130082907,-0.6991420483045528,-0.8080904941402888,-0.8668617730574244,-0.04367271952930659,0,0.5781914893617022
-0.2418345584061041,-0.1002626739357552,-0.13176883522044897,0.25292635237883154,-0.22557834307709038,0.4527136469878389,-0.08591972794537911,0.3534264009483639,1.1664875948288258,1.7650570172675677,1.5474244405613686,-0.8246586104577844,0.5631777932028739,-0.2578187636477222,0.1099952877472486,-0.1694306836401429,-0.28231820761989573,0,0.5781914893617022
-0.8102111313519123,1.6877176277045625,-0.3386030935376015,1.1143287911332653,-0.2894002220268034,-0.016936796107962622,0.5010071803130782,0.895963108533572,1.424297184739651,0.3643936722796955,-1.0846272865453832,-0.8246586104577844,-0.8687740867649613,-0.646880080384665,-1.1712370668659675,-0.5161568837303361,1.2548859638389738,0,0.5781914893617022
-1.208074732413978,0.6040932024680065,-0.9591058684890589,-0.03420779387264641,-0.14048250447747304,-0.11086688472712292,-0.6435002907909135,-0.7210090395634493,1.682106774650479,-0.16085508209075644,1.4550717483821847,-0.8246586104577844,1.2791537331867908,-1.169499759583544,-0.39141787003445894,-1.4095114346352449,-0.5343802325216729,0,0.5781914893617022
1.065431559369254,-0.6962561078158611,0.6438596334688729,-0.03420779387264641,-0.4170439799262291,2.331315419371045,0.1781973807709267,0.42789222355811224,0.4575112225740473,1.1814472901892876,0.06978136569442037,1.2126230021958784,2.4631966313514093,1.0138891224028819,0.36440688997146514,0.6272659684689493,0.6086609190413684,0,0.5781914893617022
-0.3555098729952658,0.27900587489703926,-1.3727743851233638,-0.5366925498127328,0.008435213071857043,-0.3926571505846038,-0.8782710540942965,-0.5614394196854677,0.0707968377078052,-0.5693818910455523,0.06978136569442037,-0.8246586104577844,1.861924847127189,-0.3333082728653385,-0.4565751769315211,-0.7795247619175272,-0.46212542699862663,1,3.697278911564626
-0.014483929227780629,-1.1838870991723116,0.5921510688895848,-0.10599133043551597,-0.20430438342718604,0.07699329251119767,-0.14461241877122483,-1.2209938485145408,0.006344440230099625,0.6561985358188358,1.9168352092781062,1.2126230021958784,0.10005868870273023,-0.14168105715908194,1.7825942084772042,-0.033567245699091815,-1.1432547683093204,1,3.697278911564626
-0.07132158652236226,-1.346430762957795,0.6438596334688729,-0.10599133043551597,-0.7574273343246984,-1.1440978595378861,-1.1130418173976795,-1.6890647334900006,0.13524923518551366,0.24767172686403935,2.1938932858156597,1.2126230021958784,0.1302621085614355,-0.2171705663766992,2.325952100463031,-0.29634872710950055,-2.224174873017575,1,3.697278911564626
0.9517562447800928,-0.8046185503395168,0.5404425043102966,-0.6802596229384719,1.731625944714105,1.0162941787028006,1.2346658156361499,1.2789301962407986,-1.0248939194132125,-0.04413313667510031,-1.7772724778892655,1.2126230021958784,-0.5191114184007224,0.8861376452653789,-0.02676557354037279,1.3360052659984953,1.3540233773361117,0,0.5781914893617022
-0.7533734740573317,-0.5337124440303778,0.12677398767599157,-0.39312547668699394,-0.05538666587785568,-0.9562376822995656,-0.2619978004229163,-1.7422546067826612,0.13524923518551366,-1.1529916181238324,1.3627190562030007,-0.8246586104577844,-1.4681958039607992,-0.8268935254420569,0.5079550033059242,-0.8158815237166271,-1.2300950321364297,0,0.5781914893617022
0.32654201453970405,0.44154953868252284,1.1092367146824658,-0.39312547668699394,3.880295869354444,0.6405738242261595,1.8215927238946072,0.2470466543630429,-1.2182511118463322,2.115222853514536,-1.0384509404557904,1.2126230021958784,-1.1094509883663208,0.3809386220397957,-0.7445491103650953,1.5041244019096958,1.4682723790508816,0,0.5781914893617022
-1.7196136480652056,-0.3169875589830667,-0.8556887393304827,-0.24955840356125478,-0.8425231729243156,-0.016936796107962622,1.205319470223227,-2.6145685287823763,1.4887495822173595,1.298169235604944,2.901930592522768,-0.8246586104577844,-1.2998189171080354,-1.7908364892977662,0.6279628051035615,-1.724206171909088,-0.763862357493482,1,3.697278911564626
1.8611587614933858,-0.47953122276855,1.8848651833717878,-0.32134194012412437,-0.6085096167753682,-1.0501677709187258,-0.9663100903330651,0.6725656407043861,-0.6381795345469705,0.0725888087405558,-0.20727671084313318,1.2126230021958784,-0.3026535760800032,1.8500806091210873,0.055205851787223266,1.3117330559958271,-1.1872116031854745,0,0.5781914893617022
-0.5828605021735893,2.9338857167266026,-0.9591058684890589,-0.6084760863756025,1.9230915815632457,-0.5805173278229244,1.205319470223227,-0.28485207856362127,-0.05810795724760882,-0.5110209183377248,-1.315509016993344,-0.8246586104577844,-1.7375988229252208,-0.2810463049454507,-1.433325833594027,-0.6416132312844851,1.4355667975193387,0,0.5781914893617022
-0.8670487886464934,-0.20862511645941093,-0.2868945289583133,-0.17777486699838554,-0.3532221009765164,-0.2987270619654435,-0.7021929816167592,-1.2529077724901134,0.6508684150071697,1.0063643720658035,0.8086029031278954,-0.8246586104577844,1.0502079384244918,-0.9081899199841045,0.043052825343096075,-0.7101182108985041,-0.8840142154889945,0,0.5781914893617022
2.2021847052608705,-0.4253500015067221,1.1092367146824658,-0.823826696064211,-0.26812626237689907,-1.2380279481570464,-1.230427199049371,0.08747703448506136,-1.1537987143686266,-0.16085508209075644,-0.022571326484763597,1.2126230021958784,0.779635635523593,2.204300613911439,0.048080231154170934,1.1480993496495977,-1.4977737001272322,0,0.5781914893617022
-0.014483929227780629,0.6853650343607482,-0.8039801747511945,-0.17777486699838554,-0.09793458517766435,-0.11086688472712292,1.909631760133376,-0.07209258539292018,-0.8959891244577985,0.014227836032727747,-0.576687479559869,-0.8246586104577844,-1.6052317422577826,0.05865648653382083,-0.7731766864751101,-0.040178791696276826,1.0936710884646226,0,0.5781914893617022
-0.5828605021735893,0.3331870961588671,-0.08006027064116081,3.3396184245822202,-0.37449606062642044,1.767734887656083,2.144402523436759,0.7257555139970465,0.3930588250963417,-0.9779087000003487,-0.9460982482766065,-0.8246586104577844,-0.5888788221239294,-0.5597768005181857,-0.675385929584707,-0.0019818852688662575,2.6526408278333964,0,0.5781914893617022
0.6675679583071887,0.1706434323733841,0.2818996814138561,-0.10599133043551597,0.029709172721761382,1.767734887656083,0.5596998711389239,0.2470466543630429,-0.18701275220302285,0.4227546449875235,1.2703663640238168,1.2126230021958784,0.9250177684255683,0.7003173148835553,-0.15747211098500646,0.2976955179717464,0.48371081498942425,1,3.697278911564626
-0.41234753028984694,-0.20862511645941093,-0.08006027064116081,-0.6802596229384719,3.1569812412576965,-0.5805173278229244,1.1759731248103042,0.03428716119240084,-1.2827035093240406,0.83128145394232,-1.0384509404557904,1.2126230021958784,-1.7293075368301982,-0.4436390940295459,-0.3682803773812166,0.7583524005327603,0.7061985466448413,0,0.5781914893617022
-1.2649123897085592,0.6040932024680065,-1.3210658205440755,-0.10599133043551597,-0.3957700202763248,0.9223640900836404,-0.05657338253245624,-1.6784267588314568,1.0375827998734117,-1.2113525908316605,0.5315448265903419,-0.8246586104577844,1.2031401096293477,-1.227568612827864,-0.5488813617023598,-1.696477598784634,0.2504528736056813,0,0.5781914893617022
-0.3555098729952658,2.2024392296919273,0.7989853272067371,-0.24955840356125478,0.5615581639693695,0.5466437356069992,1.938978105546299,0.14066690777772187,-0.38036994463614243,0.4227546449875235,-1.1308036326349762,-0.8246586104577844,-1.2140550174304001,-0.1271638438480028,-1.2893807979202851,0.1488762060374726,1.72767400548469,0,0.5781914893617022
2.4295353344391937,-1.1838870991723116,2.2985337000060926,-0.24955840356125478,-0.33194814132661205,-0.9562376822995656,-0.555461254552145,1.0448947537530686,-2.7651086513113006,0.9480033993579754,-0.576687479559869,1.2126230021958784,-1.1237005641930762,2.3552796323466705,0.9048622291154864,2.4919154170313975,-1.044238606813951,1,3.697278911564626
1.804321104198805,-0.5878936652922057,1.0575281501031777,0.03757574269022316,-0.22557834307709038,-0.768377505061245,-0.8195783632684508,0.9491529818262325,-1.4116083042794547,-0.7444648091690365,0.5315448265903419,1.2126230021958784,0.1302621085614355,1.780397985227904,0.3584082807650688,1.258501386522104,-0.9868705442365098,0,0.5781914893617022
0.5538926437180275,0.44154953868252284,-0.08006027064116081,0.6118440351931791,0.05098313237166572,0.8284340014644801,1.1466267793973812,1.6033884233260631,-0.444822342113848,-0.2192160547985845,-0.6690401717390546,1.2126230021958784,-0.60121611721203,0.6132140350170753,-0.6784660712388945,0.6260680170826126,1.4140367009198918,0,0.5781914893617022
4.134665053276619,0.8479086981462318,2.5053679583232453,0.8271946448817877,0.2637227288707091,-0.9562376822995656,-0.14461241877122483,3.438439051923087,-2.31394186896735,0.13094978144838387,0.7162502109487098,1.2126230021958784,-1.5611294035260452,4.315103429342465,-0.6332450134426806,3.125040950415117,-0.3318483630188153,1,3.697278911564626
-1.3217500470031398,-0.5878936652922057,-0.4420202226961777,-0.39312547668699394,-0.26812626237689907,0.5466437356069992,-0.027227037119533372,-0.8061128368317416,0.5219636200517557,0.7145595085266638,-0.3919820952015011,-0.8246586104577844,0.5723887652165212,-1.413388943209687,0.11846391250922006,-0.6582743431088293,0.08931674295476537,0,0.5781914893617022
-0.5260228448790082,0.44154953868252284,-1.3727743851233638,-0.39312547668699394,-0.2894002220268034,-0.2987270619654435,-0.2913441458358392,0.39597829958253955,1.1020351973511173,-0.04413313667510031,-0.576687479559869,-0.8246586104577844,-0.2456909859956036,-0.49009417662500177,-0.661945311457344,-0.7894027688536875,0.18699514864547784,0,0.5781914893617022
0.8380809301909317,1.904442512751874,-0.13176883522044897,-0.03420779387264641,0.34881856747032614,1.767734887656083,3.1421782674761363,2.2682618394843197,0.6508684150071697,0.0725888087405558,0.7162502109487098,-0.8246586104577844,-1.0009046803403878,1.0603442049983378,-0.998368056099822,0.32457699008890534,2.4863687303145197,0,0.5781914893617022
0.9517562447800928,-0.37116878024489425,0.8506938917860253,0.25292635237883154,-0.48086585887594213,-1.1440978595378861,-1.171734508223525,0.002373237216769102,0.13524923518551366,-0.2192160547985845,1.6397771327405526,1.2126230021958784,0.779635635523593,0.9325927278608348,0.3917918450441434,0.31853408584213,-1.6167826882573375,0,0.5781914893617022
-0.12815924381694285,1.3897209107645099,1.2643624084203304,-0.39312547668699394,0.731749841168604,1.9555950648944036,3.0834855766502907,0.08747703448506136,-0.6381795345469705,0.1893107541562113,-1.0384509404557904,-0.8246586104577844,-0.8968515746074678,0.018008289262796778,-1.0870654994666629,0.4724115933979499,2.462535713409464,0,0.5781914893617022
1.1791068739584163,-1.021343435386828,1.5746137958960587,0.8271946448817877,1.8379957429636284,-0.9562376822995656,-0.9369637449201422,0.14066690777772187,-0.7670843295023845,0.24767172686403935,0.8086029031278954,1.2126230021958784,-0.03208127317910405,1.09518551694493,1.068361323310316,1.3584359260461905,-1.128324123095749,0,0.5781914893617022
-0.014483929227780629,0.9562711406698869,-0.8039801747511945,0.03757574269022316,0.0935310516714744,-0.3926571505846038,-0.5848075999650678,1.4172238668016923,1.295392389784237,0.3643936722796955,-0.3919820952015011,-0.8246586104577844,0.31579740197919415,0.08769091315598115,-0.8515239591633605,-0.2693055456150443,0.23715672083171116,0,0.5781914893617022
-0.5828605021735893,-0.20862511645941093,-0.9073973039097707,0.03757574269022316,-0.4170439799262291,-1.1440978595378861,-0.9956564357459879,-0.5933533436610995,-0.05810795724760882,-1.0946306454160049,0.06978136569442037,-0.8246586104577844,-0.6118790651096021,-0.6178456537625053,-0.12148045574662872,-0.7011849826013887,-0.8420521090225157,0,0.5781914893617022
0.32654201453970405,0.19773404300429745,0.3336082459931442,0.3247098889417011,0.11480501132137874,-0.016936796107962622,1.880285414720453,1.6299833599723934,0.4575112225740473,-0.27757702750641255,-0.8537455560974225,1.2126230021958784,-1.5395555321983991,0.3548076380798519,-0.586505381835398,0.4968419994054176,1.348161968283555,0,0.5781914893617022
1.0085939020746735,2.2024392296919273,-0.2868945289583133,0.6118440351931791,0.3700925271202305,-0.4865872392037641,1.1172804339844584,2.2682618394843197,0.7797732099625838,-0.10249410938292837,0.8086029031278954,-0.8246586104577844,-1.636637953172808,1.2664886340156734,-1.0630375542821473,0.26836227039016197,0.960374928475477,0,0.5781914893617022
-0.41234753028984694,0.06228098984972839,-0.7522716101719064,-0.03420779387264641,0.19990084992099402,0.7345039128453198,0.5303535257260011,0.5927808307653953,0.5219636200517557,-0.27757702750641255,-0.9460982482766065,-0.8246586104577844,-0.10587371942480409,-0.41460466740738555,-0.5267198332453958,-0.2733378590231769,1.0144194478091049,0,0.5781914893617022
-0.8102111313519123,-0.6420748865540336,0.2818996814138561,-0.24955840356125478,-0.14048250447747304,0.5466437356069992,-0.3500368366616849,-0.9763204313682671,0.6508684150071697,0.5394765904031796,0.6238975187695258,-0.8246586104577844,1.5011617765926575,-0.8965761493352408,0.44736326606967675,-0.46395423751231957,-0.4524013751881762,0,0.5781914893617022
-0.2986722157006852,-0.5337124440303778,2.195116570847516,-0.4649090132498635,8.00744404143588,0.5466437356069992,0.5596998711389239,0.3534264009483639,-1.1537987143686266,3.6326081439180644,-0.9460982482766065,1.2126230021958784,-0.33496071672488653,-0.36234269948749775,-0.07795566336533542,2.4123589899248645,0.9288055347790255,0,0.5781914893617022
0.3833796718342847,0.7124556449916621,-0.5454373518547538,0.3247098889417011,-0.22557834307709038,-1.0501677709187258,-1.0250027811589109,0.459806147533744,-0.1225603547253144,-0.6277428637533803,-0.022571326484763597,-0.8246586104577844,0.0303584890287955,0.4680419019062757,-0.6929843146832873,-0.09474494180674398,-0.5049714379797619,0,0.5781914893617022
-0.7533734740573317,-1.671518090528762,0.12677398767599157,-0.5366925498127328,-0.48086585887594213,-0.016936796107962622,-0.8195783632684508,-0.008264737441715759,1.9399163645613071,0.9480033993579754,-0.3919820952015011,-0.8246586104577844,2.727756216410066,-0.9488381172551286,2.2997763511987555,-0.39375538226002144,-0.6926820873138618,0,0.5781914893617022
1.2359445312529969,-0.5337124440303778,0.3853168105724321,0.5400604986303095,0.0935310516714744,0.7345039128453198,0.6477389073776926,0.6619276660458422,-0.6381795345469705,0.1893107541562113,0.06978136569442037,1.2126230021958784,-0.24080847827408364,1.2055163381091374,0.1798450299700186,0.9087469763870623,0.479699482274909,0,0.5781914893617022
-1.9469642772435285,-0.5878936652922057,-1.4244829497026519,-0.32134194012412437,-0.8425231729243156,-0.016936796107962622,-0.1739587641841477,-2.763500174001873,2.5844403393383772,0.4811156176953516,3.3021255919658707,-0.8246586104577844,0.006571912949595308,-2.052146328897205,1.0782413855326158,-2.3875520213487675,-1.4318309757790861,1,3.697278911564626
0.3833796718342847,-0.750437329077689,0.6438596334688729,-0.8956102326270804,-0.927619011523933,0.8284340014644801,0.06081199911923523,-1.0401482793194714,-0.7026319320246761,1.0063643720658035,0.43919213441115784,1.2126230021958784,0.779635635523593,0.3112559981466124,0.5355979680924651,0.24897430687656324,-0.4928982354370535,0,0.5781914893617022
-0.7533734740573317,-0.1002626739357552,-0.9591058684890589,-0.32134194012412437,-0.5446877378256552,-1.1440978595378861,-1.1423881628106023,-0.4763356224172346,0.2641540301409277,-0.6861038364612083,0.06978136569442037,-0.8246586104577844,0.41887256498906084,-0.780438442846601,-0.2061667033663405,-0.8202069163869806,-0.9325726792569434,0,0.5781914893617022
-0.2986722157006852,-0.5337124440303778,0.2301911168345679,0.18114281581596198,-0.16175646412737738,1.2041543559411212,0.29558276242261816,0.3534264009483639,0.006344440230099625,-0.10249410938292837,-0.11492401866394757,-0.8246586104577844,0.779635635523593,-0.36234269948749775,0.1329721766363182,0.10592261588164323,0.5761335554435046,0,0.5781914893617022
0.04235372806679999,0.5770025918370925,0.43702537515172024,-0.39312547668699394,0.029709172721761382,-0.11086688472712292,0.20754372618384956,0.3800213375946942,0.006344440230099625,-0.5110209183377248,-0.022571326484763597,-0.8246586104577844,-0.6962132893904018,0.10511156912927674,-0.6304648085665163,0.03665043334930424,0.13209090822189545,0,0.5781914893617022
0.2697043572451234,-1.5631556480051063,1.3677795375789066,-0.03420779387264641,-0.09793458517766435,0.8284340014644801,0.2662364170096953,0.8321352605823676,0.5219636200517557,-0.6861038364612083,-1.1308036326349762,1.2126230021958784,0.38089750493279395,0.10801501179149216,1.5821245588698978,0.6589149639363998,0.4124821581871176,0,0.5781914893617022
-0.5828605021735893,-0.8046185503395168,-0.3386030935376015,-0.39312547668699394,-0.16175646412737738,-0.8623075936804053,-0.37938318207460775,-0.33804195185628183,0.13524923518551366,-1.0946306454160049,-0.8537455560974225,-0.8246586104577844,-1.1684849453628798,-0.6817213923312573,0.23843609663714443,-0.39612309702198856,-0.4053538317978116,0,0.5781914893617022
2.0885093906717094,-0.8587997716013447,2.5053679583232453,1.1861123276961352,-0.4595918992260378,-0.8623075936804053,-0.2913441458358392,1.9491225997283566,-0.573727137069262,-0.33593800021424064,2.3785986701740276,1.2126230021958784,-1.2710176075148,2.0417078248273426,1.259820907455961,1.7744997774255993,-1.235489978422621,1,3.697278911564626
-0.6396981594681699,0.902089919408059,-0.7522716101719064,-0.39312547668699394,-0.2468523027269947,-0.3926571505846038,-0.8195783632684508,-0.6784571409293327,-0.1225603547253144,-0.6861038364612083,-0.2996294030223171,-0.8246586104577844,1.4290091624857506,-0.5568733578559697,-0.8164560144502603,-0.7693873169540629,-0.2658346185608931,0,0.5781914893617022
-0.2986722157006852,1.1188148044553705,-1.0108144330683468,-0.10599133043551597,0.0935310516714744,-0.5805173278229244,-0.20330510959707057,0.3534264009483639,-0.444822342113848,0.3060326995718674,-0.576687479559869,-0.8246586104577844,-0.8833941286477865,-0.18523269709232243,-0.9372913078165152,-0.22003513043198616,0.2564083707781386,0,0.5781914893617022
-0.8102111313519123,1.281358468240854,-0.4937287872754658,-0.10599133043551597,3.3058989588070267,-1.0032027266091457,0.0021193082933894966,-0.3274039771977379,0.5864160175294613,-0.33593800021424064,-0.11492401866394757,-0.8246586104577844,-1.723158166309723,-0.6904317203179051,-0.9241178915201156,-0.40469098197295084,0.26841818922865396,0,0.5781914893617022
0.3833796718342847,0.8749993087771452,-1.4244829497026519,-0.10599133043551597,0.008435213071857043,0.2648534697495183,-0.2913441458358392,1.2044643736310503,0.2641540301409277,-0.33593800021424064,-1.0384509404557904,-0.8246586104577844,0.779635635523593,0.48546255787957127,-0.9226859984444198,-0.17588497339800513,0.7672011028666723,0,0.5781914893617022
0.8949185874855122,-0.15444389519758306,1.160945279261754,8.077331837731608,2.497488492110662,2.988826039705167,0.999895052332767,3.023558040240288,-0.9604415219355041,0.5394765904031796,-1.500214401351712,1.2126230021958784,1.333978890247386,0.8977514159142427,-0.5073109999020338,2.5796245665678774,3.8331797002847594,0,0.5781914893617022
-1.5491006761814632,2.0940767871682713,-1.4244829497026519,-0.32134194012412437,-0.991440890473648,0.07699329251119767,0.8825096706810754,-1.7422546067826612,2.391083146905258,0.4227546449875235,0.9009555953070794,-0.8246586104577844,-1.0519307225748007,-1.3582235326275833,-1.0254020266514496,-2.210344049633458,0.3900808661091715,0,0.5781914893617022
-0.12815924381694285,1.0917241938244566,-1.4244829497026519,-0.03420779387264641,-0.14048250447747304,-0.3926571505846038,-0.7021929816167592,0.6619276660458422,0.4575112225740473,-1.1529916181238324,-0.7613928639182386,-0.8246586104577844,0.779635635523593,-0.013929580021578966,-0.9556979990799777,-0.6662506041934084,0.29790957894125475,0,0.5781914893617022
-0.41234753028984694,-0.5337124440303778,0.0750654230967034,-0.32134194012412437,-0.26812626237689907,0.2648534697495183,0.5303535257260011,0.23640867970449897,0.5864160175294613,-0.10249410938292837,-0.8537455560974225,-0.8246586104577844,-0.5978233610628019,-0.47848040597613806,-0.054519236698484665,-0.1240718679206027,0.4480421476010575,0,0.5781914893617022
-0.696535816762751,0.8749993087771452,-1.2176486913854994,-0.32134194012412437,-0.4170439799262291,0.2648534697495183,-0.6141539453779907,0.2044947557289263,0.8442256074402894,0.0725888087405558,-0.576687479559869,-0.8246586104577844,2.1024335608168774,-0.6178456537625058,-0.8496594515839441,-0.8407364784283842,0.3086094851089545,0,0.5781914893617022
-0.014483929227780629,-0.5337124440303778,0.12677398767599157,0.6118440351931791,-0.1830304237772817,-0.8623075936804053,-0.40872952748753066,0.6087377927531816,0.32860642761863323,-0.27757702750641255,0.06978136569442037,1.2126230021958784,-1.1302865026004005,-0.0719984332658986,0.1798450299700186,0.14123014684194204,-0.427320147137586,0,0.5781914893617022
2.4295353344391937,-0.6420748865540336,1.3677795375789066,0.18114281581596198,0.32754460782042183,0.2648534697495183,-0.20330510959707057,1.4119048794724498,-0.6381795345469705,0.5978375631110077,0.8086029031278954,1.2126230021958784,0.5420599549276818,2.41334848559099,0.49652260005380194,1.6776980407155804,-0.4207157976741103,0,0.5781914893617022
-0.3555098729952658,2.36498289347741,-0.9073973039097707,-0.32134194012412437,0.5190102446695588,-0.4865872392037641,-0.7608856724426051,-0.2316622052709608,-0.31591754715843684,-0.9195477272925205,-0.8537455560974225,-0.8246586104577844,0.779635635523593,-0.1097431878747062,-1.2888781852401114,-0.6813433846144782,0.3296800006116369,0,0.5781914893617022
-1.1512370751193974,0.8208180875153179,-1.3727743851233638,0.8271946448817877,0.32754460782042183,1.485944621798602,0.1781973807709267,-0.46569764775869066,1.295392389784237,0.014227836032727747,0.8086029031278954,-0.8246586104577844,1.3809074197478128,-1.0882033650414957,-0.6063092233694766,-1.1896083969107372,0.897082475450863,0,0.5781914893617022
0.32654201453970405,-1.671518090528762,1.0575281501031777,-0.5366925498127328,-0.22557834307709038,1.2041543559411212,0.3542754532484639,0.03428716119240084,0.5219636200517557,-0.7444648091690365,-0.9460982482766065,1.2126230021958784,0.6714067143632331,0.15447009438694806,2.024930983923874,0.3516672856818531,0.31551698212903906,0,0.5781914893617022
-0.2986722157006852,1.5522645745499928,-1.3727743851233638,0.03757574269022316,-0.2894002220268034,2.988826039705167,1.2346658156361499,-0.2795330912343198,0.4575112225740473,-0.2192160547985845,0.3468394422319739,-0.8246586104577844,0.9960934778443122,-0.13877761449686654,-0.9455347953148755,-0.9321317356519686,1.9520761037876266,0,0.5781914893617022
-0.696535816762751,-0.5337124440303778,-0.5454373518547538,-0.5366925498127328,-0.11920854482757076,1.0162941787028006,0.0901583445321581,-0.21038625595387295,1.1664875948288258,-0.10249410938292837,-0.022571326484763597,-0.8246586104577844,0.9706278493359923,-0.7688246721977372,0.15640860330316822,-0.6868264530107673,0.29820132071529726,0,0.5781914893617022
-0.8102111313519123,0.5770025918370925,-0.5454373518547538,-0.10599133043551597,3.263351039507218,-0.9562376822995656,-0.8782710540942965,-0.33804195185628183,0.5864160175294613,-0.39429897292206867,-0.11492401866394757,-0.8246586104577844,-0.3026535760800032,-0.7659212295355208,-0.6463351447346197,-0.3561067782281239,-0.21932352721613046,0,0.5781914893617022
0.4970549864234459,-0.37116878024489425,-0.23518596437902517,0.03757574269022316,0.07225709202157006,0.170923381130358,0.8531633252681526,1.321482094874915,-1.0248939194132125,-0.8611867545846925,-0.9460982482766065,1.2126230021958784,-0.9492159622328011,0.4680419019062757,-0.22163114858385316,0.6516012872175657,0.8665749637222859,0,0.5781914893617022
0.6107303010126082,-1.2380683204341394,1.471196666737483,0.18114281581596198,-0.16175646412737738,-0.9562376822995656,-0.9076173995072193,-0.17847233197830026,-1.0248939194132125,1.531613126436256,1.1780136718446312,1.2126230021958784,-0.17532543353840374,0.4912694432040032,1.649308981981536,1.072634961346795,-1.6009227397175123,1,3.697278911564626
-0.6396981594681699,0.06228098984972839,-0.028351706061872647,0.03757574269022316,-0.07666062552776001,-0.3926571505846038,0.8825096706810754,-0.17847233197830026,0.5219636200517557,0.3060326995718674,0.5315448265903419,-0.8246586104577844,-1.4681958039607992,-0.646880080384665,-0.2281223971936729,-0.3410545302083127,0.09653192486435233,0,0.5781914893617022
-0.6396981594681699,-0.15444389519758306,-0.4937287872754658,-0.32134194012412437,-0.3532221009765164,-0.3926571505846038,-0.49676856372629924,0.46512513486298646,1.3598447872619455,0.3643936722796955,-0.7613928639182386,-0.8246586104577844,0.04647197605018914,-0.670107621682393,-0.34606838443410354,-0.49413130673400296,-0.08315037178266457,0,0.5781914893617022
-0.9807241032356551,0.7124556449916621,-1.4244829497026519,0.3247098889417011,0.5828321236192738,0.4527136469878389,-0.49676856372629924,-0.2369811926002032,0.9086780049179978,-0.16085508209075644,-0.11492401866394757,-0.8246586104577844,1.9317499575532273,-0.9256105759574006,-0.7082535017541141,-0.9646423605795932,0.4456420179635412,0,0.5781914893617022
1.974834076082548,-0.8046185503395168,1.4194881021581949,-0.32134194012412437,-0.3532221009765164,-1.0501677709187258,-0.8489247086813736,0.9917048804604082,-1.2827035093240406,-0.2192160547985845,0.3468394422319739,1.2126230021958784,-0.7583542967552015,1.9313770036631353,0.583198267867917,1.4547781069485806,-1.2341054404868264,0,0.5781914893617022
-0.07132158652236226,-0.15444389519758306,0.3853168105724321,0.25292635237883154,-0.22557834307709038,0.4527136469878389,2.320480595914296,0.459806147533744,-0.5092747395915564,-0.2192160547985845,-0.9460982482766065,-0.8246586104577844,-1.3934647499796906,-0.08941908923919521,-0.38637903830108605,0.40187717464894673,1.4499277661486272,0,0.5781914893617022
-0.07132158652236226,-1.346430762957795,1.678030925054635,0.3247098889417011,0.34881856747032614,-0.5805173278229244,-0.7608856724426051,0.8214972859238237,0.5219636200517557,0.13094978144838387,0.16213405787360433,1.2126230021958784,0.4844658505407936,-0.2171705663766992,1.5341356852187276,0.7197867269587844,-0.8058977348508773,0,0.5781914893617022
-1.0375617605302356,2.01280495527553,-1.4244829497026519,-0.6802596229384719,-0.7574273343246984,-0.6744474164420847,-0.9076173995072193,-1.0986571399413745,1.2309399923065314,-0.16085508209075644,0.43919213441115784,-0.8246586104577844,0.9706278493359923,-0.8443141814153524,-1.060462750187851,-1.699251700089221,-0.4765175141439809,0,0.5781914893617022
-0.9807241032356551,0.5499119812061786,-1.4244829497026519,1.2578958642590046,0.11480501132137874,3.2706163055626476,0.867836497974614,-0.6146292929781283,-0.7026319320246761,-1.2113525908316605,-0.8537455560974225,-0.8246586104577844,1.8060647587863585,-0.9430312319306972,-0.7613321044288925,-0.7101319993793932,2.339243415714293,0,0.5781914893617022
0.21286669995054183,-1.0755246566486558,0.5404425043102966,0.5400604986303095,-0.5234137781757509,-0.5805173278229244,-0.8489247086813736,-1.093338152612132,-0.05810795724760882,0.4227546449875235,1.4550717483821847,1.2126230021958784,0.9505234057767922,0.10220812646706029,1.3836251269491502,0.05218578185584754,-1.4260625328835583,1,3.697278911564626
-0.41234753028984694,-0.6420748865540336,1.1092367146824658,-0.39312547668699394,0.008435213071857043,-0.016936796107962622,-0.14461241877122483,0.6725656407043861,1.1020351973511173,-0.10249410938292837,-1.2231563248141601,-0.8246586104577844,-0.050958410590795075,-0.49009417662500177,-0.044230073771575104,0.16828451236036218,0.11749335540296661,0,0.5781914893617022
-0.9807241032356551,-0.15444389519758306,-1.2176486913854994,-0.32134194012412437,-0.4170439799262291,-0.9562376822995656,-0.9956564357459879,-0.6571811916122449,0.5219636200517557,-0.10249410938292837,-0.9460982482766065,-0.8246586104577844,0.31579740197919415,-1.0185207411483124,-0.38637903830108605,-0.8823707004329083,-0.5154292657467833,0,0.5781914893617022
0.2697043572451234,-0.8587997716013447,1.0575281501031777,-0.32134194012412437,0.19990084992099402,2.1434552421327244,2.848714813346908,0.4066162742410835,-1.7338702916679882,2.173583826222364,-1.0384509404557904,1.2126230021958784,-0.7206411336648403,0.18350452100910838,0.2520545607813955,1.4080163324122263,1.9179623559290675,0,0.5781914893617022
-0.18499690111152348,0.9833617513008008,-1.4244829497026519,0.03757574269022316,-0.16175646412737738,-0.4865872392037641,-0.40872952748753066,0.459806147533744,0.8442256074402894,-0.7444648091690365,-0.8537455560974225,-0.8246586104577844,-0.36631764735080274,-0.08361220391476232,-0.9325600104142872,-0.7351777487252099,0.3571753833222734,0,0.5781914893617022
0.8949185874855122,0.5499119812061786,-0.18347739979973715,-0.10599133043551597,-0.22557834307709038,-0.9562376822995656,-0.4380758729004535,0.3534264009483639,-1.4116083042794547,-0.5110209183377248,-0.9460982482766065,1.2126230021958784,-1.2865528593559996,0.9732409251318578,-0.7773283956459494,0.522951044719449,-0.17193524648053926,0,0.5781914893617022
-0.07132158652236226,-1.021343435386828,0.4887339397310084,-0.4649090132498635,-0.6510575360751767,2.5191755966093656,0.765124289029384,-1.4124773923681542,-0.5092747395915564,0.889642426650148,1.4550717483821847,1.2126230021958784,1.3061547114388556,-0.18232925443010703,1.2758426299786083,-0.04064793680368802,0.18062506778956827,0,0.5781914893617022
-0.6396981594681699,0.6853650343607482,-1.2693572559647877,-0.5366925498127328,-0.20430438342718604,-0.8623075936804053,-1.0543491265718337,-0.4603786604293892,0.19970163266321922,-1.5615184270786286,-0.8537455560974225,-0.8246586104577844,1.3207802413253913,-0.5801008991536971,-0.8193339237273803,-0.9999153264585557,-0.31647979970841283,0,0.5781914893617022
-0.9238864459410739,1.2000866363481124,-0.8039801747511945,-0.39312547668699394,-0.03411270622795163,-0.3926571505846038,0.9412023615069213,-0.49761157173426335,0.4575112225740473,-0.8028257818768645,-0.2996294030223171,-0.8246586104577844,-1.493171708843959,-0.8152797547931926,-0.9238544231941874,-0.9646880137736692,0.6117366713876802,0,0.5781914893617022
-1.890126619948948,1.1459054150862844,-1.4244829497026519,-0.9673937691899499,-0.991440890473648,-0.016936796107962622,-0.05657338253245624,-2.210325491758121,4.5180122636695845,-0.39429897292206867,1.9168352092781062,-0.8246586104577844,-0.20854147072316906,-1.8082571452710618,-0.5786717520179087,-3.072960308184779,-0.643649358930007,0,0.5781914893617022
1.6906457896096438,-1.021343435386828,0.9024024563653135,-0.39312547668699394,-0.11920854482757076,-0.9562376822995656,-0.9663100903330651,1.0980846270457292,-2.3783942664450586,0.014227836032727747,-1.1308036326349762,1.2126230021958784,0.1302621085614355,1.6178051961438087,0.44591740330543694,1.7218856975312096,-0.7734381324946716,0,0.5781914893617022
-0.8670487886464934,0.8749993087771452,-1.4244829497026519,2.191081839576308,0.7742977604684126,0.4527136469878389,0.29558276242261816,1.5767934866797328,0.9731304023957034,0.3643936722796955,-0.20727671084313318,-0.8246586104577844,-0.1160519878724865,-0.7920522134954647,-0.7912382140955637,-0.2975419994244322,1.4472969868484837,0,0.5781914893617022
-1.5491006761814632,-1.1838870991723116,2.608785087481821,8.149115374294476,-0.2894002220268034,0.6405738242261595,1.2933585064619957,0.018330199204614497,0.5219636200517557,-1.0362696727081766,0.06978136569442037,1.2126230021958784,-0.8437981818818011,-1.7095400947557187,1.132422371912969,0.7544164950890666,1.801305683073944,0,0.5781914893617022
-0.7533734740573317,0.27900587489703926,0.023356858517415518,1.616813547073352,-0.05538666587785568,-0.3926571505846038,0.6183925619647697,-0.21570524328311538,0.0707968377078052,0.24767172686403935,0.5315448265903419,-0.8246586104577844,-1.3378867350051824,-0.7397902455755769,-0.3696987677354375,-0.1703544514383698,0.305002660801702,0,0.5781914893617022
0.7244056156017694,0.1706434323733841,-0.23518596437902517,0.6118440351931791,0.30627064817051747,1.9555950648944036,1.2933585064619957,1.5236036133870723,-0.05810795724760882,-0.04413313667510031,-0.2996294030223171,1.2126230021958784,0.14437892436496022,0.7583861681278748,-0.4634011805112137,0.5726845633733916,1.7407694610360074,0,0.5781914893617022
1.2927821885475774,2.6629796104174632,0.7989853272067371,0.25292635237883154,-0.2468523027269947,0.9223640900836404,1.1759731248103042,0.8853251338750281,-1.4760607017571603,-0.5110209183377248,-0.2996294030223171,1.2126230021958784,-0.5486283968990024,1.6061914254949439,-1.2830934855970033,0.726270576159138,1.4427863445731381,0,0.5781914893617022
-0.07132158652236226,-0.9671622141250005,0.2818996814138561,-0.10599133043551597,-0.2468523027269947,-0.4865872392037641,-0.027227037119533372,-0.39655081247818474,-0.2514651496807284,0.889642426650148,0.5315448265903419,1.2126230021958784,-0.9474216170353372,-0.17652236910567518,0.8862858909279366,0.22159174813319626,-0.7021558402853432,0,0.5781914893617022
0.32654201453970405,-0.6962561078158611,0.2301911168345679,2.191081839576308,-0.012838746578047294,-0.5805173278229244,-0.027227037119533372,1.2576542469237109,0.4575112225740473,0.6561985358188358,0.06978136569442037,1.2126230021958784,-1.0855861972400513,0.2589940302267246,0.36440688997146514,0.6807812205201172,0.1268944762523683,1,3.697278911564626
-0.07132158652236226,-1.617336869266934,0.7472767626274489,-0.4649090132498635,-0.3957700202763248,-0.6744474164420847,-0.9076173995072193,-1.5826849869046795,-0.6381795345469705,-0.6861038364612083,1.7321298249197383,1.2126230021958784,0.9706278493359923,-0.2462049929988585,3.1083793882538417,-0.10364905239609631,-1.874248232061265,0,0.5781914893617022
-0.3555098729952658,-1.4547932054814505,-0.08006027064116081,-0.39312547668699394,-0.7574273343246984,0.2648534697495183,0.8531633252681526,-0.869940684782946,-1.0248939194132125,0.7729204812344919,0.43919213441115784,1.2126230021958784,-0.8648817379520014,-0.5191286032471616,1.9438868371633318,0.12034204688032778,-0.23303000500487464,0,0.5781914893617022
-0.46918518758442757,0.6040932024680065,-1.4244829497026519,-0.10599133043551597,-0.22557834307709038,0.170923381130358,-0.555461254552145,-0.1252824586855807,0.0707968377078052,-0.33593800021424064,-0.3919820952015011,-0.8246586104577844,1.5633623059951627,-0.41460466740738555,-0.7063448533702607,-0.7012484366059158,0.21079435723088258,0,0.5781914893617022
-1.2649123897085592,-1.1297058779104838,-0.13176883522044897,-0.17777486699838554,-0.3532221009765164,0.6405738242261595,0.29558276242261816,-0.21570524328311538,0.7153208124848753,1.8234179899753957,0.16213405787360433,-0.8246586104577844,0.10786991797653311,-1.413388943209687,1.057246253310229,-0.26962308927953693,0.03874324236298081,0,0.5781914893617022
-0.8670487886464934,0.5499119812061786,-0.8039801747511945,0.898978181444657,0.24244876922080477,-0.016936796107962622,2.2911342505013734,0.08747703448506136,-0.18701275220302285,-0.27757702750641255,-0.8537455560974225,-0.8246586104577844,-1.6426306952082652,-0.8268935254420569,-0.7613321044288925,-0.29576871072673516,1.665463776112097,0,0.5781914893617022
-0.07132158652236226,-0.750437329077689,0.5404425043102966,-0.7520431595013414,-0.6297835764252746,-0.5805173278229244,-0.555461254552145,-0.28485207856362127,-0.31591754715843684,0.4811156176953516,-0.576687479559869,1.2126230021958784,-0.2280129407969963,-0.1532948278079467,0.251356178004767,0.2113071400128178,-0.7375200963729917,0,0.5781914893617022
-0.2986722157006852,0.27900587489703926,-1.3210658205440755,-0.39312547668699394,-0.31067418167670774,-0.6744474164420847,-0.8782710540942965,0.03428716119240084,0.32860642761863323,-0.5110209183377248,-0.8537455560974225,-0.8246586104577844,0.779635635523593,-0.27523941962101883,-0.6303279953236877,-0.6333696757326059,-0.21900068199386452,1,3.697278911564626
1.065431559369254,0.06228098984972839,0.4887339397310084,9.22586842273752,2.688954128959801,3.646336660039289,1.3813975427007643,3.699069431057088,-0.8315367269800901,0.6561985358188358,-1.315509016993344,1.2126230021958784,1.2922989462831913,1.095185516944929,-0.601369192258327,2.657592329826719,4.610684161820622,0,0.5781914893617022
-0.46918518758442757,0.5499119812061786,-0.8039801747511945,1.8321641567619604,0.49773628501965655,3.1766862169434873,1.8215927238946072,0.8321352605823676,-0.31591754715843684,0.6561985358188358,-0.9460982482766065,-0.8246586104577844,0.4844658505407936,-0.4204115527318174,-0.7773283956459494,0.20543188268334164,2.9209489736469236,0,0.5781914893617022
1.2927821885475774,-1.1838870991723116,1.1092367146824658,-0.24955840356125478,-0.5234137781757509,0.170923381130358,-0.23265145500999343,0.459806147533744,-1.089346316890918,-0.8611867545846925,-0.576687479559869,1.2126230021958784,0.4549488720425143,1.1939025674602737,0.9048622291154864,1.0196655484981485,-0.30989453961897184,0,0.5781914893617022
-0.18499690111152348,-1.346430762957795,0.8506938917860253,-0.5366925498127328,-0.14048250447747304,1.110224267321961,0.5890462165518469,-0.9178115707463641,0.32860642761863323,0.014227836032727747,0.7162502109487098,1.2126230021958784,0.20665899408639496,-0.3333082728653385,1.7500856166489918,-0.04149994679193564,-0.14932810193643764,0,0.5781914893617022
0.8949185874855122,-0.15444389519758306,-0.18347739979973715,-0.17777486699838554,0.32754460782042183,-0.9562376822995656,-0.9956564357459879,0.5661858941190651,0.19970163266321922,-0.8028257818768645,-0.3919820952015011,1.2126230021958784,0.31579740197919415,0.8977514159142427,-0.2654470767001383,0.2276571706169643,-0.6179504730293296,0,0.5781914893617022
0.21286669995054183,-0.2628063377212388,0.12677398767599157,0.18114281581596198,-0.4595918992260378,-0.5805173278229244,-0.5848075999650678,-0.17847233197830026,0.13524923518551366,0.0725888087405558,0.7162502109487098,1.2126230021958784,-0.14804083156520395,0.18931140633354027,0.07047503885804973,-0.026767259404042773,-0.7895186238453246,1,3.697278911564626
-0.8102111313519123,0.5499119812061786,-1.3727743851233638,-0.10599133043551597,-0.2468523027269947,-0.20479697334628322,-0.2619978004229163,-0.8061128368317416,0.19970163266321922,-0.7444648091690365,0.3468394422319739,-0.8246586104577844,-0.13614754352560368,-0.7688246721977368,-0.553380318607157,-1.0603845612622145,-0.10498328483593146,0,0.5781914893617022
0.1560290426559612,-0.4253500015067221,0.17848255225527973,0.03757574269022316,-0.03411270622795163,0.4527136469878389,0.06081199911923523,0.7789453872897071,0.3930588250963417,1.473252153728428,-0.4843347873806851,1.2126230021958784,0.2601368139538668,0.11382189711592504,-0.06389380736522518,0.46133246016757273,0.29113875783082616,0,0.5781914893617022
-0.18499690111152348,-0.5878936652922057,0.2301911168345679,-0.03420779387264641,-0.16175646412737738,0.9223640900836404,2.1737488688496818,0.6778846280336285,-0.573727137069262,2.4070277170536762,-0.6690401717390546,1.2126230021958784,-1.0833212041219418,-0.25201187832329036,0.04648060203246492,0.7871054308293074,1.3125418974741128,0,0.5781914893617022
-0.41234753028984694,-0.9671622141250005,1.678030925054635,0.03757574269022316,-0.31067418167670774,0.6405738242261595,-0.11526607335830197,-0.09336853471000801,0.4575112225740473,0.7729204812344919,0.6238975187695258,1.2126230021958784,0.9272205280149923,-0.524935488571594,0.9150792151186384,0.3423011534221204,-0.3970691633501687,0,0.5781914893617022
-0.6396981594681699,-0.4253500015067221,-0.6488544810133302,-0.39312547668699394,-0.20430438342718604,-0.5805173278229244,-0.5848075999650678,-0.34336093918552424,-0.1225603547253144,-0.8611867545846925,-0.4843347873806851,-0.8246586104577844,-0.14804083156520395,-0.6991420483045528,-0.06389380736522518,-0.48525960454557376,-0.39304845226884905,0,0.5781914893617022
-0.46918518758442757,0.00809976858790052,-1.1142315622269232,0.03757574269022316,-0.03411270622795163,0.3587835583686786,-0.11526607335830197,-0.1252824586855807,0.4575112225740473,-0.39429897292206867,0.2544867500527883,-0.8246586104577844,0.4844658505407936,-0.47848040597613806,-0.24643261732892036,-0.6479936521843753,0.17199936882054223,0,0.5781914893617022
1.5769704750204816,-0.750437329077689,1.3677795375789066,0.10935927925309273,0.1573529306211874,0.4527136469878389,1.5574756151783014,1.7895529798503749,-1.1537987143686266,-0.8611867545846925,-0.8537455560974225,1.2126230021958784,-1.1170494184747883,1.5307019162773288,0.1738356897990315,1.580926874100116,0.999328719244216,0,0.5781914893617022
1.2927821885475774,2.690070221048377,0.7989853272067371,0.18114281581596198,-0.16175646412737738,0.4527136469878389,1.0585877431586126,0.9385150071677477,-1.6049654967125742,-0.5110209183377248,-0.2996294030223171,1.2126230021958784,-0.8437981818818011,1.6090948681571604,-1.2879612235699411,0.7751517173715594,1.2283060491916469,0,0.5781914893617022
-0.7533734740573317,-0.15444389519758306,-0.13176883522044897,-0.39312547668699394,-0.37449606062642044,-1.2380279481570464,-0.7608856724426051,-0.2316622052709608,-0.38036994463614243,-0.16085508209075644,-1.1308036326349762,-0.8246586104577844,-1.5817226443387988,-0.7862453281710329,-0.42668969216806885,-0.20036899663319696,-0.5435335374345095,0,0.5781914893617022
1.2927821885475774,-1.1838870991723116,1.1092367146824658,-0.03420779387264641,-0.43831793957613346,-0.9562376822995656,-0.7902320178555279,1.0448947537530686,-0.31591754715843684,1.1814472901892876,0.2544867500527883,1.2126230021958784,-0.6118790651096021,1.1939025674602737,1.1974395555693922,1.2220266449190584,-1.1367965206216377,0,0.5781914893617022
-0.8102111313519123,-0.2628063377212388,-0.3903116581168895,-0.4649090132498635,-0.11920854482757076,-0.6744474164420847,-0.7315393270296822,-0.47101663508793307,0.5219636200517557,-1.3280745362473168,-1.2693326709037511,-0.8246586104577844,0.0737948453473348,-0.8559279520642161,-0.3809203039232654,-0.6913795759654934,-0.2533071927540783,0,0.5781914893617022
-0.8102111313519123,0.8479086981462318,-1.4244829497026519,-0.03420779387264641,0.3700925271202305,0.5466437356069992,-0.32069049124876203,-0.07209258539292018,0.9731304023957034,-0.5110209183377248,0.16213405787360433,-0.8246586104577844,1.3939078907580666,-0.7368868029133605,-0.7215165182608907,-1.0341278944495411,0.44748818060614093,0,0.5781914893617022
2.3158600198500325,-0.20862511645941093,1.5746137958960587,0.3247098889417011,0.32754460782042183,1.110224267321961,1.4987829243524557,2.1618820928989986,-0.9604415219355041,1.9985009080988798,0.9933082874862633,1.2126230021958784,-0.6306200038386687,2.3436658616978066,0.08418614561552727,2.11352423982911,0.7175240640220046,0,0.5781914893617022
0.5538926437180275,-0.8046185503395168,1.0575281501031777,0.898978181444657,0.9444894376676474,-1.2380279481570464,-1.0836954719847565,-0.5135685337220497,-0.5092747395915564,-0.5110209183377248,2.5633040545323955,1.2126230021958784,-0.6962132893904018,0.4796556725551394,1.219682276293958,0.48357037801202096,-1.7923021441190388,0,0.5781914893617022
-1.2649123897085592,1.0104523619317147,-0.9073973039097707,0.03757574269022316,-0.736153374674794,-0.2987270619654435,-0.6141539453779907,-1.6571508095144278,1.682106774650479,-0.9195477272925205,1.3627190562030007,-0.8246586104577844,0.6593812786787485,-1.1840169728946235,-0.6037182979615309,-1.8403896059122897,-0.6509329889972332,0,0.5781914893617022
0.32654201453970405,-0.15444389519758306,-0.3386030935376015,-0.24955840356125478,0.008435213071857043,0.4527136469878389,-0.2619978004229163,0.09811500914360527,0.13524923518551366,1.0063643720658035,0.6238975187695258,1.2126230021958784,1.029394684355192,0.3170628834710443,-0.04373848043173394,0.08410133129339856,-0.20572894396251276,0,0.5781914893617022
-0.5828605021735893,-0.046081452673927346,0.2301911168345679,-0.32134194012412437,-0.37449606062642044,3.2706163055626476,0.6477389073776926,-1.3592875190754936,0.19970163266321922,0.9480033993579754,2.286245977994844,-0.8246586104577844,2.2639179828656673,-0.6004249977892092,0.21905597458571038,-0.5690482226572381,0.49192226399248834,0,0.5781914893617022
-0.7533734740573317,-0.15444389519758306,-0.7005630455926182,-0.5366925498127328,-0.20430438342718604,-0.5805173278229244,-0.7315393270296822,-0.19974828129532904,1.424297184739651,-0.27757702750641255,-0.022571326484763597,-0.8246586104577844,0.35613116141783757,-0.7862453281710329,-0.18482576896617295,-0.888731801899423,-0.539980566928927,0,0.5781914893617022
-0.9807241032356551,-0.15444389519758306,-1.4244829497026519,-0.5366925498127328,-0.5446877378256552,0.4527136469878389,-0.5848075999650678,-1.7103406828070884,0.8442256074402894,-0.6277428637533803,1.7321298249197383,-0.8246586104577844,2.403069452928987,-1.0185207411483124,0.19812544277016197,-1.5509709301419232,-0.7673666067024103,0,0.5781914893617022
4.134665053276619,0.6311838130989204,1.1092367146824658,1.1861123276961352,0.1573529306211874,-0.5805173278229244,-0.7315393270296822,3.411844115276698,-2.5072990614004724,0.4811156176953516,0.6238975187695258,1.2126230021958784,0.35613116141783757,4.291875888044737,-0.5466841967023427,2.8892609617832754,-0.2668602503521868,0,0.5781914893617022
-0.8670487886464934,-0.2628063377212388,-0.13176883522044897,-0.39312547668699394,-0.2468523027269947,1.2041543559411212,0.38362179866138674,-0.7635609381976249,0.19970163266321922,-0.33593800021424064,-0.022571326484763597,-0.8246586104577844,0.6199536206968324,-0.9139968053085369,-0.0974860189210439,-0.5767998023152325,0.44281642188274245,0,0.5781914893617022
-0.3555098729952658,-1.4547932054814505,0.12677398767599157,-0.6084760863756025,-0.6085096167753682,0.3587835583686786,-0.2913441458358392,-0.9763204313682671,-0.1225603547253144,-1.0946306454160049,0.3468394422319739,-0.8246586104577844,0.9505234057767922,-0.5191286032471616,1.9051265930604644,-0.36390674902797837,-0.6400959173929591,0,0.5781914893617022
-0.5260228448790082,-1.2922495416959674,0.5404425043102966,-0.6084760863756025,-0.5446877378256552,-0.6744474164420847,-0.5261149091392221,0.03428716119240084,0.6508684150071697,-0.7444648091690365,-0.8537455560974225,-0.8246586104577844,-0.5191114184007224,-0.6759145070068249,1.0203237794018936,-0.14821945121176763,-0.6170456493041286,0,0.5781914893617022
-0.46918518758442757,0.27900587489703926,-1.2693572559647877,1.1143287911332653,-0.16175646412737738,1.0162941787028006,-0.05657338253245624,-0.4337837237830589,-1.8627750866234023,-1.0946306454160049,-1.1308036326349762,-0.8246586104577844,1.3443082676646,-0.44944597935397773,-0.6824538408413376,-0.15254832862676765,1.0575796695512072,0,0.5781914893617022
1.8611587614933858,-0.28989694835215274,0.6438596334688729,-0.823826696064211,0.07225709202157006,-0.9562376822995656,-0.5848075999650678,0.16194285709480968,-1.5405130992348686,-0.04413313667510031,-0.36119786447513763,1.2126230021958784,-1.075717298654001,1.8704047077565993,-0.15229436409107142,1.1161252217981648,-0.883960649048566,0,0.5781914893617022
-0.07132158652236226,1.931533123382788,-0.3903116581168895,-0.823826696064211,-0.03411270622795163,-0.8623075936804053,-0.49676856372629924,-1.1358900512462486,-1.2827035093240406,-1.1529916181238324,-0.3919820952015011,-0.8246586104577844,-1.0009046803403878,0.13414599575143707,-1.1422607342587996,-0.5234753693393789,-0.2750977218969966,0,0.5781914893617022
-0.2986722157006852,0.5499119812061786,1.0575281501031777,-0.6084760863756025,0.2637227288707091,-0.20479697334628322,1.4107438881136871,-0.33804195185628183,-0.7670843295023845,-0.2192160547985845,-0.8537455560974225,-0.8246586104577844,-1.5202289391340489,-0.2462049929988585,-0.7613321044288925,0.27530986708914834,0.6446790389452334,0,0.5781914893617022
-0.46918518758442757,-1.4006119842196227,0.3336082459931442,-0.17777486699838554,-0.7999752536245069,-1.1440978595378861,-1.171734508223525,-0.869940684782946,0.5864160175294613,-0.10249410938292837,0.5315448265903419,-0.8246586104577844,0.779635635523593,-0.6294594244113695,1.8247349756619233,-0.36175104922402795,-1.5838033101502489,1,3.697278911564626
-0.696535816762751,0.3331870961588671,-1.4244829497026519,-0.32134194012412437,0.07225709202157006,-0.6744474164420847,-0.9956564357459879,-0.986958406026811,0.7153208124848753,-0.6277428637533803,0.9933082874862633,-0.8246586104577844,1.70731210261239,-0.675914507006826,-0.3166894333107094,-1.1989632191327435,-0.8606186364372989,1,3.697278911564626
0.6107303010126082,0.8479086981462318,-0.08006027064116081,-0.10599133043551597,-0.11920854482757076,0.6405738242261595,2.790022122521062,0.5661858941190651,-0.18701275220302285,-0.6277428637533803,-0.9460982482766065,-0.8246586104577844,-1.4227850678095992,0.7148345281946354,-0.8980595278973109,0.2090470418998328,1.8917460176552865,0,0.5781914893617022
0.5538926437180275,-0.8587997716013447,0.8506938917860253,-0.6802596229384719,-1.0552627694233587,0.4527136469878389,-0.1739587641841477,-0.7848368875146537,-0.444822342113848,0.889642426650148,0.3468394422319739,1.2126230021958784,0.779635635523593,0.47384878723070756,0.6606084851089226,0.34921918879538283,-0.6884782674651444,1,3.697278911564626
-0.014483929227780629,-1.2380683204341394,1.1092367146824658,0.898978181444657,0.05098313237166572,-0.4865872392037641,-0.7021929816167592,-0.9337685327341504,-0.2514651496807284,-0.10249410938292837,1.5474244405613686,1.2126230021958784,0.5090633326226939,-0.1474879424835138,1.7836778282048116,0.2590368576201581,-1.2725723726998475,1,3.697278911564626
-1.1512370751193974,1.2542678576099402,-1.4244829497026519,0.25292635237883154,-0.33194814132661205,0.9223640900836404,0.11950468994508097,-1.5667280249168931,1.295392389784237,-0.33593800021424064,0.9933082874862633,-0.8246586104577844,0.779635635523593,-1.0417482824460402,-0.7560701665285453,-1.6874458912197312,0.375533016167361,0,0.5781914893617022
1.065431559369254,-0.47953122276855,0.7472767626274489,-0.39312547668699394,-0.3532221009765164,-0.8623075936804053,-0.8195783632684508,-0.5720773943440117,-1.089346316890918,0.7729204812344919,0.6238975187695258,1.2126230021958784,-0.1944246549196436,1.0371166637006104,0.2613398772433845,0.6969636473955508,-1.329723608849496,1,3.697278911564626
0.32654201453970405,-1.1297058779104838,0.17848255225527973,-0.39312547668699394,0.008435213071857043,-0.3926571505846038,-0.8489247086813736,-0.5508014450269239,-0.8959891244577985,-0.6277428637533803,-0.022571326484763597,1.2126230021958784,1.6340744867895898,0.21253894763126874,0.9942608566430685,0.26535760845296086,-0.8992330603505401,0,0.5781914893617022
-0.7533734740573317,1.362630300133596,-1.0108144330683468,-0.39312547668699394,0.11480501132137874,-0.5805173278229244,-0.8489247086813736,-0.6039913183195844,0.5864160175294613,-1.0946306454160049,-0.3919820952015011,-0.8246586104577844,0.9505234057767922,-0.6236525390869372,-0.9889716332870059,-1.1028276193791449,-0.13133663288177322,0,0.5781914893617022
-0.6396981594681699,-0.750437329077689,0.8506938917860253,0.03757574269022316,-0.4595918992260378,0.5466437356069992,0.0021193082933894966,-0.9550444820511792,-0.05810795724760882,1.0647253447736316,0.9933082874862633,1.2126230021958784,0.5090633326226939,-0.7339833602511451,0.6906389445039365,-0.025824785972319398,-0.5047838817433679,0,0.5781914893617022
1.804321104198805,0.3331870961588671,1.626322360475347,0.03757574269022316,-0.012838746578047294,-0.2987270619654435,0.031465653706312366,1.0980846270457292,-0.8315367269800901,-0.04413313667510031,0.5315448265903419,1.2126230021958784,-0.7444042746937156,1.8791150357432476,-0.4020933609949946,1.303082478472539,-0.31939336850327926,0,0.5781914893617022
-1.208074732413978,-0.750437329077689,0.7989853272067371,-0.39312547668699394,-0.3532221009765164,-0.20479697334628322,-0.7021929816167592,-1.306097645782774,0.9086780049179978,1.2398082628971157,0.7162502109487098,-0.8246586104577844,1.3207802413253913,-1.3146718926943435,0.6131184562982005,-0.5041780486236148,-1.0763888648299471,1,3.697278911564626
-0.41234753028984694,0.5499119812061786,-1.2693572559647877,-0.39312547668699394,-0.16175646412737738,1.0162941787028006,-0.14461241877122483,-0.5082495463928073,0.8442256074402894,-0.10249410938292837,0.43919213441115784,-0.8246586104577844,1.6102296816379809,-0.36234269948749775,-0.5373840273901005,-0.9594391701645455,0.3104090269662655,0,0.5781914893617022
0.2697043572451234,-1.0755246566486558,0.6955681980481608,2.406432449264917,-0.31067418167670774,-0.8623075936804053,-1.0250027811589109,-0.0827305600514641,-0.05810795724760882,-0.2192160547985845,1.5474244405613686,1.2126230021958784,1.029394684355192,0.16027697971138097,1.4141635010908031,0.40884907401783127,-1.116471029958642,1,3.697278911564626
0.32654201453970405,-1.1838870991723116,0.43702537515172024,0.03757574269022316,-0.6723314957250832,-0.5805173278229244,-0.2619978004229163,-0.5933533436610995,0.5864160175294613,0.1893107541562113,1.2703663640238168,1.2126230021958784,-0.8021716737432014,0.20673206230683686,1.5550340656797224,-0.04458915875964551,-1.1551791547143295,0,0.5781914893617022
0.4970549864234459,0.00809976858790052,-0.18347739979973715,0.03757574269022316,-0.20430438342718604,1.110224267321961,2.6726367408693705,0.6087377927531816,-0.6381795345469705,-0.5110209183377248,-0.8537455560974225,-0.8246586104577844,-1.159141441377813,0.5086900991772998,-0.4746061297835387,0.3925647555091432,1.8637394906596527,0,0.5781914893617022
-0.9238864459410739,0.4957307599443507,-0.3386030935376015,-0.4649090132498635,-0.1830304237772817,-0.768377505061245,0.41296814407430965,0.14066690777772187,1.3598447872619455,-0.45265994562989675,-1.0384509404557904,-0.8246586104577844,-1.6293306741747342,-0.8907692640108084,-0.7693302500374207,-0.7611549388154946,0.3401712497116602,0,0.5781914893617022
-1.3217500470031398,0.6040932024680065,-1.1659401268062115,-0.4649090132498635,-0.4595918992260378,-0.6744474164420847,-0.9076173995072193,-0.9444065073926944,1.3598447872619455,0.7145595085266638,0.16213405787360433,-0.8246586104577844,0.9706278493359923,-1.2856374660721837,-0.6118667583695201,-1.320552479619781,-0.6264797522656954,0,0.5781914893617022
-0.07132158652236226,-1.4547932054814505,0.3336082459931442,-0.03420779387264641,-0.31067418167670774,-0.016936796107962622,-0.027227037119533372,-0.423145749124515,0.5864160175294613,0.7145595085266638,0.8086029031278954,1.2126230021958784,-0.256598716011765,-0.22878433702556294,2.0989278135748033,0.03239061975626227,-0.6988721616581609,1,3.697278911564626
0.4970549864234459,-0.6420748865540336,1.160945279261754,-0.03420779387264641,-0.6936054553749854,-0.3926571505846038,-0.6728466362038364,-0.8167508114902855,0.19970163266321922,0.7729204812344919,2.655656746711581,1.2126230021958784,0.6497609301311613,0.4390074752841154,0.9881159398950534,0.13615835847269805,-1.7143499188004871,1,3.697278911564626
-0.6396981594681699,-0.2628063377212388,-1.0625229976476351,2.1192983030134385,0.029709172721761382,-0.5805173278229244,-0.8782710540942965,0.055563110509429615,0.3930588250963417,0.13094978144838387,0.7162502109487098,-0.8246586104577844,1.140398706058125,-0.6817213923312573,0.07047503885804973,-0.375921242184738,-0.29621881995901506,1,3.697278911564626
1.5769704750204816,-0.47953122276855,0.7472767626274489,-0.24955840356125478,-0.5021398185258464,-0.20479697334628322,-0.8489247086813736,0.4491681728752001,-0.38036994463614243,-0.5110209183377248,-0.022571326484763597,1.2126230021958784,2.3176255678023874,1.5597363428994881,0.1010134129997041,0.7339616944242211,-0.7218751872120552,0,0.5781914893617022
-0.41234753028984694,1.4168115213954238,-0.3386030935376015,-0.17777486699838554,-0.012838746578047294,0.4527136469878389,0.5890462165518469,-0.6571811916122449,-1.2182511118463322,-1.2697135635394887,-1.1308036326349762,-0.8246586104577844,-0.46181375425700244,-0.269432534296586,-1.1073784549345853,-0.3523333472785509,0.9965441459090509,0,0.5781914893617022
2.7705612782066784,-0.37116878024489425,1.2643624084203304,-0.24955840356125478,-0.3532221009765164,-0.3926571505846038,-0.37938318207460775,2.0555023463136775,-1.3471559068017462,-0.5693818910455523,-1.315509016993344,1.2126230021958784,-0.24080847827408364,2.790796031679069,-0.3092630048164237,1.9004453053562926,-0.07639337845919199,0,0.5781914893617022
-1.0375617605302356,0.00809976858790052,-1.1142315622269232,-0.39312547668699394,-0.5234137781757509,1.2041543559411212,-0.11526607335830197,-0.9816394186975095,0.4575112225740473,1.0063643720658035,-0.11492401866394757,-0.8246586104577844,1.812729882963389,-1.059168938419336,-0.3224904548137927,-0.8758129635319091,0.322979823617243,0,0.5781914893617022
1.2359445312529969,-0.9129809928631726,1.0058195855238894,-0.24955840356125478,-0.2894002220268034,-0.6744474164420847,-0.7315393270296822,-0.18911030663678513,-0.5092747395915564,0.5978375631110077,1.4550717483821847,1.2126230021958784,0.0737948453473348,1.1648681408381134,1.0782413855326158,0.7478153958023611,-1.4877096827505152,0,0.5781914893617022
0.21286669995054183,-1.2922495416959674,1.2643624084203304,-0.6802596229384719,0.5402842043194652,-0.3926571505846038,-0.32069049124876203,0.08747703448506136,-0.38036994463614243,-0.45265994562989675,-0.8537455560974225,1.2126230021958784,-0.36115569562614364,0.07898058516933182,1.0203237794018936,0.6822262791078354,-0.4855710677669428,0,0.5781914893617022
-0.6396981594681699,0.27900587489703926,-1.2693572559647877,-0.17777486699838554,-0.22557834307709038,-0.8623075936804053,-0.5848075999650678,-0.5614394196854677,0.2641540301409277,-0.8028257818768645,-0.3919820952015011,-0.8246586104577844,-0.8437981818818011,-0.6236525390869372,-0.5434515861276045,-0.8698565973209896,-0.31874325593245356,0,0.5781914893617022
1.804321104198805,-1.1838870991723116,1.2126538438410421,-0.24955840356125478,-0.1830304237772817,-0.20479697334628322,-0.5848075999650678,0.7789453872897071,-1.7983226891456967,1.589974099144084,-0.576687479559869,1.2126230021958784,0.779635635523593,1.7165222466591523,0.9048622291154864,1.82856566765544,-0.6630048974540275,0,0.5781914893617022
-0.8670487886464934,0.6040932024680065,-0.9073973039097707,-0.32134194012412437,-0.05538666587785568,0.170923381130358,1.5574756151783014,-0.6039913183195844,0.19970163266321922,-0.8028257818768645,-0.20727671084313318,-0.8246586104577844,-1.3099326443051322,-0.8210866401176256,-0.6748521550366806,-0.8501575726445716,0.9333653343764008,0,0.5781914893617022
-0.3555098729952658,0.1706434323733841,-1.0108144330683468,-0.03420779387264641,0.5615581639693695,-0.20479697334628322,-0.05657338253245624,0.19385678107038237,-0.444822342113848,0.014227836032727747,-0.7613928639182386,-0.8246586104577844,-0.4908777867936722,-0.3449220435142022,-0.553380318607157,-0.11285384717659072,0.36582269013966356,0,0.5781914893617022
0.32654201453970405,-0.8046185503395168,0.6438596334688729,-0.24955840356125478,-0.4170439799262291,-0.3926571505846038,-0.5848075999650678,-0.9975963806853548,-0.2514651496807284,0.5394765904031796,2.00918790145729,1.2126230021958784,0.31579740197919415,0.2473802595778599,1.0605612741874475,0.07671437997370437,-1.4887307799189633,1,3.697278911564626
-0.6396981594681699,0.6311838130989204,-1.4244829497026519,-0.4649090132498635,0.19990084992099402,-0.11086688472712292,-0.2619978004229163,0.0076922245460705856,0.3930588250963417,-0.45265994562989675,-1.1308036326349762,-0.8246586104577844,0.0303584890287955,-0.585907784478129,-0.8435456011491137,-0.7404879815230996,0.4618254755231877,0,0.5781914893617022
-0.07132158652236226,-1.0755246566486558,0.2301911168345679,0.18114281581596198,-0.43831793957613346,-1.1440978595378861,-1.0543491265718337,-1.0667432159658017,-0.05810795724760882,0.5978375631110077,2.1938932858156597,1.2126230021958784,-0.3026535760800032,-0.18813613975453888,1.6279321200823786,-0.1417955011244662,-1.933809073858658,1,3.697278911564626
-1.208074732413978,0.5499119812061786,0.17848255225527973,-0.6084760863756025,0.008435213071857043,-0.11086688472712292,0.47166083490015537,0.08747703448506136,0.9731304023957034,0.7729204812344919,-1.0384509404557904,-0.8246586104577844,-0.9452627954696382,-1.1753066449079757,-0.7933246868630056,-0.4488791644278845,0.5204962597956204,0,0.5781914893617022
-0.7533734740573317,-0.6962561078158611,0.2301911168345679,0.7554111083189182,-0.5659616974755595,-0.6744474164420847,-0.555461254552145,-1.3699254937339784,-0.18701275220302285,-0.9779087000003487,0.8086029031278954,-0.8246586104577844,-0.4519348466460163,-0.8443141814153524,0.5659601593063782,-0.5180041472017315,-0.9237968511331689,1,3.697278911564626
-0.5828605021735893,-0.9671622141250005,-0.18347739979973715,-0.39312547668699394,-0.43831793957613346,1.110224267321961,0.0021193082933894966,-0.5188875210513512,0.7797732099625838,-0.6861038364612083,-0.3919820952015011,-0.8246586104577844,1.3207802413253913,-0.6991420483045538,0.598352649020918,-0.5601326600264748,0.23569088781613295,0,0.5781914893617022
-0.18499690111152348,-1.2380683204341394,1.8331566187924995,-0.6802596229384719,-0.14048250447747304,-0.016936796107962622,-0.555461254552145,-0.4550596731001467,-0.05810795724760882,0.7145595085266638,0.3468394422319739,1.2126230021958784,1.1155184942971228,-0.3216945022164737,1.346979077979167,0.5058852714486807,-1.0028151373948588,0,0.5781914893617022
1.065431559369254,0.76663686625349,0.5921510688895848,-0.4649090132498635,-0.7148794150248897,-0.9562376822995656,-0.9076173995072193,0.459806147533744,-0.8959891244577985,-1.0946306454160049,-0.3919820952015011,1.2126230021958784,-0.17532543353840374,1.1706750261625452,-0.7768508944155895,0.4206216020112875,-0.6471719044572891,0,0.5781914893617022
-0.6396981594681699,-0.20862511645941093,-0.18347739979973715,-0.24955840356125478,-0.37449606062642044,-1.0501677709187258,-0.3500368366616849,-0.39123182514894234,0.13524923518551366,-1.0362696727081766,-0.9460982482766065,-0.8246586104577844,-1.565324322950865,-0.6759145070068249,-0.3477137172450003,-0.4611202759403133,-0.33549206676789484,0,0.5781914893617022
1.065431559369254,-0.5878936652922057,1.5229052313167706,0.6118440351931791,-0.37449606062642044,-1.1440978595378861,-1.1130418173976795,0.19385678107038237,-1.7338702916679882,-0.16085508209075644,-0.7613928639182386,1.2126230021958784,0.1302621085614355,1.0255028930517456,0.022486165206880477,1.2823060106198532,-0.9310279098118729,0,0.5781914893617022
-1.3785877042977204,-0.37116878024489425,-1.4244829497026519,-0.4649090132498635,-0.22557834307709038,0.8284340014644801,-0.11526607335830197,-1.5348141009412615,1.2309399923065314,-0.7444648091690365,0.7162502109487098,-0.8246586104577844,1.2223903129977918,-1.4482302551562787,0.17271220446271607,-1.5920242100558712,-0.07654290695786084,0,0.5781914893617022
-0.9807241032356551,1.7689894595973044,-1.3210658205440755,-0.10599133043551597,-0.5446877378256552,-0.11086688472712292,-0.7315393270296822,-0.24761916725874714,1.4887495822173595,-0.33593800021424064,0.5315448265903419,-0.8246586104577844,1.7678127417703546,-0.8123763121309767,-0.9844382714036294,-1.462527688478075,-0.017803759001915432,0,0.5781914893617022
0.3833796718342847,-0.4253500015067221,1.1092367146824658,0.03757574269022316,-0.07666062552776001,0.4527136469878389,0.7944706344423069,1.0448947537530686,0.2641540301409277,-0.5110209183377248,-0.6690401717390546,1.2126230021958784,-0.6489861237931537,0.34609731009320355,-0.10868342277298348,0.5983113481700628,0.6482763918059933,0,0.5781914893617022
1.0085939020746735,-1.4006119842196227,1.3677795375789066,-0.17777486699838554,-0.48086585887594213,-0.8623075936804053,-0.6435002907909135,-0.7582419508683235,-0.8959891244577985,-0.7444648091690365,1.9168352092781062,1.2126230021958784,-0.7189186574660017,0.880330759940946,2.3846051682589033,0.5803469281791885,-1.8175441660031155,0,0.5781914893617022
-0.5260228448790082,0.929180530038973,-1.4244829497026519,-0.4649090132498635,-0.2468523027269947,-0.4865872392037641,-0.40872952748753066,0.5661858941190651,1.295392389784237,-0.5693818910455523,-0.9460982482766065,-0.8246586104577844,-0.36631764735080274,-0.437832208705114,-0.927693533086281,-0.9316216655734675,0.316577517897929,0,0.5781914893617022
2.0316717333771286,0.902089919408059,1.3160709729996185,0.6118440351931791,0.85939359906803,-0.8623075936804053,-0.7902320178555279,1.3108441202163712,-0.8959891244577985,1.0647253447736316,1.6397771327405526,1.2126230021958784,-0.3026535760800032,2.1723627446270632,-0.511951075167298,1.4928776809846536,-0.8924593094402168,1,3.697278911564626
0.1560290426559612,-1.0755246566486558,0.6438596334688729,0.03757574269022316,-0.09793458517766435,-0.016936796107962622,0.5890462165518469,0.5768238687776089,-0.05810795724760882,-1.0362696727081766,-0.9460982482766065,1.2126230021958784,-0.939294288788001,0.044139273222740666,0.5896273992661596,0.42241451216736653,0.34856641968935925,0,0.5781914893617022
-0.7533734740573317,0.3331870961588671,-1.4244829497026519,-0.6084760863756025,-0.7574273343246984,-1.2380279481570464,-1.171734508223525,-0.39123182514894234,0.6508684150071697,-1.0946306454160049,-0.11492401866394757,-0.8246586104577844,-0.03208127317910405,-0.7339833602511451,-0.5216588597529938,-1.1723682715792068,-0.8282284329443051,0,0.5781914893617022
1.7474834469042244,0.5228213705752647,1.9882823125303641,2.6217830589535254,0.008435213071857043,-0.9562376822995656,-0.7021929816167592,1.0980846270457292,-1.2827035093240406,1.9401399353910518,2.655656746711581,1.2126230021958784,-0.8437981818818011,1.84137028113444,-0.13645298432579378,1.8104259504448852,-1.1027419701327696,0,0.5781914893617022
0.8949185874855122,-1.5089744267432785,0.9541110209446017,-0.6084760863756025,-0.5446877378256552,0.9223640900836404,-0.1739587641841477,-0.44442169844160284,-0.8315367269800901,1.0063643720658035,0.16213405787360433,1.2126230021958784,1.5526993580975903,0.752579282803443,1.9919495398508882,0.8227123756256459,-0.5199526440241967,0,0.5781914893617022
-0.8670487886464934,1.308449078871768,-1.4244829497026519,-0.5366925498127328,-0.4595918992260378,1.6738047990369227,0.11950468994508097,0.459806147533744,2.0043687620390154,0.13094978144838387,-0.4843347873806851,-0.8246586104577844,1.7786718308499894,-0.7455971309000088,-0.9852801814676849,-1.2613897562539274,1.234494104449668,0,0.5781914893617022
0.8380809301909317,-1.021343435386828,0.5921510688895848,-0.823826696064211,-0.4595918992260378,-1.2380279481570464,-1.2010808536364481,-1.082700177953588,-0.7670843295023845,-0.6277428637533803,0.9009555953070794,1.2126230021958784,0.31579740197919415,0.7467723974790111,1.0980015099772151,0.20311538487821137,-1.8937966306053033,1,3.697278911564626
-1.0943994178248164,0.8749993087771452,-1.4244829497026519,-0.6443678546570373,-0.6936054553749854,-0.8623075936804053,-1.0543491265718337,-2.720948275367756,1.0375827998734117,-0.7444648091690365,2.286245977994844,-0.8246586104577844,1.3207802413253913,-1.0243276264727443,-0.3968948610489943,-2.0715697916288787,-1.5913769167085,0,0.5781914893617022
-0.8102111313519123,0.4144589280516089,-0.8039801747511945,5.852042204282652,-0.31067418167670774,2.2373853307518847,1.0292413977456898,1.3640339935090318,0.9086780049179978,-0.8028257818768645,-0.9460982482766065,-0.8246586104577844,0.6622789740244078,-0.7833418855088163,-0.7151940413317623,-0.05172217836494725,3.0169902377803437,0,0.5781914893617022
0.7244056156017694,-0.8046185503395168,0.17848255225527973,-0.03420779387264641,0.17862689027109174,-0.016936796107962622,0.031465653706312366,0.7789453872897071,-0.7670843295023845,0.24767172686403935,-0.3919820952015011,1.2126230021958784,-0.34682864594137486,0.6538622322880994,0.37103693172590285,0.8090516066724092,0.009674603387807908,1,3.697278911564626
2.0316717333771286,-0.8046185503395168,1.1092367146824658,0.10935927925309273,0.22117480957090044,-0.3926571505846038,-0.1739587641841477,1.9491225997283566,-0.9604415219355041,-0.27757702750641255,-0.11492401866394757,1.2126230021958784,-0.6118790651096021,1.989445856907455,0.45059743277915854,1.6515886008330853,-0.25950597874528486,0,0.5781914893617022
1.8611587614933858,-1.1297058779104838,1.4194881021581949,0.18114281581596198,-0.14048250447747304,1.767734887656083,0.5596998711389239,1.8427428531430354,0.0707968377078052,1.531613126436256,0.3468394422319739,1.2126230021958784,0.9250177684255683,1.780397985227904,1.1202316499773892,1.6225327306037214,0.5261061588843129,1,3.697278911564626
-1.890126619948948,2.7713420529411192,-0.18347739979973715,-0.6802596229384719,-0.7999752536245069,1.485944621798602,1.4107438881136871,-1.7741685307582928,2.7777975317715,-0.2192160547985845,0.9933082874862633,-0.8246586104577844,-0.3026535760800032,-1.6340505855381025,-1.1666227520918169,-2.2927081360746535,1.1083630889417992,0,0.5781914893617022
1.8611587614933858,-0.5878936652922057,1.3160709729996185,0.5400604986303095,0.3700925271202305,1.5798747104177624,1.4694365789395327,2.2682618394843197,-0.7026319320246761,1.7066960445597397,-1.1308036326349762,1.2126230021958784,-0.28056604114931755,1.8384668384722236,-0.0734915820954591,2.0455819273268627,1.548801202840151,0,0.5781914893617022
-0.3555098729952658,0.38736831742069494,-1.4244829497026519,0.03757574269022316,-0.6936054553749854,-0.8623075936804053,-1.0250027811589109,-0.1837913193075427,0.4575112225740473,-0.5693818910455523,0.3468394422319739,-0.8246586104577844,1.029394684355192,-0.3216945022164737,-0.467000346035051,-0.8725784478577007,-0.6493264574377792,0,0.5781914893617022
1.2359445312529969,-1.5631556480051063,1.0058195855238894,-0.32134194012412437,-0.4595918992260378,-0.9562376822995656,-0.7021929816167592,0.5661858941190651,-1.0248939194132125,1.4148911810206,0.5315448265903419,1.2126230021958784,-0.8437981818818011,1.09518551694493,2.3379493188758227,1.2948803699215352,-1.3798946233290992,1,3.697278911564626
-0.9807241032356551,0.44154953868252284,-1.4244829497026519,-0.6802596229384719,-0.3957700202763248,-1.1440978595378861,-1.171734508223525,-1.4763052403193586,0.13524923518551366,-1.6782403724942847,-0.022571326484763597,-0.8246586104577844,0.779635635523593,-0.9546450025795604,-0.5628207527680427,-1.418417047260877,-0.917637721945463,0,0.5781914893617022
0.3833796718342847,0.27900587489703926,-0.13176883522044897,-0.39312547668699394,0.34881856747032614,-0.768377505061245,-0.7902320178555279,0.507677033497103,-0.2514651496807284,0.3643936722796955,-0.7613928639182386,1.2126230021958784,0.006571912949595308,0.4215868193108198,-0.612952713484471,0.3186199853074318,-0.3267980721137547,0,0.5781914893617022
-1.890126619948948,-0.5878936652922057,-0.18347739979973715,-0.39312547668699394,-0.5872356571254639,0.2648534697495183,0.06081199911923523,-2.6783963767335806,2.6488927368160855,0.4811156176953516,3.3021255919658707,-0.8246586104577844,0.000387403169003857,-1.9940774756528854,1.0782413855326158,-2.020727001342059,-1.344985383452148,1,3.697278911564626
-0.5828605021735893,0.76663686625349,-0.08006027064116081,-0.5366925498127328,6.66718458349191,-0.016936796107962622,0.0901583445321581,0.08747703448506136,-0.9604415219355041,2.8155545260084716,-0.9460982482766065,1.2126230021958784,-0.42998171862160267,-0.5133217179227297,-0.8670986269536103,1.1730837297778365,0.9096187798249556,0,0.5781914893617022
-1.208074732413978,0.929180530038973,-0.6488544810133302,1.8321641567619604,-0.2468523027269947,-0.2987270619654435,-0.6141539453779907,-0.2742141039050774,1.4887495822173595,-0.33593800021424064,1.3627190562030007,-0.8246586104577844,0.6593812786787485,-1.1346584476369517,-0.5677769807025079,-1.1053057630396004,-0.13885730536804014,0,0.5781914893617022
1.2359445312529969,-1.4547932054814505,1.0058195855238894,-0.4649090132498635,-0.20430438342718604,-0.9562376822995656,-0.7021929816167592,0.459806147533744,-0.8315367269800901,2.231944798930192,0.43919213441115784,1.2126230021958784,-0.8437981818818011,1.1067992875937938,1.9438868371633318,1.3486520241654414,-1.3835188097353066,1,3.697278911564626
-0.696535816762751,0.1706434323733841,-0.7005630455926182,-0.6802596229384719,-0.20430438342718604,-0.8623075936804053,-0.8782710540942965,-0.4337837237830589,-0.2514651496807284,-0.2192160547985845,-1.0384509404557904,-0.8246586104577844,0.058109494454528995,-0.693335162980121,-0.6073678014647229,-0.4800626857704732,-0.4233516857879312,0,0.5781914893617022
-0.696535816762751,1.1188148044553705,-0.597145916434042,-0.4649090132498635,0.2637227288707091,-0.11086688472712292,0.8531633252681526,-0.07209258539292018,-0.2514651496807284,-0.10249410938292837,-1.0384509404557904,-0.8246586104577844,-1.2022186350752,-0.5917146698025614,-1.0058468416039006,-0.38819644044167256,0.8900361047306312,0,0.5781914893617022
0.8380809301909317,-0.15444389519758306,0.3336082459931442,-0.17777486699838554,0.13607897097128308,-0.5805173278229244,-0.08591972794537911,1.012980829777437,-0.444822342113848,-0.33593800021424064,-0.6690401717390546,1.2126230021958784,-1.0241797171490672,0.839682562669923,-0.32591305750061234,0.6868098387130159,-0.03323620585364771,1,3.697278911564626
0.04235372806679999,-1.5089744267432785,0.5921510688895848,-0.39312547668699394,-0.991440890473648,-1.1440978595378861,-1.1130418173976795,-1.529495113612019,-0.2514651496807284,0.3060326995718674,1.9168352092781062,1.2126230021958784,0.1302621085614355,-0.11845351586135451,2.757851963323558,-0.14487853319839036,-2.2277299390109553,1,3.697278911564626
-0.46918518758442757,0.22482465363521137,-1.0108144330683468,0.03757574269022316,0.029709172721761382,-0.20479697334628322,-0.6141539453779907,-0.4337837237830589,-0.05810795724760882,-0.39429897292206867,-0.022571326484763597,-0.8246586104577844,0.8998899923684368,-0.4552528646784096,-0.44224819015181605,-0.5664441279753475,-0.1807389523063582,0,0.5781914893617022
0.32654201453970405,-0.2628063377212388,-0.18347739979973715,0.21703458409739693,0.13607897097128308,1.767734887656083,1.7042073422429158,0.7789453872897071,-1.3471559068017462,-0.7444648091690365,-1.1308036326349762,1.2126230021958784,-0.3230741272423352,0.30544911282218057,-0.3494276055896856,0.6093606664348756,1.839971448502516,0,0.5781914893617022
-0.07132158652236226,-0.1002626739357552,-0.18347739979973715,-0.39312547668699394,-0.1830304237772817,-0.016936796107962622,1.1172804339844584,0.4810820968507728,0.19970163266321922,-0.10249410938292837,-0.8537455560974225,-0.8246586104577844,-1.2590952049389956,-0.08361220391476334,-0.403767947812333,0.017450759643317482,0.7103473700514555,0,0.5781914893617022
-1.2649123897085592,-1.021343435386828,-0.13176883522044897,-0.5366925498127328,-0.07666062552776001,-1.1440978595378861,-0.5848075999650678,-1.1146141019292197,0.32860642761863323,-1.2697135635394887,-0.2996294030223171,-0.8246586104577844,-1.5395555321983991,-1.401775172560823,0.7126790833075275,-0.7905764058636743,-0.9040752136198642,0,0.5781914893617022
0.9517562447800928,-0.47953122276855,1.1092367146824658,0.10935927925309273,-0.22557834307709038,-0.4865872392037641,-0.8489247086813736,-0.2316622052709608,-0.5092747395915564,-0.16085508209075644,1.0856609796654473,1.2126230021958784,1.2922989462831913,0.9209789572119701,0.37585878027458514,0.5730838090058246,-1.1729062787878533,1,3.697278911564626
-0.5260228448790082,0.11646221111155625,-0.2868945289583133,-0.24955840356125478,0.39136648677013486,-0.3926571505846038,0.7064315982035383,-0.44442169844160284,-1.6694178941902826,-0.16085508209075644,-1.1308036326349762,-0.8246586104577844,-1.3849427876835996,-0.5249354885715934,-0.5952615174299964,0.18353231456553268,0.4917319883388094,0,0.5781914893617022
0.4970549864234459,0.27900587489703926,-0.3903116581168895,0.3247098889417011,-0.14048250447747304,-0.11086688472712292,1.9683244509592217,0.6725656407043861,-0.5092747395915564,-0.39429897292206867,-0.8537455560974225,-0.8246586104577844,-1.6202230510756856,0.5377245257994591,-0.6303279953236877,0.3315946890917115,1.2541167755807954,0,0.5781914893617022
0.4402173291288653,-0.3169875589830667,1.1092367146824658,0.03757574269022316,0.13607897097128308,2.049525153513564,1.7042073422429158,0.7789453872897071,-1.4760607017571603,-0.39429897292206867,-1.2231563248141601,1.2126230021958784,-0.13928916678134723,0.41577993398638796,-0.32977258819000393,1.0561284650251495,1.7648395155111758,0,0.5781914893617022
1.9179964187879663,-0.20862511645941093,1.1092367146824658,-0.24955840356125478,-0.09793458517766435,-1.0501677709187258,-0.9663100903330651,1.7363631065577145,-0.7670843295023845,-1.3280745362473168,-1.1308036326349762,1.2126230021958784,-0.3026535760800032,1.9371838889875672,-0.3888470375174322,1.2861079420567385,-0.5008130474542412,0,0.5781914893617022
0.1560290426559612,-0.8587997716013447,1.9365737479510758,2.7653501320792646,-0.16175646412737738,-1.2380279481570464,-1.171734508223525,0.7629884253019208,-0.2514651496807284,-0.45265994562989675,0.5315448265903419,1.2126230021958784,-0.03208127317910405,0.0673668145204681,0.7150823416859254,0.9912285066871307,-0.8855219008983841,0,0.5781914893617022
0.0991913853613806,-0.8587997716013447,0.2301911168345679,-0.5366925498127328,-0.4595918992260378,0.9223640900836404,0.0901583445321581,-1.1571660005633364,0.4575112225740473,0.3643936722796955,1.2703663640238168,-0.8246586104577844,0.8432997067943926,0.009297961276148473,0.9329777679939395,-0.30882302211593377,-0.5259905518828936,0,0.5781914893617022
0.32654201453970405,0.3331870961588671,1.160945279261754,-0.39312547668699394,5.305651165898033,1.0162941787028006,0.9705487069198441,-0.17847233197830026,-1.7338702916679882,5.558520243276389,-0.8537455560974225,1.2126230021958784,-0.3026535760800032,0.369324851390932,-0.65830514404785,2.1903756638288043,1.0925885284051426,0,0.5781914893617022
4.0778273959820375,0.6311838130989204,1.1092367146824658,1.1861123276961352,0.1573529306211874,-0.5805173278229244,-0.7315393270296822,3.411844115276698,-2.5072990614004724,0.4811156176953516,0.6238975187695258,1.2126230021958784,0.35613116141783757,4.233807034800416,-0.5466841967023427,2.8733616500126375,-0.26230762234416366,0,0.5781914893617022
0.8380809301909317,0.7124556449916621,0.5921510688895848,0.46827696206744024,-0.09793458517766435,0.4527136469878389,0.324929107835541,1.1512745003383897,0.3930588250963417,0.3060326995718674,0.9933082874862633,1.2126230021958784,-0.15590249654053245,0.9325927278608348,-0.5250232569041932,0.4528188242382267,0.2799945547741307,1,3.697278911564626
-0.7533734740573317,-0.20862511645941093,1.1092367146824658,2.191081839576308,-0.5872356571254639,0.9223640900836404,2.144402523436759,0.3534264009483639,0.19970163266321922,0.5978375631110077,0.06978136569442037,1.2126230021958784,-1.0718839248230552,-0.7920522134954647,-0.12148045574662872,0.3532537916987195,1.4815566021907853,0,0.5781914893617022
1.1222692166638357,0.3331870961588671,0.7472767626274489,0.18114281581596198,0.05098313237166572,1.767734887656083,0.7357779436164612,1.2044643736310503,-0.18701275220302285,0.24767172686403935,-0.8537455560974225,1.2126230021958784,0.6462027190245193,1.18228879681141,-0.65830514404785,0.884725782935032,1.3279635305124573,0,0.5781914893617022
-0.2986722157006852,0.1706434323733841,-0.4420202226961777,-0.39312547668699394,-0.14048250447747304,0.07699329251119767,1.7629000330687614,-0.28485207856362127,0.0707968377078052,-0.6861038364612083,-0.8537455560974225,-0.8246586104577844,-1.4450699661060211,-0.28685319026988254,-0.5713761462263459,-0.35616121928586314,1.0152481159973918,0,0.5781914893617022
-0.9807241032356551,1.0646335831935427,-0.9591058684890589,2.1192983030134385,0.6253800429190802,-0.6744474164420847,-0.9076173995072193,-0.09868752203925044,0.2641540301409277,-0.9779087000003487,0.3468394422319739,-0.8246586104577844,0.9706278493359923,-0.8878658213485929,-0.7797554191409508,-0.6928702325987093,0.11211582308311412,0,0.5781914893617022
0.4402173291288653,-0.6962561078158611,1.160945279261754,-0.5366925498127328,-0.3532221009765164,-0.8623075936804053,-0.9369637449201422,-1.1252520765877636,-0.6381795345469705,0.1893107541562113,1.9168352092781062,1.2126230021958784,0.37377718117224445,0.3751317367153639,0.8682900633087478,0.2372512689164564,-1.8803094794857385,1,3.697278911564626
-0.2986722157006852,2.0669861765373576,-1.0625229976476351,-0.4649090132498635,-0.6297835764252746,0.5466437356069992,-0.027227037119533372,-0.7901558748439552,1.295392389784237,-1.3280745362473168,0.2544867500527883,-0.8246586104577844,0.5723887652165212,-0.08361220391476334,-1.0960237360473077,-1.4737443011166607,0.4552380992380717,0,0.5781914893617022
1.6338081323150622,-1.346430762957795,1.471196666737483,-0.4649090132498635,-0.26812626237689907,0.07699329251119767,0.3542754532484639,0.6725656407043861,-0.9604415219355041,-0.45265994562989675,-0.576687479559869,1.2126230021958784,-0.6273403395610819,1.5248950309528968,1.2462024433117098,1.3313603683057498,-0.19412510639290112,0,0.5781914893617022
-0.9807241032356551,2.337892282846496,-1.4244829497026519,-0.5366925498127328,-0.11920854482757076,-1.0501677709187258,-0.9369637449201422,-1.6677887841729127,1.2309399923065314,-1.2697135635394887,1.3627190562030007,-0.8246586104577844,-0.43793972753045257,-0.7514040162244412,-1.0317694028172557,-1.9865546490629171,-0.8022332203148372,0,0.5781914893617022
-0.46918518758442757,0.8479086981462318,-1.0625229976476351,-0.03420779387264641,-0.6297835764252746,-1.0501677709187258,-1.1423881628106023,-0.22102423061241686,0.4575112225740473,-0.6277428637533803,0.43919213441115784,-0.8246586104577844,1.140398706058125,-0.38847368344744165,-0.6773807658517854,-0.8945033936404299,-0.7444909932330616,0,0.5781914893617022
0.2697043572451234,-1.1838870991723116,0.6438596334688729,0.18114281581596198,0.45518836571984783,-0.8623075936804053,-0.9369637449201422,-0.31676600253919396,0.006344440230099625,0.7729204812344919,1.2703663640238168,1.2126230021958784,0.37377718117224445,0.1486632090625162,1.5550340656797224,0.4174279446381343,-1.413246943460457,1,3.697278911564626
0.4970549864234459,1.2271772469790263,-0.4937287872754658,-0.24955840356125478,1.2848727920661163,-0.5805173278229244,1.6161683060041472,0.08747703448506136,-2.829561048789006,4.099495925580689,-0.20727671084313318,1.2126230021958784,-1.836772264372479,0.6393450189770192,-0.919494109641247,1.3489805496477818,0.6967373779421535,0,0.5781914893617022
-0.18499690111152348,1.5251739639190796,-0.13176883522044897,0.6118440351931791,-0.2468523027269947,1.6738047990369227,1.0879340885715356,-0.029540686758803586,-0.7670843295023845,-1.3864355089551448,-1.1308036326349762,-0.8246586104577844,0.1302621085614355,-0.025543350670442687,-1.1363562651843306,-0.21076120842001467,1.8647962441239425,0,0.5781914893617022
-0.41234753028984694,-0.15444389519758306,0.0750654230967034,-0.17777486699838554,-0.03411270622795163,-1.0501677709187258,-0.9956564357459879,-0.9124925834170626,0.0707968377078052,-0.2192160547985845,0.9933082874862633,-0.8246586104577844,-0.14804083156520395,-0.437832208705114,0.03688282730223136,-0.4198776764570281,-1.2724979890078356,0,0.5781914893617022
-0.2418345584061041,-1.1838870991723116,0.2301911168345679,-0.4649090132498635,-0.4595918992260378,-0.20479697334628322,-0.3500368366616849,-1.646512834855884,0.6508684150071697,-0.5693818910455523,2.00918790145729,-0.8246586104577844,0.058109494454528995,-0.3739564701363615,1.8151028003054157,-0.6898749891788826,-1.4088663691761572,0,0.5781914893617022
0.2697043572451234,-0.046081452673927346,0.3336082459931442,0.10935927925309273,-0.012838746578047294,0.7345039128453198,2.1737488688496818,0.7789453872897071,-0.31591754715843684,-0.27757702750641255,-0.8537455560974225,1.2126230021958784,-1.189775880673115,0.27060780087558833,-0.4398681751630437,0.483541673994378,1.5156161729079414,0,0.5781914893617022
-0.07132158652236226,-0.47953122276855,-0.18347739979973715,-0.17777486699838554,-0.5234137781757509,-0.5805173278229244,-0.5848075999650678,-0.3220849898684955,-0.38036994463614243,-0.7444648091690365,-0.20727671084313318,-0.8246586104577844,-0.14804083156520395,-0.12426040118578739,0.055205851787223266,-0.1496260952899311,-0.5717905906483887,0,0.5781914893617022
0.2697043572451234,-0.2628063377212388,0.6955681980481608,0.5400604986303095,0.0935310516714744,0.9223640900836404,0.11950468994508097,0.7789453872897071,0.006344440230099625,-0.7444648091690365,0.06978136569442037,1.2126230021958784,0.779635635523593,0.2473802595778599,-0.07649088669865725,0.39799067174696773,0.4826902199268676,0,0.5781914893617022
2.0885093906717094,-0.750437329077689,1.9882823125303641,0.3247098889417011,0.11480501132137874,-0.3926571505846038,-0.5261149091392221,1.5236036133870723,-0.8315367269800901,-0.16085508209075644,0.3468394422319739,1.2126230021958784,0.1302621085614355,2.0533215954762074,0.5097578053572198,1.7438127703507054,-0.6753896818303106,1,3.697278911564626
1.8611587614933858,-0.6420748865540336,1.3677795375789066,-0.7520431595013414,0.1573529306211874,0.5466437356069992,-0.20330510959707057,0.3268314643020337,-1.8627750866234023,0.5978375631110077,-0.4843347873806851,1.2126230021958784,1.0172113161195047,1.8326599531477916,0.152407262164926,1.5749421957697702,-0.2584443656873479,1,3.697278911564626
2.3726976771446133,-0.37116878024489425,1.1092367146824658,1.4014629373847436,-0.37449606062642044,0.9223640900836404,0.031465653706312366,0.7257555139970465,-1.6694178941902826,-0.5110209183377248,-0.7613928639182386,1.2126230021958784,0.9784234498997639,2.3843140589688305,-0.17781522046756768,1.6218099575400584,0.5371599037038499,0,0.5781914893617022
-1.7196136480652056,0.22482465363521137,-1.3727743851233638,-0.6084760863756025,-0.7148794150248897,-1.0501677709187258,-0.6141539453779907,-1.7741685307582928,1.682106774650479,1.0647253447736316,1.9168352092781062,-0.8246586104577844,-1.2646884308387558,-1.732767636053446,-0.07096585190329215,-1.798630144075963,-1.3648048162971125,1,3.697278911564626
-0.5260228448790082,0.76663686625349,-0.8039801747511945,-0.6802596229384719,2.0932832587624803,-1.0501677709187258,-0.7902320178555279,-0.39123182514894234,0.5219636200517557,-0.6861038364612083,-0.8537455560974225,-0.8246586104577844,-0.9211045541392014,-0.4552528646784096,-0.8520573381972734,-0.5356208559210163,-0.1635976697579306,0,0.5781914893617022
-0.5260228448790082,0.5770025918370925,-0.9073973039097707,-0.10599133043551597,-0.16175646412737738,-0.016936796107962622,-0.4380758729004535,0.33215045163133516,1.7465591721281875,0.1893107541562113,0.3468394422319739,-0.8246586104577844,0.6812457071959931,-0.47557696331392163,-0.5669834638941025,-0.8622468652626879,-0.015790101307374186,1,3.697278911564626
-0.5828605021735893,-0.4253500015067221,0.43702537515172024,2.406432449264917,-0.2894002220268034,-0.3926571505846038,1.1466267793973812,0.5661858941190651,0.13524923518551366,1.0063643720658035,0.06978136569442037,1.2126230021958784,-1.5715443758911158,-0.6410731950602332,0.07047503885804973,0.4265110330075586,0.6759937689140951,0,0.5781914893617022
1.974834076082548,-1.4547932054814505,1.2643624084203304,-0.5366925498127328,-0.3532221009765164,-0.9562376822995656,-1.1130418173976795,0.03428716119240084,-0.7026319320246761,0.3643936722796955,-0.20727671084313318,1.2126230021958784,1.4290091624857506,1.861694379769952,1.6725651284432563,1.23922286518434,-1.4800087123745602,1,3.697278911564626
1.1791068739584163,0.11646221111155625,-0.23518596437902517,0.10935927925309273,0.07225709202157006,0.170923381130358,0.0021193082933894966,1.4172238668016923,-0.573727137069262,-0.10249410938292837,-0.11492401866394757,1.2126230021958784,-0.03208127317910405,1.217130108758001,-0.39370824809508304,0.7233729136376522,0.3139574071682811,0,0.5781914893617022
0.7244056156017694,-0.8046185503395168,0.7472767626274489,-0.4649090132498635,-0.3532221009765164,-1.0501677709187258,-1.0250027811589109,-0.07741157272222167,-1.0248939194132125,0.5394765904031796,0.06978136569442037,1.2126230021958784,0.0303584890287955,0.6538622322880994,0.5036377668146617,0.7372096057072809,-1.2852674904163035,0,0.5781914893617022
0.9517562447800928,0.27900587489703926,-0.2868945289583133,-0.4649090132498635,-0.16175646412737738,-0.6744474164420847,-0.4674222183133764,0.3534264009483639,-1.1537987143686266,-0.6277428637533803,-0.8537455560974225,1.2126230021958784,-0.6408689547061268,1.0022753517540182,-0.6303279953236877,0.4357455967803573,-0.20491432158550482,0,0.5781914893617022
0.04235372806679999,0.4957307599443507,-0.9591058684890589,-0.24955840356125478,-0.07666062552776001,-0.4865872392037641,1.7629000330687614,-0.17847233197830026,-1.0248939194132125,0.014227836032727747,-0.576687479559869,-0.8246586104577844,-1.8058330366405535,0.09640124114262844,-0.6880587704668913,-0.031070547791128247,0.8392660529202243,0,0.5781914893617022
3.054749564679583,-0.6149842759231197,2.0916994416889403,0.25292635237883154,-0.05538666587785568,0.07699329251119767,-0.14461241877122483,2.4810213326550796,-1.6049654967125742,0.83128145394232,-0.3919820952015011,1.2126230021958784,0.10005868870273023,3.0550093139407233,0.14737287254004564,2.60065406710426,-0.10120931374752977,0,0.5781914893617022
0.5538926437180275,-0.5337124440303778,0.8506938917860253,-0.4649090132498635,-0.05538666587785568,-0.6744474164420847,-0.7608856724426051,0.18321880641183846,-0.18701275220302285,-0.6277428637533803,-0.8537455560974225,1.2126230021958784,0.1892960655579953,0.5086900991772998,-0.054519236698484665,0.4556750647541975,-0.5982114607703279,0,0.5781914893617022
-0.696535816762751,0.44154953868252284,-1.3210658205440755,-0.03420779387264641,-0.14048250447747304,0.07699329251119767,1.1466267793973812,0.3800213375946942,1.1020351973511173,-0.33593800021424064,-0.6690401717390546,-0.8246586104577844,-1.1983411994760826,-0.6643007363579612,-0.6784660712388945,-0.7921988766863992,1.0464911533954644,0,0.5781914893617022
-0.5828605021735893,0.3331870961588671,-0.08006027064116081,-0.39312547668699394,-0.16175646412737738,0.07699329251119767,1.64551465141707,-0.4763356224172346,-0.18701275220302285,-0.8028257818768645,-0.4843347873806851,-0.8246586104577844,-1.4057560417528994,-0.5597768005181857,-0.5899820019004217,-0.38790291622309436,0.8463851582640067,0,0.5781914893617022
-0.6396981594681699,0.22482465363521137,-1.1659401268062115,-0.17777486699838554,-0.14048250447747304,-0.016936796107962622,-0.3500368366616849,-0.5827153690025556,0.4575112225740473,-0.33593800021424064,-0.11492401866394757,-0.8246586104577844,0.41887256498906084,-0.6294594244113695,-0.459928301496984,-0.8375266153103503,-0.022120190036220875,0,0.5781914893617022
2.82739893550126,-1.021343435386828,1.2643624084203304,0.46827696206744024,0.13607897097128308,0.07699329251119767,0.14885103535800384,2.4810213326550796,-1.6694178941902826,0.889642426650148,-0.8537455560974225,1.2126230021958784,-0.38433578072933156,2.7791822610302055,0.534837963306134,2.4784758665537017,0.23398211363210683,0,0.5781914893617022
-0.2986722157006852,1.2542678576099402,-1.2176486913854994,-0.17777486699838554,0.0935310516714744,-0.11086688472712292,0.1781973807709267,0.14066690777772187,-0.31591754715843684,-0.04413313667510031,-0.576687479559869,-0.8246586104577844,-0.663416646614535,-0.17071548378124227,-0.9814915861794347,-0.42690208037771404,0.6059796349531924,0,0.5781914893617022
-0.8102111313519123,-0.046081452673927346,-0.13176883522044897,0.03757574269022316,-0.14048250447747304,-0.5805173278229244,-0.32069049124876203,0.0608820978387311,0.9731304023957034,-0.9195477272925205,0.5315448265903419,-0.8246586104577844,-0.7121684129029853,-0.8327004107664887,-0.14916634439153426,-0.6666909974037551,-0.39018758269865583,0,0.5781914893617022
-0.3555098729952658,0.8749993087771452,-0.2868945289583133,-0.4649090132498635,-0.07666062552776001,0.170923381130358,1.3520511972878413,-0.33804195185628183,0.006344440230099625,-1.0362696727081766,-0.8537455560974225,-0.8246586104577844,-1.223750777444766,-0.269432534296586,-0.8934753797002297,-0.48227348558871946,1.003580122612668,0,0.5781914893617022
-0.3555098729952658,2.337892282846496,-0.3903116581168895,-0.39312547668699394,-0.86379713257422,-0.11086688472712292,0.3542754532484639,-0.6571811916122449,0.32860642761863323,-1.2697135635394887,0.43919213441115784,-0.8246586104577844,-0.8437981818818011,-0.11264663053692264,-1.1367450639291894,-1.0861945491695004,0.31230851070184745,0,0.5781914893617022
-0.18499690111152348,-1.0755246566486558,1.3160709729996185,-0.03420779387264641,0.07225709202157006,0.170923381130358,0.9412023615069213,0.459806147533744,0.3930588250963417,0.83128145394232,-0.7613928639182386,1.2126230021958784,-1.0061415636223405,-0.30427384624317816,0.6507041475494666,0.6354228574292949,0.3774140937176184,0,0.5781914893617022
-1.0375617605302356,1.904442512751874,-1.2693572559647877,2.191081839576308,-0.1830304237772817,0.6405738242261595,-0.027227037119533372,-0.54016347036838,1.7465591721281875,-0.9195477272925205,0.7162502109487098,-0.8246586104577844,0.7105533454212354,-0.8559279520642167,-0.998368056099822,-1.482744654669915,0.9355625125798988,0,0.5781914893617022
1.5769704750204816,-0.5878936652922057,1.0058195855238894,0.07346751097165778,-0.05538666587785568,-0.6744474164420847,-0.40872952748753066,0.33215045163133516,-0.444822342113848,0.6561985358188358,1.5474244405613686,1.2126230021958784,-0.7483020749756014,1.5481225722506244,0.6223470858465028,0.9606401212346909,-1.181340443163869,1,3.697278911564626
-0.8102111313519123,0.27900587489703926,-1.3727743851233638,-0.4649090132498635,-0.16175646412737738,2.2373853307518847,0.1781973807709267,0.050244123180187186,0.5864160175294613,0.4227546449875235,-0.6690401717390546,-0.8246586104577844,2.342942274506565,-0.7978590988198966,-0.5955774316452543,-0.735695560912071,1.2646273188820363,0,0.5781914893617022
-0.6396981594681699,0.22482465363521137,-1.1142315622269232,-0.6802596229384719,-0.2468523027269947,-0.6744474164420847,-0.6141539453779907,0.2470466543630429,0.32860642761863323,0.24767172686403935,-0.7613928639182386,-0.8246586104577844,-0.3026535760800032,-0.6294594244113695,-0.583689080913159,-0.5270864073219255,-0.18004099282242883,0,0.5781914893617022
-0.3555098729952658,0.5499119812061786,-1.0108144330683468,-0.4649090132498635,-0.2468523027269947,-0.11086688472712292,-0.6141539453779907,-0.01890271210025967,0.0707968377078052,-0.6861038364612083,-0.8537455560974225,-0.8246586104577844,1.140398706058125,-0.30427384624317816,-0.7613321044288925,-0.5777694233451774,0.11580421899545487,0,0.5781914893617022
-0.9238864459410739,-1.1297058779104838,0.8506938917860253,-0.10599133043551597,-0.5659616974755595,0.7345039128453198,-0.40872952748753066,-1.0082343553438988,-0.1225603547253144,0.83128145394232,1.0856609796654473,1.2126230021958784,2.1165811322103885,-1.0649758237437679,1.3721732366460304,-0.12321298148735763,-0.719829082143681,1,3.697278911564626
2.3158600198500325,-0.5878936652922057,1.1092367146824658,1.4732464739476128,-0.31067418167670774,0.2648534697495183,-0.14461241877122483,0.5661858941190651,-1.8627750866234023,-0.27757702750641255,-0.8537455560974225,1.2126230021958784,0.4020928872897805,2.3030176644267826,-0.001508271618704328,1.7066240615111343,0.18990539580117452,0,0.5781914893617022
1.1791068739584163,-1.0755246566486558,1.8331566187924995,0.18114281581596198,-0.07666062552776001,-1.0501677709187258,-0.7608856724426051,1.6299833599723934,-0.31591754715843684,0.4811156176953516,0.7162502109487098,1.2126230021958784,-0.9913830743732011,1.089378631620498,1.1393181338159224,1.4245707552925249,-1.1468956402449046,1,3.697278911564626
-0.9807241032356551,0.929180530038973,-1.0108144330683468,0.03757574269022316,0.39136648677013486,-0.20479697334628322,-0.6141539453779907,-0.04549764874658993,0.8442256074402894,-0.45265994562989675,-0.20727671084313318,-0.8246586104577844,0.8998899923684368,-0.9023830346596726,-0.8125202363234738,-0.9015061180608407,0.15259843478612192,0,0.5781914893617022
-0.46918518758442757,-0.5878936652922057,0.17848255225527973,-0.6802596229384719,-0.16175646412737738,-0.11086688472712292,-0.1739587641841477,0.5661858941190651,0.006344440230099625,-0.10249410938292837,-1.315509016993344,-0.8246586104577844,-0.14804083156520395,-0.5423561445448896,-0.12148045574662872,0.12047564044294251,0.12942775332140083,0,0.5781914893617022
-1.6627759907706245,1.1459054150862844,-1.4244829497026519,-0.9673937691899499,-0.991440890473648,-0.016936796107962622,-0.05657338253245624,-2.210325491758121,4.5180122636695845,-0.39429897292206867,1.9168352092781062,-0.8246586104577844,-0.20854147072316906,-1.5759817322937824,-0.5786717520179087,-3.0093630611022286,-0.6618598709620994,0,0.5781914893617022
-0.41234753028984694,-0.20862511645941093,0.2818996814138561,-0.4649090132498635,-0.2894002220268034,1.0162941787028006,1.0879340885715356,0.17258083175329456,0.6508684150071697,-0.45265994562989675,-1.315509016993344,-0.8246586104577844,-0.4045160901132828,-0.4436390940295459,-0.42998035778986304,-0.17682066851757153,1.1107010126003514,0,0.5781914893617022
-0.46918518758442757,0.5499119812061786,-0.028351706061872647,-0.39312547668699394,-0.09793458517766435,0.07699329251119767,1.2640121610490727,-0.3061280278806501,-0.31591754715843684,-0.45265994562989675,-0.576687479559869,-0.8246586104577844,-1.2541166192479998,-0.4204115527318174,-0.7133432307777229,-0.24589489746740995,0.7614531420195062,0,0.5781914893617022
0.32654201453970405,-1.346430762957795,0.9024024563653135,-0.6084760863756025,-0.43831793957613346,-0.8623075936804053,-1.0543491265718337,-1.6997027081485445,-0.38036994463614243,-0.6277428637533803,1.7321298249197383,1.2126230021958784,1.3207802413253913,0.18931140633354027,2.1459938242711427,-0.08909392150335281,-2.0503983061389754,1,3.697278911564626
-1.5491006761814632,-1.1838870991723116,0.4887339397310084,-0.823826696064211,-0.2894002220268034,-0.3926571505846038,1.4107438881136871,-0.7103710649049645,0.0707968377078052,-0.45265994562989675,-1.1308036326349762,-0.8246586104577844,-1.6555150905844982,-1.7095400947557187,0.7098106781462152,-0.3732641876479899,0.33554458968470197,0,0.5781914893617022
-0.5828605021735893,2.0669861765373576,-0.9073973039097707,-0.5366925498127328,-0.2894002220268034,0.3587835583686786,0.23689007159677242,-0.008264737441715759,0.2641540301409277,-0.5693818910455523,-1.1308036326349762,-0.8246586104577844,-0.14804083156520395,-0.3739564701363625,-1.2621390679167415,-0.8331719938032522,1.0141880895161304,0,0.5781914893617022
0.8949185874855122,0.00809976858790052,1.5229052313167706,-0.10599133043551597,0.11480501132137874,1.2980844445602815,0.11950468994508097,0.19385678107038237,-0.7670843295023845,0.5978375631110077,1.0856609796654473,1.2126230021958784,1.2791537331867908,0.9151720718875382,-0.07530248298795642,0.8859330241447908,-0.016726567980409255,1,3.697278911564626
1.4064575031367397,-1.1297058779104838,0.8506938917860253,-0.6802596229384719,-0.5234137781757509,-0.016936796107962622,-0.32069049124876203,0.9385150071677477,-0.573727137069262,0.7145595085266638,-0.3919820952015011,1.2126230021958784,0.34086973892754036,1.3158471592733447,0.8682900633087478,1.1334725522682565,-0.4963492909926871,0,0.5781914893617022
1.1791068739584163,0.44154953868252284,1.1092367146824658,-0.32134194012412437,2.391118693861141,-1.0501677709187258,-0.9369637449201422,1.4172238668016923,-0.9604415219355041,-0.16085508209075644,-1.8696251700684494,1.2126230021958784,-0.43793972753045257,1.2519714207045933,-0.8932359483990477,1.4677847871804468,0.020616002554658553,0,0.5781914893617022
1.8611587614933858,0.00809976858790052,1.9882823125303641,0.7913028766003528,0.7104758815186996,-0.9562376822995656,-0.9956564357459879,0.5661858941190651,-1.6694178941902826,0.4811156176953516,0.9933082874862633,1.2126230021958784,0.31579740197919415,1.902342577040976,-0.09431694235917432,1.725367895402195,-1.1480165468264447,1,3.697278911564626
-1.7764513053597861,-1.1297058779104838,-0.13176883522044897,-0.5366925498127328,0.32754460782042183,-0.2987270619654435,0.06081199911923523,-0.5508014450269239,0.4575112225740473,-0.6277428637533803,-1.1308036326349762,-0.8246586104577844,-0.7788608291855853,-1.9360086224085653,0.6163484766401065,-0.6282424101012825,0.04136816026219592,0,0.5781914893617022
0.1560290426559612,-1.1567964885413977,0.6438596334688729,-0.24955840356125478,-0.1830304237772817,-1.2380279481570464,-1.230427199049371,-0.8593027101244021,-0.2514651496807284,0.0725888087405558,1.3627190562030007,1.2126230021958784,0.779635635523593,0.03542894523609236,1.5261375396102004,0.10997894946559668,-1.881487272410381,0,0.5781914893617022
-0.696535816762751,0.3331870961588671,-1.3727743851233638,-0.17777486699838554,-0.16175646412737738,1.0162941787028006,-0.14461241877122483,-0.6571811916122449,0.7153208124848753,-0.45265994562989675,0.2544867500527883,-0.8246586104577844,1.6102296816379809,-0.675914507006826,-0.45333571760556574,-1.0576178852779714,0.380900607063565,0,0.5781914893617022
-0.18499690111152348,-0.2628063377212388,0.3336082459931442,-0.24955840356125478,-0.31067418167670774,-0.016936796107962622,-0.6728466362038364,-1.6677887841729127,-0.18701275220302285,0.014227836032727747,1.8244825170989223,-0.8246586104577844,1.6887585732706138,-0.21717056637669818,0.3224166255266918,-0.4454839628468054,-1.2312994457443662,0,0.5781914893617022
-0.8102111313519123,0.1706434323733841,-1.2693572559647877,-0.7520431595013414,-0.03411270622795163,1.8616649762752433,-0.05657338253245624,-0.8061128368317416,1.424297184739651,-0.5110209183377248,0.16213405787360433,-0.8246586104577844,2.614821689981865,-0.8094728694687603,-0.37342204241527044,-1.2950230962152225,0.6137431085286414,0,0.5781914893617022
0.9517562447800928,-0.5878936652922057,1.160945279261754,0.6118440351931791,0.41264044642003916,-0.8623075936804053,-0.7902320178555279,0.6193757674117255,-0.31591754715843684,1.589974099144084,1.2703663640238168,1.2126230021958784,-0.3026535760800032,0.9093651865631064,0.5503637753697483,1.1014143239486878,-1.1516545110647547,0,0.5781914893617022
0.21286669995054183,1.5793551851809067,-1.3210658205440755,-0.9673937691899499,-0.37449606062642044,1.8616649762752433,0.0021193082933894966,-0.8167508114902855,-0.7026319320246761,-0.45265994562989675,-0.576687479559869,-0.8246586104577844,2.403069452928987,0.38674550736422764,-1.0765760874382029,-0.6773702215487508,0.9779710737521414,0,0.5781914893617022
1.7474834469042244,0.38736831742069494,1.1092367146824658,0.10935927925309273,-0.05538666587785568,-0.5805173278229244,-0.20330510959707057,1.4172238668016923,-1.0248939194132125,-0.16085508209075644,0.06978136569442037,1.2126230021958784,-0.8833941286477865,1.8268530678233599,-0.5173886633687796,1.2795046299457344,-0.2523262902282008,0,0.5781914893617022
0.04235372806679999,-0.046081452673927346,-0.2868945289583133,0.10935927925309273,-0.07666062552776001,-1.1440978595378861,-0.8782710540942965,0.04492513585094476,-0.31591754715843684,-0.5110209183377248,-0.4843347873806851,-0.8246586104577844,-1.0241797171490672,0.038332387898308805,-0.36234768695730785,-0.010415801069023881,-0.5950597043955944,0,0.5781914893617022
-0.41234753028984694,0.6311838130989204,-1.2693572559647877,-0.4649090132498635,-0.03411270622795163,-0.20479697334628322,0.2662364170096953,0.08747703448506136,0.3930588250963417,-1.1529916181238324,-0.11492401866394757,-0.8246586104577844,-0.8722794769240017,-0.35363237150085053,-0.6716784722588778,-0.8018802051686025,0.3411131180733256,0,0.5781914893617022
1.1791068739584163,-0.47953122276855,2.3502422645853804,2.873025436923568,-0.2894002220268034,2.049525153513564,0.8238169798552297,1.2044643736310503,-0.8959891244577985,1.1230863174814596,1.4550717483821847,1.2126230021958784,0.779635635523593,1.1532543701892497,0.4674739026995461,1.7498668028400202,0.8701407725749933,1,3.697278911564626
1.0085939020746735,0.6582744237298342,0.4887339397310084,1.8321641567619604,0.4764623253697522,-0.4865872392037641,0.5010071803130782,3.119299812167006,0.0707968377078052,-0.10249410938292837,-0.022571326484763597,1.2126230021958784,-1.3682921844281593,1.1009924022693618,-0.6685536153699644,1.2040090646676669,0.9115563457505002,0,0.5781914893617022
1.8611587614933858,0.27900587489703926,1.9882823125303641,-0.24955840356125478,-0.2894002220268034,-0.5805173278229244,-0.027227037119533372,2.1618820928989986,-0.38036994463614243,-0.5110209183377248,-1.315509016993344,1.2126230021958784,-1.0855861972400513,1.9313770036631353,-0.7172044045197712,1.550098266388694,0.14612834669605407,0,0.5781914893617022
2.543210649028356,-1.2380683204341394,2.4019508291646687,0.03757574269022316,0.1573529306211874,-0.6744474164420847,-0.5848075999650678,1.4172238668016923,-0.7026319320246761,0.6561985358188358,0.3468394422319739,1.2126230021958784,-0.379959948337403,2.4656104535108776,1.346979077979167,2.0910082027188253,-1.0783597042052089,1,3.697278911564626
-0.2418345584061041,1.281358468240854,-1.4244829497026519,-0.39312547668699394,-0.07666062552776001,-0.6744474164420847,-0.7608856724426051,-0.29017106589286373,0.13524923518551366,0.13094978144838387,0.43919213441115784,-0.8246586104577844,0.1892960655579953,-0.1097431878747062,-0.8450773937417183,-0.7712532245405491,-0.3934129325869005,0,0.5781914893617022
1.520132817725901,-1.7798805330524174,1.0575281501031777,-0.39312547668699394,5.433294923797457,-0.9562376822995656,-0.8782710540942965,0.6193757674117255,-0.05810795724760882,0.3060326995718674,0.06978136569442037,1.2126230021958784,-0.3026535760800032,1.3623022418688007,3.0097935499921995,1.7315007633695392,-0.8296672749884644,0,0.5781914893617022
0.2697043572451234,-1.4006119842196227,0.9541110209446017,-0.32134194012412437,0.1573529306211874,0.3587835583686786,-0.555461254552145,-0.986958406026811,-0.31591754715843684,-0.5693818910455523,0.8086029031278954,1.2126230021958784,2.011206117693203,0.12543566776478876,1.9367090141813197,0.2155592463883004,-0.9173820019414157,0,0.5781914893617022
0.0991913853613806,0.30609648552795315,-0.4937287872754658,-0.32134194012412437,-0.20430438342718604,-1.0501677709187258,-0.5261149091392221,-0.01890271210025967,-0.7026319320246761,-1.0362696727081766,-0.576687479559869,-0.8246586104577844,-1.3849427876835996,0.13414599575143707,-0.5927558046799115,-0.12482196942253634,-0.37561867597359655,0,0.5781914893617022
-0.696535816762751,0.9833617513008008,-1.4244829497026519,-0.4649090132498635,-0.16175646412737738,-0.20479697334628322,-0.37938318207460775,0.2470466543630429,1.0375827998734117,-0.6277428637533803,-0.9460982482766065,-0.8246586104577844,0.1302621085614355,-0.6062318831136415,-0.946753902620971,-0.9947540519524324,0.41462886495303697,0,0.5781914893617022
-0.6396981594681699,-0.8046185503395168,0.5404425043102966,0.18114281581596198,-0.4170439799262291,0.6405738242261595,-0.1739587641841477,-1.6890647334900006,0.19970163266321922,0.3643936722796955,2.286245977994844,-0.8246586104577844,1.0888611245531923,-0.7397902455755769,1.140121775240703,-0.5046960495170373,-0.9555755108732528,1,3.697278911564626
-0.696535816762751,0.6582744237298342,-0.4937287872754658,-0.5366925498127328,-0.37449606062642044,-0.2987270619654435,-0.23265145500999343,0.14066690777772187,0.8442256074402894,-0.33593800021424064,-1.2231563248141601,-0.8246586104577844,-0.3567680366601828,-0.6410731950602332,-0.8701068847048776,-0.6483838412622649,0.29378714686372454,0,0.5781914893617022
0.6107303010126082,0.8479086981462318,-0.8556887393304827,0.10935927925309273,-0.22557834307709038,-0.9562376822995656,-0.49676856372629924,0.8853251338750281,-0.7670843295023845,0.24767172686403935,-0.2996294030223171,-0.8246586104577844,-1.210380011618503,0.7148345281946354,-0.7950761056093993,0.26466359562158426,-0.1299046920105142,0,0.5781914893617022
-0.9807241032356551,0.902089919408059,-1.4244829497026519,-0.32134194012412437,-0.26812626237689907,-0.3926571505846038,0.23689007159677242,0.03428716119240084,1.1664875948288258,0.0725888087405558,-1.1308036326349762,-0.8246586104577844,-1.075717298654001,-0.9052864773218885,-0.9469581312858159,-1.0164061481367088,0.615403990766634,0,0.5781914893617022
-0.12815924381694285,0.00809976858790052,-0.2868945289583133,-0.24955840356125478,-0.20430438342718604,1.5798747104177624,1.205319470223227,0.02364918653385693,-0.31591754715843684,-1.1529916181238324,-0.7613928639182386,-0.8246586104577844,-0.059442517292678,-0.13006728651021926,-0.45559167041232046,-0.17966601742902688,1.3388006462025461,0,0.5781914893617022
-0.014483929227780629,0.4686401493134368,-0.2868945289583133,0.03757574269022316,-0.012838746578047294,-0.9562376822995656,-0.8489247086813736,0.7789453872897071,-0.31591754715843684,-0.27757702750641255,-1.0384509404557904,-0.8246586104577844,-0.4165787562488028,0.03542894523609339,-0.7570404165413895,0.13803172791990118,-0.1424811665463139,0,0.5781914893617022
-0.696535816762751,-0.9671622141250005,0.0750654230967034,-0.03420779387264641,0.17862689027109174,0.3587835583686786,0.14885103535800384,-0.28485207856362127,0.7153208124848753,-0.04413313667510031,0.5315448265903419,-0.8246586104577844,-0.016765859807355236,-0.8152797547931931,0.8862858909279366,-0.3129689364091212,-0.13536653296782525,0,0.5781914893617022
1.0085939020746735,-0.5337124440303778,0.6438596334688729,0.03757574269022316,0.0935310516714744,-0.2987270619654435,0.11950468994508097,0.8534112098994554,-0.573727137069262,-0.10249410938292837,-0.3919820952015011,1.2126230021958784,-0.8437981818818011,0.9732409251318578,0.06266289663576662,0.8915560342436193,-0.046817629320210226,1,3.697278911564626
-0.18499690111152348,-1.1838870991723116,0.9024024563653135,-0.32134194012412437,2.7315020482596095,-1.0501677709187258,-0.9369637449201422,-1.6784267588314568,-1.0248939194132125,0.889642426650148,1.9168352092781062,1.2126230021958784,-0.43793972753045257,-0.31588761689204187,1.7825942084772042,0.5133705659260495,-1.7770424742647843,1,3.697278911564626
-1.890126619948948,-0.8046185503395168,-1.3727743851233638,-0.6802596229384719,-0.8425231729243156,0.9223640900836404,0.3542754532484639,-3.1358292870504965,2.5199879418606717,0.5394765904031796,3.3021255919658707,-0.8246586104577844,0.3467199508821543,-2.0173050169506133,1.4318436124359721,-2.4170932470982898,-1.0417808187708264,0,0.5781914893617022
-0.2986722157006852,0.22482465363521137,-0.9591058684890589,-0.17777486699838554,-0.48086585887594213,1.6738047990369227,-0.08591972794537911,-1.364606506404736,0.9731304023957034,0.4811156176953516,2.101540593636474,-0.8246586104577844,2.4391457599824404,-0.2810463049454507,-0.03560562921295623,-1.0825924390010202,-0.15958494358301592,1,3.697278911564626
-0.014483929227780629,0.06228098984972839,0.023356858517415518,-0.4649090132498635,-0.22557834307709038,-0.4865872392037641,-0.23265145500999343,0.5661858941190651,0.5219636200517557,-0.27757702750641255,-0.3919820952015011,-0.8246586104577844,-0.6814548001412616,-0.008122694697147105,-0.41474579472599976,-0.08615373280249776,-0.1504598944430289,0,0.5781914893617022
0.04235372806679999,-0.750437329077689,-0.9073973039097707,-0.6084760863756025,-0.26812626237689907,-0.9562376822995656,-0.6728466362038364,-0.49229258440502094,-1.4116083042794547,-1.3280745362473168,-0.6690401717390546,-0.8246586104577844,-0.9087355345780169,-0.0371571213193064,0.2255160152695215,-0.09997862083284721,-0.6587637822131027,0,0.5781914893617022
0.3833796718342847,-0.6962561078158611,0.6955681980481608,-0.39312547668699394,-0.6297835764252746,-0.11086688472712292,-0.23265145500999343,-1.3805634683925223,-0.573727137069262,-0.33593800021424064,1.6397771327405526,1.2126230021958784,-0.03208127317910405,0.3170628834710443,0.7927075873081554,-0.046050393264774295,-1.1930408973650974,0,0.5781914893617022
-0.5828605021735893,-0.750437329077689,0.17848255225527973,-0.10599133043551597,-0.2894002220268034,-0.6744474164420847,-0.05657338253245624,-0.28485207856362127,0.6508684150071697,-0.6861038364612083,-0.9460982482766065,-0.8246586104577844,-1.1967185769699302,-0.675914507006826,0.14799552706378633,-0.3107683416856835,-0.18759699611239306,0,0.5781914893617022
1.2359445312529969,0.3331870961588671,1.1092367146824658,-0.32134194012412437,-0.37449606062642044,-0.20479697334628322,-0.027227037119533372,1.2576542469237109,-0.05810795724760882,-0.5693818910455523,-0.7613928639182386,1.2126230021958784,-0.5329278764211939,1.2984265033000493,-0.6412243585109932,0.788503179652354,0.1172177741539136,0,0.5781914893617022
