fixed_acidity,volatile_acidity,citric_acid,residual_sugar,chlorides,free_sulfur_dioxide,total_sulfur_dioxide,density,ph,sulphates,alcohol,quality,good_quality,cluster,free_to_total_SO2,total_acidity,alcohol_acidity_ratio,PC1_score,PC2_score
7.4,0.7,0.0,1.9,0.076,11.0,34.0,0.9978,3.51,0.56,9.4,5,0,0,0.3235294117647059,8.1,13.42857142857143,-1.6171845210603735,0.4830470636386372
7.8,0.88,0.0,2.6,0.098,25.0,67.0,0.9968,3.2,0.68,9.8,5,0,0,0.373134328358209,8.68,11.136363636363637,-0.7597499012749727,1.8519022337725983
7.8,0.76,0.04,2.3,0.092,15.0,54.0,0.997,3.26,0.65,9.8,5,0,0,0.2777777777777778,8.56,12.894736842105264,-0.729911500363683,0.8902268409742862
11.2,0.28,0.56,1.9,0.075,17.0,60.0,0.998,3.16,0.58,9.8,6,0,1,0.2833333333333333,11.479999999999999,35.0,2.361030241902717,-0.23549564420120445
7.4,0.66,0.0,1.8,0.075,13.0,40.0,0.9978,3.51,0.56,9.4,5,0,0,0.325,8.06,14.242424242424242,-1.577086624998008,0.6040422755034848
7.9,0.6,0.06,1.6,0.069,15.0,59.0,0.9964,3.3,0.46,9.4,5,0,0,0.2542372881355932,8.5,15.666666666666668,-1.0851151278606672,0.6648214580577134
7.3,0.65,0.0,1.2,0.065,15.0,21.0,0.9946,3.39,0.47,10.0,7,1,0,0.7142857142857143,7.95,15.384615384615383,-2.2444718442737965,-0.35790822131168254
7.8,0.58,0.02,2.0,0.073,9.0,18.0,0.9968,3.36,0.57,9.5,7,1,0,0.5,8.379999999999999,16.379310344827587,-1.0928717111022186,-0.27049480535924875
7.5,0.5,0.36,6.1,0.071,17.0,102.0,0.9978,3.35,0.8,10.5,5,0,1,0.16666666666666666,8.0,21.0,0.6714223403303018,1.592848731981217
6.7,0.58,0.08,1.8,0.0969999999999999,15.0,65.0,0.9959,3.28,0.54,9.2,5,0,0,0.23076923076923078,7.28,15.862068965517242,-1.1074476735265406,0.8953209573550639
5.6,0.615,0.0,1.6,0.089,16.0,59.0,0.9943,3.58,0.52,9.9,5,0,0,0.2711864406779661,6.215,16.097560975609756,-3.014400838093371,0.523847678527634
7.8,0.61,0.29,1.6,0.114,9.0,29.0,0.9974,3.26,1.56,9.1,5,0,1,0.3103448275862069,8.41,14.918032786885245,1.5663952756979533,-0.30773032698036334
8.9,0.62,0.18,3.8,0.176,52.0,145.0,0.9986,3.16,0.88,9.2,5,0,1,0.3586206896551724,9.52,14.838709677419354,1.6469999558575639,4.715262347538736
8.9,0.62,0.19,3.9,0.17,51.0,148.0,0.9986,3.17,0.93,9.2,5,0,1,0.34459459459459457,9.52,14.838709677419354,1.70477546780177,4.695814275442821
8.5,0.28,0.56,1.8,0.092,35.0,103.0,0.9969,3.3,0.75,10.5,7,1,1,0.33980582524271846,8.78,37.49999999999999,1.2180283519779904,1.1411216819053227
8.1,0.56,0.28,1.7,0.368,16.0,56.0,0.9968,3.11,1.28,9.3,5,0,1,0.2857142857142857,8.66,16.607142857142858,2.6887442281703833,1.0445932640707156
7.4,0.59,0.08,4.4,0.086,6.0,29.0,0.9974,3.38,0.5,9.0,4,0,0,0.20689655172413793,7.99,15.254237288135593,-0.7420500321823572,0.5050187452366911
7.9,0.32,0.51,1.8,0.341,17.0,56.0,0.9969,3.04,1.08,9.2,6,0,1,0.30357142857142855,8.22,28.749999999999996,3.3205945052667136,0.6198125222753269
8.9,0.22,0.48,1.8,0.077,29.0,60.0,0.9968,3.39,0.53,9.4,6,0,1,0.48333333333333334,9.120000000000001,42.72727272727273,0.638776407749996,0.4815549227979721
7.6,0.39,0.31,2.3,0.0819999999999999,23.0,71.0,0.9982,3.52,0.65,9.7,5,0,0,0.323943661971831,7.989999999999999,24.87179487179487,-0.1883196652976103,0.9779129436674622
7.9,0.43,0.21,1.6,0.106,10.0,37.0,0.9966,3.17,0.91,9.5,5,0,1,0.2702702702702703,8.33,22.093023255813954,0.7045355292038656,-0.39711527482077735
8.5,0.49,0.11,2.3,0.084,9.0,67.0,0.9968,3.17,0.53,9.4,5,0,0,0.13432835820895522,8.99,19.183673469387756,0.060726483323813356,0.45201897081073006
6.9,0.4,0.14,2.4,0.085,21.0,40.0,0.9968,3.43,0.63,9.7,6,0,0,0.525,7.300000000000001,24.249999999999996,-0.8703294782924225,0.3977066800141221
6.3,0.39,0.16,1.4,0.08,11.0,23.0,0.9955,3.34,0.56,9.3,5,0,0,0.4782608695652174,6.6899999999999995,23.846153846153847,-1.1687053851930813,-0.5584570783579847
7.6,0.41,0.24,1.8,0.08,4.0,11.0,0.9962,3.28,0.59,9.5,5,0,0,0.36363636363636365,8.01,23.170731707317074,-0.25885677523780626,-1.1538824240832135
7.1,0.71,0.0,1.9,0.08,14.0,35.0,0.9972,3.47,0.55,9.4,5,0,0,0.4,7.81,13.239436619718312,-1.7281682530360793,0.6210022592246301
7.8,0.645,0.0,2.0,0.0819999999999999,8.0,16.0,0.9964,3.38,0.59,9.8,6,0,0,0.5,8.445,15.193798449612403,-1.3306818716496254,-0.3833886788701017
6.7,0.675,0.07,2.4,0.089,17.0,82.0,0.9958,3.35,0.54,10.1,5,0,0,0.2073170731707317,7.375,14.962962962962962,-1.5362744682508795,1.176087330524875
6.9,0.685,0.0,2.5,0.105,22.0,37.0,0.9966,3.46,0.57,10.6,6,0,0,0.5945945945945946,7.585000000000001,15.474452554744524,-1.797385595088094,0.6672342943153677
8.3,0.655,0.12,2.3,0.083,15.0,113.0,0.9966,3.17,0.66,9.8,5,0,0,0.13274336283185842,8.955,14.961832061068703,-0.050070355722831,1.576393547250879
6.9,0.605,0.12,10.7,0.073,40.0,83.0,0.9993,3.45,0.52,9.4,6,0,0,0.4819277108433735,7.505000000000001,15.53719008264463,-0.07036308035448714,4.282443768764011
5.2,0.32,0.25,1.8,0.103,13.0,50.0,0.9957,3.38,0.55,9.2,5,0,0,0.26,5.5200000000000005,28.749999999999996,-1.0838582220321358,0.09583605736460177
7.8,0.645,0.0,5.5,0.086,5.0,18.0,0.9986,3.4,0.55,9.6,6,0,0,0.2777777777777778,8.445,14.883720930232558,-0.5894935177784234,0.48960424226298344
7.8,0.6,0.14,2.4,0.086,3.0,15.0,0.9975,3.42,0.6,10.8,6,0,0,0.2,8.4,18.000000000000004,-0.8517048957479506,-0.983687495212227
8.1,0.38,0.28,2.1,0.066,13.0,30.0,0.9968,3.23,0.73,9.7,7,1,1,0.43333333333333335,8.48,25.52631578947368,0.4373457396280737,-0.5239114888937785
5.7,1.13,0.09,1.5,0.172,7.0,19.0,0.994,3.5,0.48,9.8,4,0,0,0.3684210526315789,6.83,8.672566371681418,-3.001808124384648,0.306409555766287
7.3,0.45,0.36,5.9,0.074,12.0,87.0,0.9978,3.33,0.83,10.5,5,0,1,0.13793103448275862,7.75,23.333333333333332,0.7703481551474799,0.9887345497866057
8.8,0.61,0.3,2.8,0.088,17.0,46.0,0.9976,3.26,0.51,9.3,4,0,0,0.3695652173913043,9.41,15.245901639344265,0.3551569178393225,0.7355759012825541
7.5,0.49,0.2,2.6,0.332,8.0,14.0,0.9968,3.21,0.9,10.5,6,0,1,0.5714285714285714,7.99,21.42857142857143,1.3536631897603097,-0.33723415442154214
8.1,0.66,0.22,2.2,0.069,9.0,23.0,0.9968,3.3,1.2,10.3,5,0,1,0.391304347826087,8.76,15.606060606060606,0.37730224747917085,-0.7179884490377161
6.8,0.67,0.02,1.8,0.05,5.0,11.0,0.9962,3.48,0.52,9.5,5,0,0,0.45454545454545453,7.47,14.17910447761194,-2.151695753121709,-0.5399482741943736
4.6,0.52,0.15,2.1,0.054,8.0,65.0,0.9934,3.9,0.56,13.1,4,0,0,0.12307692307692308,5.119999999999999,25.19230769230769,-4.288631106494732,-1.280140896440239
7.7,0.935,0.43,2.2,0.114,22.0,114.0,0.997,3.25,0.73,9.2,5,0,0,0.19298245614035087,8.635,9.839572192513367,0.28227933673455846,2.468415931914661
8.7,0.29,0.52,1.6,0.113,12.0,37.0,0.9969,3.25,0.58,9.5,5,0,1,0.32432432432432434,8.989999999999998,32.758620689655174,1.2198833931303532,-0.6455510469230696
6.4,0.4,0.23,1.6,0.066,5.0,12.0,0.9958,3.34,0.56,9.2,5,0,0,0.4166666666666667,6.800000000000001,22.999999999999996,-0.9538134711610375,-1.0172578604168367
5.6,0.31,0.37,1.4,0.074,12.0,96.0,0.9954,3.32,0.58,9.2,5,0,0,0.125,5.909999999999999,29.677419354838708,-0.6356186365596179,0.5097331437040872
8.8,0.66,0.26,1.7,0.074,4.0,23.0,0.9971,3.15,0.74,9.2,5,0,1,0.17391304347826086,9.46,13.939393939393938,0.5880433732717142,-0.5224235241966686
6.6,0.52,0.04,2.2,0.069,8.0,15.0,0.9956,3.4,0.63,9.4,6,0,0,0.5333333333333333,7.119999999999999,18.076923076923077,-1.5682230045981875,-0.5059970218608865
6.6,0.5,0.04,2.1,0.068,6.0,14.0,0.9955,3.39,0.64,9.4,6,0,0,0.42857142857142855,7.1,18.8,-1.530603667266989,-0.6875606027921913
8.6,0.38,0.36,3.0,0.081,30.0,119.0,0.997,3.2,0.56,9.4,5,0,1,0.25210084033613445,8.98,24.736842105263158,0.8903321003111315,2.1392531251091933
7.6,0.51,0.15,2.8,0.11,33.0,73.0,0.9955,3.17,0.63,10.2,6,0,0,0.4520547945205479,8.11,20.0,-0.21949457929749555,1.4555804418247524
7.7,0.62,0.04,3.8,0.084,25.0,45.0,0.9978,3.34,0.53,9.5,5,0,0,0.5555555555555556,8.32,15.32258064516129,-0.6971834530766511,1.5134007554195634
10.2,0.42,0.57,3.4,0.07,4.0,10.0,0.9971,3.04,0.63,9.6,5,0,1,0.4,10.62,22.857142857142858,2.2747950146617915,-1.2722949685021228
7.5,0.63,0.12,5.1,0.111,50.0,110.0,0.9983,3.26,0.77,9.4,5,0,0,0.45454545454545453,8.13,14.920634920634921,0.3817015258609488,4.14731669732862
7.8,0.59,0.18,2.3,0.076,17.0,54.0,0.9975,3.43,0.59,10.0,5,0,0,0.3148148148148148,8.39,16.949152542372882,-0.7423926129477497,0.5867305993909532
7.3,0.39,0.31,2.4,0.074,9.0,46.0,0.9962,3.41,0.54,9.4,6,0,0,0.1956521739130435,7.6899999999999995,24.102564102564102,-0.5257539123554557,-0.2263107960823074
8.8,0.4,0.4,2.2,0.079,19.0,52.0,0.998,3.44,0.64,9.2,5,0,1,0.36538461538461536,9.200000000000001,22.999999999999996,0.5395774938416973,0.4585435648046181
7.7,0.69,0.49,1.8,0.115,20.0,112.0,0.9968,3.21,0.71,9.3,5,0,0,0.17857142857142858,8.39,13.478260869565219,0.7441271039486552,1.7940111173500526
7.5,0.52,0.16,1.9,0.085,12.0,35.0,0.9968,3.38,0.62,9.5,7,1,0,0.34285714285714286,8.02,18.26923076923077,-0.6970354598249544,-0.014196358978074496
7.0,0.735,0.05,2.0,0.081,13.0,54.0,0.9966,3.39,0.57,9.8,5,0,0,0.24074074074074073,7.735,13.333333333333334,-1.5442406628683698,0.6938411627984884
7.2,0.725,0.05,4.65,0.086,4.0,11.0,0.9962,3.41,0.39,10.9,5,0,0,0.36363636363636365,7.925,15.03448275862069,-1.7419223033267617,-0.43936964421224955
7.5,0.52,0.11,1.5,0.079,11.0,39.0,0.9968,3.42,0.58,9.6,5,0,0,0.28205128205128205,8.02,18.46153846153846,-1.0589122560513973,-0.0646176193876497
6.6,0.705,0.07,1.6,0.076,6.0,15.0,0.9962,3.44,0.58,10.7,5,0,0,0.4,7.305,15.177304964539006,-1.9680959687102488,-0.8290928890959034
9.3,0.32,0.57,2.0,0.074,27.0,65.0,0.9969,3.28,0.79,10.7,5,0,1,0.4153846153846154,9.620000000000001,33.4375,1.4257466280731723,-0.00610487935545687
8.0,0.705,0.05,1.9,0.074,8.0,19.0,0.9962,3.34,0.95,10.5,6,0,0,0.42105263157894735,8.705,14.893617021276597,-0.7513790949871263,-0.7338747945005887
7.7,0.63,0.08,1.9,0.076,15.0,27.0,0.9967,3.32,0.54,9.5,6,0,0,0.5555555555555556,8.33,15.079365079365079,-0.9951291123715621,0.20056527679516992
7.7,0.67,0.23,2.1,0.088,17.0,96.0,0.9962,3.32,0.48,9.5,5,0,0,0.17708333333333334,8.370000000000001,14.17910447761194,-0.7435054529495879,1.455193006636149
7.7,0.69,0.22,1.9,0.084,18.0,94.0,0.9961,3.31,0.48,9.5,5,0,0,0.19148936170212766,8.39,13.768115942028986,-0.8272517966447052,1.4496383604235916
8.3,0.675,0.26,2.1,0.084,11.0,43.0,0.9976,3.31,0.53,9.2,4,0,0,0.2558139534883721,8.975000000000001,13.629629629629628,-0.14425072872111408,0.44921394562371864
9.7,0.32,0.54,2.5,0.094,28.0,83.0,0.9984,3.28,0.82,9.6,5,0,1,0.3373493975903614,10.02,30.0,2.09870581842943,1.0781519319638673
8.8,0.41,0.64,2.2,0.093,9.0,42.0,0.9986,3.54,0.66,10.5,5,0,1,0.21428571428571427,9.21,25.60975609756098,0.8933587065049008,-0.7585203087936325
6.8,0.785,0.0,2.4,0.104,14.0,30.0,0.9966,3.52,0.55,10.7,6,0,0,0.4666666666666667,7.585,13.630573248407641,-2.1725420853651927,0.26116948597549067
6.7,0.75,0.12,2.0,0.086,12.0,80.0,0.9958,3.38,0.52,10.1,5,0,0,0.15,7.45,13.466666666666667,-1.6753135881930123,0.8983268121747743
8.3,0.625,0.2,1.5,0.08,27.0,119.0,0.9972,3.16,1.12,9.1,4,0,1,0.226890756302521,8.925,14.559999999999999,0.9719940193216696,2.1982428310584594
6.2,0.45,0.2,1.6,0.069,3.0,15.0,0.9958,3.41,0.56,9.2,5,0,0,0.2,6.65,20.444444444444443,-1.3261008277027282,-0.9424532174240389
7.8,0.43,0.7,1.9,0.4639999999999999,22.0,67.0,0.9974,3.13,1.28,9.4,5,0,1,0.3283582089552239,8.23,21.86046511627907,4.26137439439078,1.3444328410781563
7.4,0.5,0.47,2.0,0.086,21.0,73.0,0.997,3.36,0.57,9.1,5,0,0,0.2876712328767123,7.9,18.2,0.1395382453982921,1.0226987921666444
7.3,0.67,0.26,1.8,0.401,16.0,51.0,0.9969,3.16,1.14,9.4,5,0,1,0.3137254901960784,7.97,14.029850746268657,2.0827874407680773,1.3174376736291913
6.3,0.3,0.48,1.8,0.069,18.0,61.0,0.9959,3.44,0.78,10.3,6,0,0,0.29508196721311475,6.6,34.333333333333336,-0.26493370878297795,-0.3006295587757121
6.9,0.55,0.15,2.2,0.076,19.0,40.0,0.9961,3.41,0.59,10.1,5,0,0,0.475,7.45,18.36363636363636,-1.289205623301929,0.23635174954256202
8.6,0.49,0.28,1.9,0.11,20.0,136.0,0.9972,2.93,1.95,9.9,6,0,1,0.14705882352941177,9.09,20.20408163265306,3.416318366909692,1.4434929886316876
7.7,0.49,0.26,1.9,0.062,9.0,31.0,0.9966,3.39,0.64,9.6,5,0,0,0.2903225806451613,8.19,19.591836734693878,-0.5148323826313098,-0.49722740031485146
9.3,0.39,0.44,2.1,0.107,34.0,125.0,0.9978,3.14,1.22,9.5,5,0,1,0.272,9.690000000000001,24.358974358974358,2.5810257552403586,2.105135541962992
7.0,0.62,0.08,1.8,0.076,8.0,24.0,0.9978,3.48,0.53,9.0,5,0,0,0.3333333333333333,7.62,14.516129032258064,-1.3635414210664942,0.14502575349094862
7.9,0.52,0.26,1.9,0.079,42.0,140.0,0.9964,3.23,0.54,9.5,5,0,0,0.3,8.42,18.26923076923077,-0.09918217827625214,3.1230465311870113
8.6,0.49,0.29,2.0,0.11,19.0,133.0,0.9972,2.93,1.98,9.8,5,0,1,0.14285714285714285,9.09,20.000000000000004,3.5038503624201955,1.3799271427251787
5.0,1.02,0.04,1.4,0.045,41.0,85.0,0.9938,3.75,0.48,10.5,4,0,0,0.4823529411764706,6.02,10.294117647058822,-4.571749468757924,2.3961807120996816
4.7,0.6,0.17,2.3,0.0579999999999999,17.0,106.0,0.9932,3.85,0.6,12.9,6,0,0,0.16037735849056603,5.3,21.5,-4.074583703140349,0.04968021168396028
6.8,0.775,0.0,3.0,0.102,8.0,23.0,0.9965,3.45,0.56,10.7,5,0,0,0.34782608695652173,7.575,13.806451612903224,-1.9083677769790433,-0.08545172527359003
7.0,0.5,0.25,2.0,0.07,3.0,22.0,0.9963,3.25,0.63,9.2,5,0,0,0.13636363636363635,7.5,18.4,-0.33167711557400176,-0.7271024389212052
7.6,0.9,0.06,2.5,0.079,5.0,10.0,0.9967,3.39,0.56,9.8,5,0,0,0.5,8.5,10.88888888888889,-1.5511855961064815,-0.15686074218633567
8.1,0.545,0.18,1.9,0.08,13.0,35.0,0.9972,3.3,0.59,9.0,6,0,0,0.37142857142857144,8.645,16.513761467889907,-0.21497918058805615,0.2491984277894457
8.3,0.61,0.3,2.1,0.084,11.0,50.0,0.9972,3.4,0.61,10.2,6,0,0,0.22,8.91,16.721311475409834,-0.2903909542929468,-0.006302828630519751
7.8,0.5,0.3,1.9,0.075,8.0,22.0,0.9959,3.31,0.56,10.4,6,0,0,0.36363636363636365,8.3,20.8,-0.47852037707258405,-1.050201611875838
8.1,0.575,0.22,2.1,0.077,12.0,65.0,0.9967,3.29,0.51,9.2,5,0,0,0.18461538461538463,8.674999999999999,16.0,-0.33356741405080587,0.6479216084341289
7.2,0.49,0.24,2.2,0.07,5.0,36.0,0.996,3.33,0.48,9.4,5,0,0,0.1388888888888889,7.69,19.183673469387756,-0.7900654603647441,-0.434394560469725
7.8,0.41,0.68,1.7,0.467,18.0,69.0,0.9973,3.08,1.31,9.3,5,0,1,0.2608695652173913,8.209999999999999,22.682926829268297,4.421670201937052,1.155660043529992
6.2,0.63,0.31,1.7,0.088,15.0,64.0,0.9969,3.46,0.79,9.3,5,0,0,0.234375,6.83,14.761904761904763,-0.7685461686493151,0.7699543909427156
8.0,0.33,0.53,2.5,0.091,18.0,80.0,0.9976,3.37,0.8,9.6,6,0,1,0.225,8.33,29.09090909090909,1.1376052043108063,0.5686422335986212
8.1,0.785,0.52,2.0,0.122,37.0,153.0,0.9969,3.21,0.69,9.3,5,0,0,0.24183006535947713,8.885,11.847133757961783,0.8510391567725859,3.50234349834005
7.8,0.56,0.19,1.8,0.104,12.0,47.0,0.9964,3.19,0.93,9.5,5,0,0,0.2553191489361702,8.36,16.96428571428571,0.40682423771563986,0.09141798996670972
8.4,0.62,0.09,2.2,0.084,11.0,108.0,0.9964,3.15,0.66,9.8,5,0,0,0.10185185185185185,9.02,15.806451612903228,-0.034058496226970505,1.218453575076263
8.4,0.6,0.1,2.2,0.085,14.0,111.0,0.9964,3.15,0.66,9.8,5,0,0,0.12612612612612611,9.0,16.333333333333336,0.016701531027654516,1.381915347070369
10.1,0.31,0.44,2.3,0.08,22.0,46.0,0.9988,3.32,0.67,9.7,6,0,1,0.4782608695652174,10.41,31.29032258064516,1.6177904846044866,0.17251115004489062
9.4,0.4,0.31,2.2,0.09,13.0,62.0,0.9966,3.07,0.63,10.5,6,0,1,0.20967741935483872,9.8,26.25,1.1767904329949899,-0.2603421875793612
8.3,0.54,0.28,1.9,0.077,11.0,40.0,0.9978,3.39,0.61,10.0,6,0,0,0.275,8.84,18.51851851851852,-0.13089211510799134,-0.17406004911995712
7.8,0.56,0.12,2.0,0.0819999999999999,7.0,28.0,0.997,3.37,0.5,9.4,6,0,0,0.25,8.36,16.785714285714285,-0.8544111095243032,-0.19737256009599333
8.8,0.55,0.04,2.2,0.119,14.0,56.0,0.9962,3.21,0.6,10.9,6,0,0,0.25,9.350000000000001,19.818181818181817,-0.28180224775466417,0.05498650986542916
7.0,0.69,0.08,1.8,0.0969999999999999,22.0,89.0,0.9959,3.34,0.54,9.2,6,0,0,0.24719101123595505,7.6899999999999995,13.333333333333334,-1.3291343556952677,1.800859854787787
7.3,1.07,0.09,1.7,0.178,10.0,89.0,0.9962,3.3,0.57,9.0,5,0,0,0.11235955056179775,8.37,8.411214953271028,-1.1073634896072275,2.0574301758057745
7.3,0.695,0.0,2.5,0.075,3.0,13.0,0.998,3.49,0.52,9.2,5,0,0,0.23076923076923078,7.995,13.237410071942445,-1.5258704765848543,-0.05839434705673074
8.0,0.71,0.0,2.6,0.08,11.0,34.0,0.9976,3.44,0.53,9.5,5,0,0,0.3235294117647059,8.71,13.380281690140846,-1.2718454602988583,0.5401669975630685
7.8,0.5,0.17,1.6,0.0819999999999999,21.0,102.0,0.996,3.39,0.48,9.5,5,0,0,0.20588235294117646,8.3,19.0,-0.9558295807285705,1.4118645409288717
9.0,0.62,0.04,1.9,0.146,27.0,90.0,0.9984,3.16,0.7,9.4,5,0,0,0.3,9.62,15.161290322580646,0.6926429366733573,2.1889708443143556
8.2,1.33,0.0,1.7,0.081,3.0,12.0,0.9964,3.53,0.49,10.9,5,0,0,0.25,9.53,8.19548872180451,-2.8392509996926285,-0.1192880572789284
8.1,1.33,0.0,1.8,0.0819999999999999,3.0,12.0,0.9964,3.54,0.48,10.9,5,0,0,0.25,9.43,8.19548872180451,-2.8962685127772545,-0.08928322186524291
8.0,0.59,0.16,1.8,0.065,3.0,16.0,0.9962,3.42,0.92,10.5,7,1,0,0.1875,8.59,17.796610169491526,-0.6551264530511883,-1.322868353001598
6.1,0.38,0.15,1.8,0.072,6.0,19.0,0.9955,3.42,0.57,9.4,5,0,0,0.3157894736842105,6.4799999999999995,24.736842105263158,-1.448898457680437,-0.8573077987549088
8.0,0.745,0.56,2.0,0.118,30.0,134.0,0.9968,3.24,0.66,9.4,5,0,0,0.22388059701492538,8.745,12.61744966442953,0.7858280441930782,2.6949910107015143
5.6,0.5,0.09,2.3,0.049,17.0,99.0,0.9937,3.63,0.63,13.0,5,0,0,0.1717171717171717,6.1,26.0,-3.1594643061544927,-0.2284756055790942
6.6,0.5,0.01,1.5,0.06,17.0,26.0,0.9952,3.4,0.58,9.8,6,0,0,0.6538461538461539,7.1,19.6,-1.930643864008502,-0.21028729848836142
7.9,1.04,0.05,2.2,0.084,13.0,29.0,0.9959,3.22,0.55,9.9,6,0,0,0.4482758620689655,8.940000000000001,9.51923076923077,-1.3855635555716377,0.5890705070770746
8.4,0.745,0.11,1.9,0.09,16.0,63.0,0.9965,3.19,0.82,9.6,5,0,0,0.25396825396825395,9.145,12.885906040268456,-0.05067617662331849,0.8594127969510853
8.3,0.715,0.15,1.8,0.089,10.0,52.0,0.9968,3.23,0.77,9.5,5,0,0,0.19230769230769232,9.015,13.286713286713287,-0.07184162053267601,0.375105240378245
7.2,0.415,0.36,2.0,0.081,13.0,45.0,0.9972,3.48,0.64,9.2,5,0,0,0.28888888888888886,7.615,22.16867469879518,-0.30978438104978767,0.07219615658409556
7.8,0.56,0.19,2.1,0.081,15.0,105.0,0.9962,3.33,0.54,9.5,5,0,0,0.14285714285714285,8.36,16.96428571428571,-0.6230806087471209,1.333883367225837
7.8,0.56,0.19,2.0,0.081,17.0,108.0,0.9962,3.32,0.54,9.5,5,0,0,0.1574074074074074,8.36,16.96428571428571,-0.6055524317864099,1.46605486420279
5.2,0.34,0.0,1.8,0.05,27.0,63.0,0.9916,3.68,0.79,14.0,6,0,0,0.42857142857142855,5.54,41.17647058823529,-3.838993446568042,-1.2713967003824156
6.3,0.39,0.08,1.7,0.066,3.0,20.0,0.9954,3.34,0.58,9.4,5,0,0,0.15,6.6899999999999995,24.102564102564102,-1.376937698006948,-0.9795244420430714
8.1,0.67,0.55,1.8,0.1169999999999999,32.0,141.0,0.9968,3.17,0.62,9.4,5,0,1,0.22695035460992907,8.77,14.029850746268657,1.0090707371308394,2.776125564253552
5.8,0.68,0.02,1.8,0.087,21.0,94.0,0.9944,3.54,0.52,10.0,5,0,0,0.22340425531914893,6.4799999999999995,14.705882352941176,-2.8336035235234056,1.4471223037800254
7.6,0.49,0.26,1.6,0.236,10.0,88.0,0.9968,3.11,0.8,9.3,5,0,1,0.11363636363636363,8.09,18.979591836734695,1.3537094931902893,1.0312317325854772
6.9,0.49,0.1,2.3,0.074,12.0,30.0,0.9959,3.42,0.58,10.2,6,0,0,0.4,7.390000000000001,20.816326530612244,-1.4192154428346688,-0.37692874099016205
8.2,0.4,0.44,2.8,0.089,11.0,43.0,0.9975,3.53,0.61,10.5,6,0,0,0.2558139534883721,8.6,26.25,0.029014611988058943,-0.4857391072645169
7.3,0.33,0.47,2.1,0.077,5.0,11.0,0.9958,3.33,0.53,10.3,6,0,1,0.45454545454545453,7.63,31.21212121212121,-0.08166499869912427,-1.6719112934446294
9.2,0.52,1.0,3.4,0.61,32.0,69.0,0.9996,2.74,2.0,9.4,4,0,1,0.463768115942029,9.719999999999999,18.076923076923077,8.643757331900554,2.363206389078502
7.5,0.6,0.03,1.8,0.095,25.0,99.0,0.995,3.35,0.54,10.1,5,0,0,0.25252525252525254,8.1,16.833333333333332,-1.5099547145193457,1.540806519782639
7.1,0.43,0.42,5.5,0.07,29.0,129.0,0.9973,3.42,0.72,10.5,5,0,0,0.2248062015503876,7.529999999999999,24.41860465116279,0.3087788178447742,2.37652486046871
7.1,0.43,0.42,5.5,0.071,28.0,128.0,0.9973,3.42,0.71,10.5,5,0,0,0.21875,7.529999999999999,24.41860465116279,0.2995713087967357,2.316055828164195
7.1,0.68,0.0,2.2,0.073,12.0,22.0,0.9969,3.48,0.5,9.3,5,0,0,0.5454545454545454,7.779999999999999,13.676470588235293,-1.8531345953962248,0.3038350632261798
6.8,0.6,0.18,1.9,0.079,18.0,86.0,0.9968,3.59,0.57,9.3,6,0,0,0.20930232558139536,7.3999999999999995,15.500000000000002,-1.5879265536193943,1.3878722588933656
7.6,0.95,0.03,2.0,0.09,7.0,20.0,0.9959,3.2,0.56,9.6,5,0,0,0.35,8.549999999999999,10.105263157894736,-1.2845429386855673,0.12742298435045385
7.6,0.68,0.02,1.3,0.072,9.0,20.0,0.9965,3.17,1.08,9.2,4,0,0,0.45,8.28,13.52941176470588,-0.08814880281704274,-0.28955212623777693
7.8,0.53,0.04,1.7,0.076,17.0,31.0,0.9964,3.33,0.56,10.0,6,0,0,0.5483870967741935,8.33,18.867924528301884,-1.0676932702442705,-0.022760919280605585
7.4,0.6,0.26,7.3,0.07,36.0,121.0,0.9982,3.37,0.49,9.4,5,0,0,0.2975206611570248,8.0,15.666666666666668,0.06063951215044626,3.8575321273513854
7.3,0.59,0.26,7.2,0.07,35.0,121.0,0.9981,3.37,0.49,9.4,5,0,0,0.2892561983471074,7.89,15.93220338983051,0.017077988706824736,3.7698154814379596
7.8,0.63,0.48,1.7,0.1,14.0,96.0,0.9961,3.19,0.62,9.5,5,0,0,0.14583333333333334,8.43,15.079365079365079,0.5045436982721692,0.9446756987118837
6.8,0.64,0.1,2.1,0.085,18.0,101.0,0.9956,3.34,0.52,10.2,5,0,0,0.1782178217821782,7.4399999999999995,15.937499999999998,-1.4739745210297555,1.3508483372868447
7.3,0.55,0.03,1.6,0.072,17.0,42.0,0.9956,3.37,0.48,9.0,4,0,0,0.40476190476190477,7.85,16.363636363636363,-1.5635864650995421,0.5091187687634907
6.8,0.63,0.07,2.1,0.089,11.0,44.0,0.9953,3.47,0.55,10.4,6,0,0,0.25,7.43,16.50793650793651,-1.9738134668222367,-0.07626977561814975
7.5,0.705,0.24,1.8,0.36,15.0,63.0,0.9964,3.0,1.59,9.5,5,0,1,0.23809523809523808,8.205,13.47517730496454,2.886474254919406,1.1771029703522828
7.9,0.885,0.03,1.8,0.0579999999999999,4.0,8.0,0.9972,3.36,0.33,9.1,4,0,0,0.5,8.785,10.282485875706215,-1.7499068161334477,-0.04141657170109862
8.0,0.42,0.17,2.0,0.073,6.0,18.0,0.9972,3.29,0.61,9.2,6,0,0,0.3333333333333333,8.42,21.904761904761905,-0.09006321243549922,-0.6442238633500889
7.4,0.62,0.05,1.9,0.068,24.0,42.0,0.9961,3.42,0.57,11.5,6,0,0,0.5714285714285714,8.02,18.548387096774192,-1.7617514310030948,0.08045374612120121
7.3,0.38,0.21,2.0,0.08,7.0,35.0,0.9961,3.33,0.47,9.5,5,0,0,0.2,7.68,25.0,-0.6758035118151192,-0.5326878909353239
6.9,0.5,0.04,1.5,0.085,19.0,49.0,0.9958,3.35,0.78,9.5,5,0,0,0.3877551020408163,7.4,19.0,-1.0514772020598846,0.42888570212539245
7.5,0.52,0.42,2.3,0.087,8.0,38.0,0.9972,3.58,0.61,10.5,6,0,0,0.21052631578947367,8.02,20.19230769230769,-0.634343343911895,-0.6067625861646255
7.0,0.805,0.0,2.5,0.068,7.0,20.0,0.9969,3.48,0.56,9.6,5,0,0,0.35,7.805,11.925465838509316,-1.972184400410767,0.127781534448765
8.8,0.61,0.14,2.4,0.067,10.0,42.0,0.9969,3.19,0.59,9.5,5,0,0,0.23809523809523808,9.41,15.573770491803279,0.006398435755081659,0.13660039029062337
8.9,0.61,0.49,2.0,0.27,23.0,110.0,0.9972,3.12,1.02,9.3,5,0,1,0.20909090909090908,9.51,15.245901639344265,2.6647411943993693,2.103445911769114
7.2,0.73,0.02,2.5,0.076,16.0,42.0,0.9972,3.44,0.52,9.3,5,0,0,0.38095238095238093,7.93,12.739726027397262,-1.5807912695460677,0.9892900095010815
6.8,0.61,0.2,1.8,0.077,11.0,65.0,0.9971,3.54,0.58,9.3,5,0,0,0.16923076923076924,7.41,15.245901639344265,-1.358532213860016,0.6913963287314507
6.7,0.62,0.21,1.9,0.079,8.0,62.0,0.997,3.52,0.58,9.3,6,0,0,0.12903225806451613,7.32,15.000000000000002,-1.3175121247134751,0.5162427104576187
8.9,0.31,0.57,2.0,0.111,26.0,85.0,0.9971,3.26,0.53,9.7,5,0,1,0.3058823529411765,9.21,31.29032258064516,1.3378494581217388,0.8789050418149014
7.4,0.39,0.48,2.0,0.0819999999999999,14.0,67.0,0.9972,3.34,0.55,9.2,5,0,0,0.208955223880597,7.79,23.589743589743588,0.3578156392231052,0.3844592159065622
7.7,0.705,0.1,2.6,0.084,9.0,26.0,0.9976,3.39,0.49,9.7,5,0,0,0.34615384615384615,8.405,13.75886524822695,-1.0365663050179688,0.18434053903697062
7.9,0.5,0.33,2.0,0.084,15.0,143.0,0.9968,3.2,0.55,9.5,5,0,0,0.1048951048951049,8.4,19.0,0.3718741123350854,1.8406416783988715
7.9,0.49,0.32,1.9,0.0819999999999999,17.0,144.0,0.9968,3.2,0.55,9.5,5,0,0,0.11805555555555555,8.39,19.387755102040817,0.33932363104146207,1.9259817410462596
8.2,0.5,0.35,2.9,0.077,21.0,127.0,0.9976,3.23,0.62,9.4,5,0,0,0.16535433070866143,8.7,18.8,0.727043004013345,2.0776356119936557
6.4,0.37,0.25,1.9,0.074,21.0,49.0,0.9974,3.57,0.62,9.8,6,0,0,0.42857142857142855,6.7700000000000005,26.486486486486488,-1.0993357570092368,0.3772004418979958
6.8,0.63,0.12,3.8,0.099,16.0,126.0,0.9969,3.28,0.61,9.5,5,0,0,0.12698412698412698,7.43,15.079365079365079,-0.499385274678913,2.3808880741309015
7.6,0.55,0.21,2.2,0.071,7.0,28.0,0.9964,3.28,0.55,9.7,5,0,0,0.25,8.15,17.636363636363633,-0.5392013235198246,-0.4683462957468919
7.8,0.59,0.33,2.0,0.074,24.0,120.0,0.9968,3.25,0.54,9.4,5,0,0,0.2,8.39,15.93220338983051,-0.009078244093902014,2.0424479577026666
7.3,0.58,0.3,2.4,0.074,15.0,55.0,0.9968,3.46,0.59,10.2,5,0,0,0.2727272727272727,7.88,17.586206896551722,-0.8328968333027184,0.2791851201130226
11.5,0.3,0.6,2.0,0.067,12.0,27.0,0.9981,3.11,0.97,10.1,6,0,1,0.4444444444444444,11.8,33.666666666666664,3.168299887567308,-1.3000201784713534
5.4,0.835,0.08,1.2,0.046,13.0,93.0,0.9924,3.57,0.85,13.0,7,1,0,0.13978494623655913,6.235,15.568862275449103,-3.5749274185920363,-0.43478010066272577
6.9,1.09,0.06,2.1,0.061,12.0,31.0,0.9948,3.51,0.43,11.4,4,0,0,0.3870967741935484,7.99,10.458715596330276,-3.2138013176039126,-0.02428689158061499
9.6,0.32,0.47,1.4,0.0559999999999999,9.0,24.0,0.99695,3.22,0.82,10.3,7,1,1,0.375,9.92,32.1875,1.4009899860627597,-1.545219750044529
8.8,0.37,0.48,2.1,0.0969999999999999,39.0,145.0,0.9975,3.04,1.03,9.3,5,0,1,0.2689655172413793,9.17,25.135135135135137,2.4957877801916095,2.736145722394092
6.8,0.5,0.11,1.5,0.075,16.0,49.0,0.99545,3.36,0.79,9.5,5,0,0,0.32653061224489793,7.3,19.0,-1.0378922141135842,0.15967180642916629
7.0,0.42,0.35,1.6,0.088,16.0,39.0,0.9961,3.34,0.55,9.2,5,0,0,0.41025641025641024,7.42,21.904761904761905,-0.3798964604917179,-0.01659792388732428
7.0,0.43,0.36,1.6,0.089,14.0,37.0,0.99615,3.34,0.56,9.2,6,0,0,0.3783783783783784,7.43,21.3953488372093,-0.33753835380826586,-0.1364777462764053
12.8,0.3,0.74,2.6,0.095,9.0,28.0,0.9994,3.2,0.77,10.8,7,1,1,0.32142857142857145,13.100000000000001,36.00000000000001,3.696454997500372,-1.479586220708424
7.8,0.57,0.31,1.8,0.069,26.0,120.0,0.99625,3.29,0.53,9.3,5,0,0,0.21666666666666667,8.37,16.315789473684212,-0.3100168316826633,2.050970120368635
7.8,0.44,0.28,2.7,0.1,18.0,95.0,0.9966,3.22,0.67,9.4,5,0,0,0.18947368421052632,8.24,21.363636363636363,0.4725156691357041,1.254900297571973
11.0,0.3,0.58,2.1,0.054,7.0,19.0,0.998,3.31,0.88,10.5,7,1,1,0.3684210526315789,11.3,35.0,2.1671995359482854,-1.7819484026129877
9.7,0.53,0.6,2.0,0.039,5.0,19.0,0.99585,3.3,0.86,12.4,6,0,1,0.2631578947368421,10.229999999999999,23.39622641509434,0.8210381034872447,-2.489500843700375
8.0,0.725,0.24,2.8,0.083,10.0,62.0,0.99685,3.35,0.56,10.0,6,0,0,0.16129032258064516,8.725,13.793103448275863,-0.5679525450035109,0.5595485548947845
11.6,0.44,0.64,2.1,0.059,5.0,15.0,0.998,3.21,0.67,10.2,6,0,1,0.3333333333333333,12.04,23.18181818181818,2.32652636055516,-1.6327374569202984
8.2,0.57,0.26,2.2,0.06,28.0,65.0,0.9959,3.3,0.43,10.1,5,0,0,0.4307692307692308,8.77,17.719298245614034,-0.7156460595353922,0.9515987577164352
7.8,0.735,0.08,2.4,0.092,10.0,41.0,0.9974,3.24,0.71,9.8,6,0,0,0.24390243902439024,8.535,13.333333333333334,-0.3662492432522042,0.3983909451001755
7.0,0.49,0.49,5.6,0.06,26.0,121.0,0.9974,3.34,0.76,10.5,5,0,1,0.21487603305785125,7.49,21.42857142857143,0.6415654098557743,2.1221364005437704
8.7,0.625,0.16,2.0,0.1009999999999999,13.0,49.0,0.9962,3.14,0.57,11.0,5,0,0,0.2653061224489796,9.325,17.6,-0.08152096759319412,-0.2020615091118303
8.1,0.725,0.22,2.2,0.072,11.0,41.0,0.9967,3.36,0.55,9.1,5,0,0,0.2682926829268293,8.825,12.551724137931034,-0.6962825519504604,0.44111806675946874
7.5,0.49,0.19,1.9,0.076,10.0,44.0,0.9957,3.39,0.54,9.7,5,0,0,0.22727272727272727,7.99,19.79591836734694,-1.0102774476815224,-0.23453397228405162
7.8,0.53,0.33,2.4,0.08,24.0,144.0,0.99655,3.3,0.6,9.5,5,0,0,0.16666666666666666,8.33,17.92452830188679,0.04256413979577796,2.365595380636362
7.8,0.34,0.37,2.0,0.0819999999999999,24.0,58.0,0.9964,3.34,0.59,9.4,6,0,0,0.41379310344827586,8.14,27.64705882352941,0.11205651300260772,0.5200009155670625
7.4,0.53,0.26,2.0,0.1009999999999999,16.0,72.0,0.9957,3.15,0.57,9.4,5,0,0,0.2222222222222222,7.930000000000001,17.735849056603772,-0.024896449781659325,0.7368061993373528
6.8,0.61,0.04,1.5,0.057,5.0,10.0,0.99525,3.42,0.6,9.5,5,0,0,0.5,7.41,15.573770491803279,-1.9361517591990993,-0.8418235328371265
8.6,0.645,0.25,2.0,0.083,8.0,28.0,0.99815,3.28,0.6,10.0,6,0,0,0.2857142857142857,9.245,15.503875968992247,0.14828314172903181,-0.2867464203729468
8.4,0.635,0.36,2.0,0.089,15.0,55.0,0.99745,3.31,0.57,10.4,4,0,0,0.2727272727272727,9.035,16.37795275590551,0.08499176705478959,0.2234801419669773
7.7,0.43,0.25,2.6,0.073,29.0,63.0,0.99615,3.37,0.58,10.5,6,0,0,0.4603174603174603,8.13,24.41860465116279,-0.5756802221405601,0.73412850381108
8.9,0.59,0.5,2.0,0.337,27.0,81.0,0.9964,3.04,1.61,9.5,6,0,1,0.3333333333333333,9.49,16.10169491525424,3.871138267110005,1.574870418918382
9.0,0.82,0.14,2.6,0.089,9.0,23.0,0.9984,3.39,0.63,9.8,5,0,0,0.391304347826087,9.82,11.951219512195124,-0.3481657328982095,0.22110469560356313
6.9,0.52,0.25,2.6,0.081,10.0,37.0,0.99685,3.46,0.5,11.0,5,0,0,0.2702702702702703,7.42,21.153846153846153,-1.1514490094674088,-0.5113494501732199
5.2,0.48,0.04,1.6,0.054,19.0,106.0,0.9927,3.54,0.62,12.2,7,1,0,0.1792452830188679,5.68,25.416666666666668,-3.2873887436408102,0.0921875455243309
8.0,0.38,0.06,1.8,0.078,12.0,49.0,0.99625,3.37,0.52,9.9,6,0,0,0.24489795918367346,8.38,26.05263157894737,-0.9130332530613869,-0.15780234660293466
8.5,0.37,0.2,2.8,0.09,18.0,58.0,0.998,3.34,0.7,9.6,6,0,0,0.3103448275862069,8.87,25.945945945945944,0.4689232446365229,0.610879120110403
8.2,1.0,0.09,2.3,0.065,7.0,37.0,0.99685,3.32,0.55,9.0,6,0,0,0.1891891891891892,9.2,9.0,-1.1946409150095507,0.7425276672976422
7.2,0.63,0.0,1.9,0.0969999999999999,14.0,38.0,0.99675,3.37,0.58,9.0,6,0,0,0.3684210526315789,7.83,14.285714285714286,-1.23861917134258,0.6729235662197123
7.2,0.645,0.0,1.9,0.0969999999999999,15.0,39.0,0.99675,3.37,0.58,9.2,6,0,0,0.38461538461538464,7.845000000000001,14.263565891472867,-1.2811805969438113,0.6874064223264557
8.9,0.635,0.37,1.7,0.263,5.0,62.0,0.9971,3.0,1.09,9.3,5,0,1,0.08064516129032258,9.535,14.645669291338583,2.7017652663059173,0.41711298784059825
12.0,0.38,0.56,2.1,0.093,6.0,24.0,0.99925,3.14,0.71,10.9,6,0,1,0.25,12.38,28.68421052631579,2.9277224758433245,-1.51128622709544
7.7,0.58,0.1,1.8,0.102,28.0,109.0,0.99565,3.08,0.49,9.8,6,0,0,0.25688073394495414,8.28,16.896551724137932,-0.35818741668180637,1.9846102301191957
15.0,0.21,0.44,2.2,0.075,10.0,24.0,1.00005,3.07,0.84,9.2,7,1,1,0.4166666666666667,15.21,43.80952380952381,4.3722561756137255,-1.0093906548793217
7.3,0.66,0.0,2.0,0.084,6.0,23.0,0.9983,3.61,0.96,9.9,6,0,0,0.2608695652173913,7.96,15.0,-1.1979394158792778,-0.2188404043197146
7.1,0.68,0.07,1.9,0.075,16.0,51.0,0.99685,3.38,0.52,9.5,5,0,0,0.3137254901960784,7.779999999999999,13.970588235294116,-1.4024829702767183,0.8089007261475603
8.2,0.6,0.17,2.3,0.072,11.0,73.0,0.9963,3.2,0.45,9.3,5,0,0,0.1506849315068493,8.799999999999999,15.500000000000002,-0.3724889667705681,0.7612869961720283
7.7,0.53,0.06,1.7,0.074,9.0,39.0,0.99615,3.35,0.48,9.8,6,0,0,0.23076923076923078,8.23,18.49056603773585,-1.2360535986216832,-0.22244564293837266
10.8,0.32,0.44,1.6,0.063,16.0,37.0,0.9985,3.22,0.78,10.0,6,0,1,0.43243243243243246,11.120000000000001,31.25,2.013152875054431,-0.6607156717633725
7.1,0.6,0.0,1.8,0.074,16.0,34.0,0.9972,3.47,0.7,9.9,6,0,0,0.47058823529411764,7.699999999999999,16.5,-1.4599801965058457,0.2677616332727136
11.1,0.35,0.48,3.1,0.09,5.0,21.0,0.9986,3.17,0.53,10.5,5,0,1,0.23809523809523808,11.45,30.000000000000004,2.1685193790642074,-1.2412340609746386
7.7,0.775,0.42,1.9,0.092,8.0,86.0,0.9959,3.23,0.59,9.5,5,0,0,0.09302325581395349,8.475,12.258064516129032,-0.06807213544727658,0.7503974169091454
8.0,0.57,0.23,3.2,0.073,17.0,119.0,0.99675,3.26,0.57,9.3,5,0,0,0.14285714285714285,8.57,16.315789473684212,-0.018448357669778766,1.9482615832448344
9.4,0.34,0.37,2.2,0.075,5.0,13.0,0.998,3.22,0.62,9.2,5,0,1,0.38461538461538464,9.74,27.05882352941176,1.2876581745319902,-1.0140903779955368
6.6,0.695,0.0,2.1,0.075,12.0,56.0,0.9968,3.49,0.67,9.2,5,0,0,0.21428571428571427,7.295,13.237410071942445,-1.7662316081135072,0.9034866164752243
7.7,0.41,0.76,1.8,0.611,8.0,45.0,0.9968,3.06,1.26,9.4,5,0,1,0.17777777777777778,8.11,22.926829268292686,5.082123747360408,0.5095179763051462
10.0,0.31,0.47,2.6,0.085,14.0,33.0,0.99965,3.36,0.8,10.5,7,1,1,0.42424242424242425,10.31,33.87096774193549,1.8833036663761094,-0.6300495573303375
7.9,0.33,0.23,1.7,0.077,18.0,45.0,0.99625,3.29,0.65,9.3,5,0,0,0.4,8.23,28.181818181818183,-0.019579849292352743,0.0237257354741939
7.0,0.975,0.04,2.0,0.087,12.0,67.0,0.99565,3.35,0.6,9.4,4,0,0,0.1791044776119403,7.975,9.641025641025642,-1.8365555393520543,1.2771651599861795
8.0,0.52,0.03,1.7,0.07,10.0,35.0,0.99575,3.34,0.57,10.0,5,0,0,0.2857142857142857,8.52,19.23076923076923,-1.1788578775392455,-0.4163985505909481
7.9,0.37,0.23,1.8,0.077,23.0,49.0,0.9963,3.28,0.67,9.3,5,0,0,0.46938775510204084,8.27,25.135135135135137,-0.00022241685608055014,0.4157557126822777
12.5,0.56,0.49,2.4,0.064,5.0,27.0,0.9999,3.08,0.87,10.9,5,0,1,0.18518518518518517,13.06,19.46428571428571,3.1189904454631487,-1.2089942027793255
11.8,0.26,0.52,1.8,0.071,6.0,10.0,0.9968,3.2,0.72,10.2,7,1,1,0.6,12.06,39.230769230769226,2.199056894499768,-2.0446938825927736
8.1,0.87,0.0,3.3,0.096,26.0,61.0,1.00025,3.6,0.72,9.8,4,0,0,0.4262295081967213,8.969999999999999,11.264367816091955,-0.9750420216452377,2.2998207600612695
7.9,0.35,0.46,3.6,0.078,15.0,37.0,0.9973,3.35,0.86,12.8,8,1,1,0.40540540540540543,8.25,36.57142857142858,0.6648172413590561,-1.3180045071486572
6.9,0.54,0.04,3.0,0.077,7.0,27.0,0.9987,3.69,0.91,9.4,6,0,0,0.25925925925925924,7.44,17.40740740740741,-1.1512849263599878,0.12202870565193821
11.5,0.18,0.51,4.0,0.104,4.0,23.0,0.9996,3.28,0.97,10.1,6,0,1,0.17391304347826086,11.68,56.111111111111114,3.3123325279772127,-1.233809089990233
7.9,0.545,0.06,4.0,0.087,27.0,61.0,0.9965,3.36,0.67,10.7,6,0,0,0.4426229508196721,8.445,19.633027522935777,-0.7052536726510886,1.1365785144921101
10.9,0.37,0.58,4.0,0.071,17.0,65.0,0.99935,3.22,0.78,10.1,5,0,1,0.26153846153846155,11.27,27.2972972972973,2.775618143029279,0.3406094081047908
8.4,0.715,0.2,2.4,0.076,10.0,38.0,0.99735,3.31,0.64,9.4,5,0,0,0.2631578947368421,9.115,13.146853146853148,-0.2313883607655029,0.3065090492421555
7.5,0.65,0.18,7.0,0.088,27.0,94.0,0.99915,3.38,0.77,9.4,5,0,0,0.2872340425531915,8.15,14.461538461538462,0.4545858845003821,3.1051677045681396
10.3,0.32,0.45,6.4,0.073,5.0,13.0,0.9976,3.23,0.82,12.6,8,1,1,0.38461538461538464,10.620000000000001,39.375,1.9741283112779795,-1.8119040807089966
8.9,0.4,0.32,5.6,0.087,10.0,47.0,0.9991,3.38,0.77,10.5,7,1,1,0.2127659574468085,9.3,26.25,1.2173430488762043,0.21616892381203948
11.4,0.26,0.44,3.6,0.071,6.0,19.0,0.9986,3.12,0.82,9.3,6,0,1,0.3157894736842105,11.66,35.769230769230774,2.9382959229061965,-0.9591735499543638
7.7,0.27,0.68,3.5,0.358,5.0,10.0,0.9972,3.25,1.08,9.9,7,1,1,0.5,7.970000000000001,36.666666666666664,3.3367710668236468,-0.8372764865252091
7.6,0.52,0.12,3.0,0.067,12.0,53.0,0.9971,3.36,0.57,9.1,5,0,0,0.22641509433962265,8.12,17.5,-0.6226252062832955,0.6695024226483505
9.9,0.59,0.07,3.4,0.102,32.0,71.0,1.00015,3.31,0.71,9.8,5,0,0,0.4507042253521127,10.49,16.610169491525426,0.889174949054556,2.1929362954409335
12.0,0.45,0.55,2.0,0.073,25.0,49.0,0.9997,3.1,0.76,10.3,6,0,1,0.5102040816326531,12.45,22.88888888888889,3.0484630420192973,0.15807791374306157
7.5,0.4,0.12,3.0,0.092,29.0,53.0,0.9967,3.37,0.7,10.3,6,0,0,0.5471698113207547,7.9,25.75,-0.4752276262562253,0.8569965992594548
8.7,0.52,0.09,2.5,0.091,20.0,49.0,0.9976,3.34,0.86,10.6,7,1,0,0.40816326530612246,9.219999999999999,20.384615384615383,0.07068700913292048,0.3315770521279803
11.6,0.42,0.53,3.3,0.105,33.0,98.0,1.001,3.2,0.95,9.2,5,0,1,0.336734693877551,12.02,21.904761904761905,3.6165977663402344,2.2167474621283847
11.0,0.2,0.48,2.0,0.3429999999999999,6.0,18.0,0.9979,3.3,0.71,10.5,5,0,1,0.3333333333333333,11.2,52.5,3.0644580212969266,-1.129683707955904
10.4,0.55,0.23,2.7,0.091,18.0,48.0,0.9994,3.22,0.64,10.3,6,0,1,0.375,10.950000000000001,18.727272727272727,1.2922172192421608,0.4793606493361148
6.9,0.36,0.25,2.4,0.098,5.0,16.0,0.9964,3.41,0.6,10.1,6,0,0,0.3125,7.260000000000001,28.055555555555557,-0.6059258182360855,-1.104090962037132
13.3,0.34,0.52,3.2,0.094,17.0,53.0,1.0014,3.05,0.81,9.5,6,0,1,0.32075471698113206,13.64,27.941176470588232,4.377604718250208,0.3668378988263313
10.8,0.5,0.46,2.5,0.073,5.0,27.0,1.0001,3.05,0.64,9.5,5,0,1,0.18518518518518517,11.3,19.0,2.6431602158181247,-0.5058421623090412
10.6,0.83,0.37,2.6,0.086,26.0,70.0,0.9981,3.16,0.52,9.9,5,0,1,0.37142857142857144,11.43,11.927710843373495,1.0542259469537152,1.5459277140211722
7.1,0.63,0.06,2.0,0.083,8.0,29.0,0.99855,3.67,0.73,9.6,5,0,0,0.27586206896551724,7.7299999999999995,15.238095238095237,-1.499474238686965,0.11727989326896449
7.2,0.65,0.02,2.3,0.094,5.0,31.0,0.9993,3.67,0.8,9.7,5,0,0,0.16129032258064516,7.8500000000000005,14.923076923076922,-1.2568499108353037,0.1749987455071963
6.9,0.67,0.06,2.1,0.08,8.0,33.0,0.99845,3.68,0.71,9.6,5,0,0,0.24242424242424243,7.57,14.328358208955223,-1.6854685300569445,0.26342847130280794
7.5,0.53,0.06,2.6,0.086,20.0,44.0,0.9965,3.38,0.59,10.7,6,0,0,0.45454545454545453,8.03,20.188679245283016,-1.1185799660254474,0.27963010474441785
11.1,0.18,0.48,1.5,0.068,7.0,15.0,0.9973,3.22,0.64,10.1,6,0,1,0.4666666666666667,11.28,56.111111111111114,1.9147134000552986,-1.889389071526636
8.3,0.705,0.12,2.6,0.092,12.0,28.0,0.9994,3.51,0.72,10.0,5,0,0,0.42857142857142855,9.005,14.184397163120568,-0.45286428929504174,0.3713044724154118
7.4,0.67,0.12,1.6,0.186,5.0,21.0,0.996,3.39,0.54,9.5,5,0,0,0.23809523809523808,8.07,14.17910447761194,-0.9210339358945697,-0.19254449035984608
8.4,0.65,0.6,2.1,0.1119999999999999,12.0,90.0,0.9973,3.2,0.52,9.2,5,0,1,0.13333333333333333,9.05,14.153846153846152,1.1286581638925521,1.033712674807512
10.3,0.53,0.48,2.5,0.063,6.0,25.0,0.9998,3.12,0.59,9.3,6,0,1,0.24,10.83,17.547169811320757,2.148549494891747,-0.4017877001257234
7.6,0.62,0.32,2.2,0.0819999999999999,7.0,54.0,0.9966,3.36,0.52,9.4,5,0,0,0.12962962962962962,8.219999999999999,15.161290322580646,-0.4934585397641518,0.1750703278106798
10.3,0.41,0.42,2.4,0.213,6.0,14.0,0.9994,3.19,0.62,9.5,6,0,1,0.42857142857142855,10.71,23.170731707317074,2.5302307272591396,-0.47790931205471654
10.3,0.43,0.44,2.4,0.214,5.0,12.0,0.9994,3.19,0.63,9.5,6,0,1,0.4166666666666667,10.73,22.093023255813954,2.570468212538505,-0.547729281601795
7.4,0.29,0.38,1.7,0.062,9.0,30.0,0.9968,3.41,0.53,9.5,6,0,0,0.3,7.69,32.758620689655174,-0.2400006955355661,-0.8305316938524295
7.9,0.53,0.24,2.0,0.072,15.0,105.0,0.996,3.27,0.54,9.4,6,0,0,0.14285714285714285,8.43,17.735849056603772,-0.3455933200624291,1.2126564555030241
9.0,0.46,0.31,2.8,0.093,19.0,98.0,0.99815,3.32,0.63,9.5,6,0,1,0.19387755102040816,9.46,20.652173913043477,0.8020693531399244,1.4526720407819433
8.6,0.47,0.3,3.0,0.076,30.0,135.0,0.9976,3.3,0.53,9.4,5,0,0,0.2222222222222222,9.07,20.000000000000004,0.4212729448868046,2.670954641407149
7.4,0.36,0.29,2.6,0.087,26.0,72.0,0.99645,3.39,0.68,11.0,5,0,0,0.3611111111111111,7.760000000000001,30.555555555555557,-0.2982896693313676,0.4799322243243496
7.1,0.35,0.29,2.5,0.096,20.0,53.0,0.9962,3.42,0.65,11.0,6,0,0,0.37735849056603776,7.449999999999999,31.42857142857143,-0.529622453194497,-0.15282415897770807
9.6,0.56,0.23,3.4,0.102,37.0,92.0,0.9996,3.3,0.65,10.1,5,0,1,0.40217391304347827,10.16,18.035714285714285,1.0273142678916287,2.486840830563471
9.6,0.77,0.12,2.9,0.0819999999999999,30.0,74.0,0.99865,3.3,0.64,10.4,6,0,0,0.40540540540540543,10.37,13.506493506493507,0.10527626871902786,1.870674312589973
9.8,0.66,0.39,3.2,0.083,21.0,59.0,0.9989,3.37,0.71,11.5,7,1,1,0.3559322033898305,10.46,17.424242424242422,0.8165960006398232,0.43157597237436024
9.3,0.61,0.26,3.4,0.09,25.0,87.0,0.99975,3.24,0.62,9.7,5,0,1,0.28735632183908044,9.91,15.901639344262295,1.1211598400015992,2.027137999547424
7.8,0.62,0.05,2.3,0.079,6.0,18.0,0.99735,3.29,0.63,9.3,5,0,0,0.3333333333333333,8.42,15.000000000000002,-0.5858358404436035,-0.19028010406569795
10.3,0.59,0.42,2.8,0.09,35.0,73.0,0.999,3.28,0.7,9.5,6,0,1,0.4794520547945205,10.89,16.10169491525424,1.5758678877297705,1.9060357259438758
10.0,0.49,0.2,11.0,0.071,13.0,50.0,1.0015,3.16,0.69,9.2,6,0,1,0.26,10.49,18.77551020408163,2.7452512430399367,2.28696349847801
11.6,0.53,0.66,3.65,0.121,6.0,14.0,0.9978,3.05,0.74,11.5,7,1,1,0.42857142857142855,12.129999999999999,21.69811320754717,3.0536767311577515,-1.5775912317187724
10.3,0.44,0.5,4.5,0.107,5.0,13.0,0.998,3.28,0.83,11.5,5,0,1,0.38461538461538464,10.74,26.136363636363637,1.9691544484632098,-1.4578554531627563
13.4,0.27,0.62,2.6,0.0819999999999999,6.0,21.0,1.0002,3.16,0.67,9.7,6,0,1,0.2857142857142857,13.67,35.925925925925924,3.8176201502771563,-1.2303451086450077
10.7,0.46,0.39,2.0,0.061,7.0,15.0,0.9981,3.18,0.62,9.5,5,0,1,0.4666666666666667,11.16,20.652173913043477,1.5613656049268865,-0.9715608920408584
10.2,0.36,0.64,2.9,0.122,10.0,41.0,0.998,3.23,0.66,12.5,6,0,1,0.24390243902439024,10.559999999999999,34.72222222222222,2.087024326989839,-1.5155859328140082
8.0,0.58,0.28,3.2,0.066,21.0,114.0,0.9973,3.22,0.54,9.4,6,0,0,0.18421052631578946,8.58,16.20689655172414,0.21720392765728186,2.054763512103308
8.4,0.56,0.08,2.1,0.105,16.0,44.0,0.9958,3.13,0.52,11.0,5,0,0,0.36363636363636365,8.96,19.642857142857142,-0.38300002254922844,-0.16183642795880065
7.9,0.65,0.01,2.5,0.078,17.0,38.0,0.9963,3.34,0.74,11.7,7,1,0,0.4473684210526316,8.55,18.0,-1.1426114863779562,-0.26042124924600524
11.9,0.695,0.53,3.4,0.128,7.0,21.0,0.9992,3.17,0.84,12.2,7,1,1,0.3333333333333333,12.595,17.553956834532375,2.644969994032289,-1.2180301473899824
8.9,0.43,0.45,1.9,0.052,6.0,16.0,0.9948,3.35,0.7,12.5,6,0,1,0.375,9.33,29.069767441860467,-0.1949898726437586,-2.5707976990355745
7.8,0.43,0.32,2.8,0.08,29.0,58.0,0.9974,3.31,0.64,10.3,5,0,0,0.5,8.23,23.953488372093027,0.20676896859112906,0.8482343354157449
12.4,0.49,0.58,3.0,0.103,28.0,99.0,1.0008,3.16,1.0,11.5,6,0,1,0.2828282828282828,12.89,23.46938775510204,3.7360371196270825,1.047166383274172
12.5,0.28,0.54,2.3,0.0819999999999999,12.0,29.0,0.9997,3.11,1.36,9.8,7,1,1,0.41379310344827586,12.78,35.0,4.369866291271576,-1.0354176168066351
12.2,0.34,0.5,2.4,0.066,10.0,21.0,1.0,3.12,1.18,9.2,6,0,1,0.47619047619047616,12.54,27.05882352941176,3.8845360477724924,-0.8362674284344568
10.6,0.42,0.48,2.7,0.065,5.0,18.0,0.9972,3.21,0.87,11.3,6,0,1,0.2777777777777778,11.02,26.90476190476191,1.7895062549612815,-1.8712222873592321
10.9,0.39,0.47,1.8,0.118,6.0,14.0,0.9982,3.3,0.75,9.8,6,0,1,0.42857142857142855,11.290000000000001,25.128205128205128,1.9618601227229429,-1.2436289478339666
11.9,0.57,0.5,2.6,0.0819999999999999,6.0,32.0,1.0006,3.12,0.78,10.7,6,0,1,0.1875,12.47,18.771929824561404,2.984795636767651,-0.7547739582300488
7.0,0.685,0.0,1.9,0.067,40.0,63.0,0.9979,3.6,0.81,9.9,5,0,0,0.6349206349206349,7.6850000000000005,14.452554744525546,-1.7058204004440618,2.132801988021917
6.6,0.815,0.02,2.7,0.072,17.0,34.0,0.9955,3.58,0.89,12.3,7,1,0,0.5,7.414999999999999,15.092024539877302,-2.4095248038242327,-0.3524576254252815
13.8,0.49,0.67,3.0,0.093,6.0,15.0,0.9986,3.02,0.93,12.0,6,0,1,0.4,14.290000000000001,24.489795918367346,4.037783677352028,-2.1071323068562053
9.6,0.56,0.31,2.8,0.089,15.0,46.0,0.9979,3.11,0.92,10.0,6,0,1,0.32608695652173914,10.16,17.857142857142854,1.695190416329269,0.14785221497030784
9.1,0.785,0.0,2.6,0.093,11.0,28.0,0.9994,3.36,0.86,9.4,6,0,0,0.39285714285714285,9.885,11.97452229299363,0.08958477668499766,0.6663519379313617
10.7,0.67,0.22,2.7,0.107,17.0,34.0,1.0004,3.28,0.98,9.9,6,0,1,0.5,11.37,14.776119402985074,1.8324188508532953,0.5653808980521976
9.1,0.795,0.0,2.6,0.096,11.0,26.0,0.9994,3.35,0.83,9.4,6,0,0,0.4230769230769231,9.895,11.823899371069182,0.07197544034655202,0.6643789017405348
7.7,0.665,0.0,2.4,0.09,8.0,19.0,0.9974,3.27,0.73,9.3,5,0,0,0.42105263157894735,8.365,13.984962406015038,-0.5220312115527379,0.05980265848616542
13.5,0.53,0.79,4.8,0.12,23.0,77.0,1.0018,3.18,0.77,13.0,5,0,1,0.2987012987012987,14.03,24.528301886792452,4.379315981358152,0.24569851423657307
6.1,0.21,0.4,1.4,0.066,40.5,165.0,0.9912,3.25,0.59,11.9,6,0,0,0.24545454545454545,6.31,56.66666666666667,-1.2770747790109762,1.3422128946488028
6.7,0.75,0.01,2.4,0.078,17.0,32.0,0.9955,3.55,0.61,12.8,6,0,0,0.53125,7.45,17.066666666666666,-2.705756955127952,-0.6174038792499388
11.5,0.41,0.52,3.0,0.08,29.0,55.0,1.0001,3.26,0.88,11.0,5,0,1,0.5272727272727272,11.91,26.82926829268293,2.742587078003971,0.4002420215272771
10.5,0.42,0.66,2.95,0.1159999999999999,12.0,29.0,0.997,3.24,0.75,11.7,7,1,1,0.41379310344827586,10.92,27.857142857142858,2.082245070714137,-1.4302212640508727
11.9,0.43,0.66,3.1,0.109,10.0,23.0,1.0,3.15,0.85,10.4,7,1,1,0.43478260869565216,12.33,24.186046511627907,3.618533463637717,-0.8773501639425868
12.6,0.38,0.66,2.6,0.088,10.0,41.0,1.001,3.17,0.68,9.8,6,0,1,0.24390243902439024,12.98,25.789473684210527,3.726356577397492,-0.4289134378692124
8.2,0.7,0.23,2.0,0.099,14.0,81.0,0.9973,3.19,0.7,9.4,5,0,0,0.1728395061728395,8.899999999999999,13.42857142857143,0.32245824449805255,1.174550012779149
8.6,0.45,0.31,2.6,0.086,21.0,50.0,0.9982,3.37,0.91,9.9,6,0,1,0.42,9.049999999999999,22.0,0.8315625676003919,0.4472555194536305
11.9,0.58,0.66,2.5,0.072,6.0,37.0,0.9992,3.05,0.56,10.0,5,0,1,0.16216216216216217,12.48,17.24137931034483,2.9627683378279683,-0.6671057032933059
12.5,0.46,0.63,2.0,0.071,6.0,15.0,0.9988,2.99,0.87,10.2,5,0,1,0.4,12.96,22.173913043478258,3.660186133157783,-1.557547291643041
12.8,0.615,0.66,5.8,0.083,7.0,42.0,1.0022,3.07,0.73,10.0,7,1,1,0.16666666666666666,13.415000000000001,16.260162601626018,4.368857420434271,0.38939551434883146
10.0,0.42,0.5,3.4,0.107,7.0,21.0,0.9979,3.26,0.93,11.8,6,0,1,0.3333333333333333,10.42,28.0952380952381,1.9567960347145505,-1.5827097342493783
10.4,0.575,0.61,2.6,0.076,11.0,24.0,1.0,3.16,0.69,9.0,5,0,1,0.4583333333333333,10.975,15.65217391304348,2.5862299312201706,-0.05844724529393686
10.3,0.34,0.52,2.8,0.159,15.0,75.0,0.9998,3.18,0.64,9.4,5,0,1,0.2,10.64,27.64705882352941,2.8626266185020195,0.838533971678127
9.4,0.27,0.53,2.4,0.074,6.0,18.0,0.9962,3.2,1.13,12.0,7,1,1,0.3333333333333333,9.67,44.44444444444444,1.900117877651238,-2.508446551560992
6.9,0.765,0.02,2.3,0.063,35.0,63.0,0.9975,3.57,0.78,9.9,5,0,0,0.5555555555555556,7.665,12.941176470588236,-1.7995508397441067,2.018445828772914
7.9,0.24,0.4,1.6,0.0559999999999999,11.0,25.0,0.9967,3.32,0.87,8.7,6,0,1,0.44,8.14,36.25,0.790121488455171,-0.8003549839952673
9.1,0.28,0.48,1.8,0.067,26.0,46.0,0.9967,3.32,1.04,10.6,6,0,1,0.5652173913043478,9.379999999999999,37.857142857142854,1.3620426235531962,-0.47997533098060685
7.4,0.55,0.22,2.2,0.106,12.0,72.0,0.9959,3.05,0.63,9.2,5,0,0,0.16666666666666666,7.95,16.727272727272723,0.3432031268968882,0.7294839556667706
14.0,0.41,0.63,3.8,0.089,6.0,47.0,1.0014,3.01,0.81,10.8,6,0,1,0.1276595744680851,14.41,26.34146341463415,4.770798956485178,-0.6955469539398309
11.5,0.54,0.71,4.4,0.124,6.0,15.0,0.9984,3.01,0.83,11.8,7,1,1,0.4,12.04,21.85185185185185,3.5595405542603347,-1.5057966224782455
11.5,0.45,0.5,3.0,0.078,19.0,47.0,1.0003,3.26,1.11,11.0,6,0,1,0.40425531914893614,11.95,24.444444444444443,3.0274084107712644,-0.20659099756201713
11.4,0.625,0.66,6.2,0.088,6.0,24.0,0.9988,3.11,0.99,13.3,6,0,1,0.25,12.025,21.28,3.2032047456156065,-1.5138913104995502
8.3,0.42,0.38,2.5,0.094,24.0,60.0,0.9979,3.31,0.7,10.8,6,0,1,0.4,8.72,25.714285714285715,0.6841736848501179,0.3830672313607789
8.3,0.26,0.42,2.0,0.08,11.0,27.0,0.9974,3.21,0.8,9.4,6,0,1,0.4074074074074074,8.56,36.15384615384615,1.3521543398908247,-0.7966652935021551
13.7,0.415,0.68,2.9,0.085,17.0,43.0,1.0014,3.06,0.8,10.0,6,0,1,0.3953488372093023,14.114999999999998,24.096385542168676,4.592388182663888,-0.10476601393701715
7.7,0.51,0.28,2.1,0.087,23.0,54.0,0.998,3.42,0.74,9.2,5,0,0,0.42592592592592593,8.21,18.03921568627451,0.026450997414691802,0.99262616431948
7.4,0.63,0.07,2.4,0.09,11.0,37.0,0.9979,3.43,0.76,9.7,6,0,0,0.2972972972972973,8.030000000000001,15.396825396825395,-0.7350207721832936,0.3337223105197214
7.8,0.54,0.26,2.0,0.088,23.0,48.0,0.9981,3.41,0.74,9.2,6,0,0,0.4791666666666667,8.34,17.037037037037035,0.005378881239115371,0.9411601514377741
8.3,0.66,0.15,1.9,0.079,17.0,42.0,0.9972,3.31,0.54,9.6,6,0,0,0.40476190476190477,8.96,14.545454545454545,-0.5536604916312721,0.5410973288112754
7.8,0.46,0.26,1.9,0.088,23.0,53.0,0.9981,3.43,0.74,9.2,6,0,0,0.4339622641509434,8.26,19.999999999999996,0.04817383516734055,0.8892532350299904
9.6,0.38,0.31,2.5,0.096,16.0,49.0,0.9982,3.19,0.7,10.0,7,1,1,0.32653061224489793,9.98,26.31578947368421,1.4428362857656227,0.051244208616571515
5.6,0.85,0.05,1.4,0.045,12.0,88.0,0.9924,3.56,0.82,12.9,8,1,0,0.13636363636363635,6.449999999999999,15.176470588235295,-3.6017592197568806,-0.45715500785601665
9.5,0.37,0.52,2.0,0.0819999999999999,6.0,26.0,0.998,3.18,0.51,9.5,5,0,1,0.23076923076923078,9.87,25.675675675675677,1.5740560905182572,-0.9146717310543185
8.4,0.665,0.61,2.0,0.1119999999999999,13.0,95.0,0.997,3.16,0.54,9.1,5,0,1,0.1368421052631579,9.065000000000001,13.684210526315788,1.217950357015467,1.1594157448184539
12.7,0.6,0.65,2.3,0.063,6.0,25.0,0.9997,3.03,0.57,9.9,5,0,1,0.24,13.299999999999999,16.5,3.2524201413551443,-0.8508251039902546
12.0,0.37,0.76,4.2,0.066,7.0,38.0,1.0004,3.22,0.6,13.0,7,1,1,0.18421052631578946,12.37,35.13513513513514,3.1400482424960954,-1.7006636292621353
6.6,0.735,0.02,7.9,0.122,68.0,124.0,0.9994,3.47,0.53,9.9,5,0,0,0.5483870967741935,7.335,13.46938775510204,-0.7207343603153464,6.119390199071704
11.5,0.59,0.59,2.6,0.087,13.0,49.0,0.9988,3.18,0.65,11.0,6,0,1,0.2653061224489796,12.09,18.64406779661017,2.3113190567869064,-0.4117441927340659
8.7,0.765,0.22,2.3,0.064,9.0,42.0,0.9963,3.1,0.55,9.4,5,0,0,0.21428571428571427,9.465,12.287581699346406,0.02855278854318889,0.21373870925533459
7.7,0.26,0.3,1.7,0.059,20.0,38.0,0.9949,3.29,0.47,10.8,6,0,0,0.5263157894736842,7.96,41.53846153846154,-0.6191687046095008,-0.8629627041139915
12.2,0.48,0.54,2.6,0.085,19.0,64.0,1.0,3.1,0.61,10.5,6,0,1,0.296875,12.68,21.875,3.003504283388056,0.3110174144538689
11.4,0.6,0.49,2.7,0.085,10.0,41.0,0.9994,3.15,0.63,10.5,6,0,1,0.24390243902439024,12.0,17.5,2.269870320701515,-0.3173828996085417
7.7,0.69,0.05,2.7,0.075,15.0,27.0,0.9974,3.26,0.61,9.1,5,0,0,0.5555555555555556,8.39,13.18840579710145,-0.6042774877516867,0.6653025944394161
8.7,0.31,0.46,1.4,0.059,11.0,25.0,0.9966,3.36,0.76,10.1,6,0,1,0.44,9.01,32.58064516129032,0.6075190970415034,-1.3188039904400828
9.8,0.44,0.47,2.5,0.063,9.0,28.0,0.9981,3.24,0.65,10.8,6,0,1,0.32142857142857145,10.24,24.545454545454547,1.3236386031655067,-1.0850371980470488
12.0,0.39,0.66,3.0,0.093,12.0,30.0,0.9996,3.18,0.63,10.8,7,1,1,0.4,12.39,27.692307692307693,3.086101943873819,-0.9126199329247725
10.4,0.34,0.58,3.7,0.174,6.0,16.0,0.997,3.19,0.7,11.3,6,0,1,0.375,10.74,33.23529411764706,2.4086277843957253,-1.5498846040290626
12.5,0.46,0.49,4.5,0.07,26.0,49.0,0.9981,3.05,0.57,9.6,4,0,1,0.5306122448979592,12.96,20.8695652173913,2.8716268027635103,0.7933996196272651
9.0,0.43,0.34,2.5,0.08,26.0,86.0,0.9987,3.38,0.62,9.5,6,0,1,0.3023255813953488,9.43,22.093023255813954,0.7262884522575979,1.5046346863847289
9.1,0.45,0.35,2.4,0.08,23.0,78.0,0.9987,3.38,0.62,9.5,5,0,1,0.2948717948717949,9.549999999999999,21.11111111111111,0.7398080136206462,1.2176365006761498
7.1,0.735,0.16,1.9,0.1,15.0,77.0,0.9966,3.27,0.64,9.3,5,0,0,0.19480519480519481,7.835,12.653061224489797,-0.6618688266268784,1.2898854588573112
9.9,0.4,0.53,6.7,0.0969999999999999,6.0,19.0,0.9986,3.27,0.82,11.7,7,1,1,0.3157894736842105,10.3,29.249999999999996,2.2782831927348743,-1.0006657497798885
8.8,0.52,0.34,2.7,0.087,24.0,122.0,0.9982,3.26,0.61,9.5,5,0,1,0.19672131147540983,9.32,18.26923076923077,0.8706053089906739,2.1700571571777347
8.6,0.725,0.24,6.6,0.1169999999999999,31.0,134.0,1.0014,3.32,1.07,9.3,5,0,1,0.23134328358208955,9.325,12.827586206896553,2.02138234161756,4.211255894383257
10.6,0.48,0.64,2.2,0.111,6.0,20.0,0.997,3.26,0.66,11.7,6,0,1,0.3,11.08,24.375,1.70221458478127,-1.8958526625333014
7.0,0.58,0.12,1.9,0.091,34.0,124.0,0.9956,3.44,0.48,10.5,5,0,0,0.27419354838709675,7.58,18.10344827586207,-1.6748141210413057,2.296737794719755
11.9,0.38,0.51,2.0,0.121,7.0,20.0,0.9996,3.24,0.76,10.4,6,0,1,0.35,12.280000000000001,27.36842105263158,2.8010998625581705,-1.2136160697428762
6.8,0.77,0.0,1.8,0.066,34.0,52.0,0.9976,3.62,0.68,9.9,5,0,0,0.6538461538461539,7.57,12.857142857142858,-2.196901137038234,1.7745271506812084
9.5,0.56,0.33,2.4,0.089,35.0,67.0,0.9972,3.28,0.73,11.8,7,1,1,0.5223880597014925,10.06,21.07142857142857,0.5438966076132261,0.7181984142491534
6.6,0.84,0.03,2.3,0.059,32.0,48.0,0.9952,3.52,0.56,12.3,7,1,0,0.6666666666666666,7.4399999999999995,14.642857142857144,-2.908308802068677,0.6181857139494202
7.7,0.96,0.2,2.0,0.047,15.0,60.0,0.9955,3.36,0.44,10.9,5,0,0,0.25,8.66,11.354166666666668,-1.8889162972165487,0.4770407032939656
10.5,0.24,0.47,2.1,0.066,6.0,24.0,0.9978,3.15,0.9,11.0,7,1,1,0.25,10.74,45.833333333333336,2.2969001401377556,-1.9038364731844386
6.4,0.67,0.08,2.1,0.045,19.0,48.0,0.9949,3.49,0.49,11.4,6,0,0,0.3958333333333333,7.07,17.01492537313433,-2.656874053822817,-0.05553857866004981
9.5,0.78,0.22,1.9,0.077,6.0,32.0,0.9988,3.26,0.56,10.6,6,0,0,0.1875,10.28,13.58974358974359,0.19448365803129591,-0.30990314744129716
9.1,0.52,0.33,1.3,0.07,9.0,30.0,0.9978,3.24,0.6,9.3,5,0,1,0.3,9.62,17.884615384615387,0.6324085423984106,-0.42828069032720284
12.8,0.84,0.63,2.4,0.088,13.0,35.0,0.9997,3.1,0.6,10.4,6,0,1,0.37142857142857144,13.64,12.380952380952381,2.82159419141934,-0.07366173681045989
7.8,0.55,0.35,2.2,0.074,21.0,66.0,0.9974,3.25,0.56,9.2,5,0,0,0.3181818181818182,8.35,16.727272727272723,0.23584074296177907,1.0643532424692168
11.9,0.37,0.69,2.3,0.078,12.0,24.0,0.9958,3.0,0.65,12.8,6,0,1,0.5,12.27,34.5945945945946,2.544712394630596,-2.449977199346877
12.3,0.39,0.63,2.3,0.091,6.0,18.0,1.0004,3.16,0.49,9.5,5,0,1,0.3333333333333333,12.690000000000001,24.358974358974358,3.182250856553274,-0.9102585733018062
10.4,0.41,0.55,3.2,0.076,22.0,54.0,0.9996,3.15,0.89,9.9,6,0,1,0.4074074074074074,10.81,24.146341463414636,2.868133914186605,0.4539869244146964
8.0,0.67,0.3,2.0,0.06,38.0,62.0,0.9958,3.26,0.56,10.2,6,0,0,0.6129032258064516,8.67,15.223880597014924,-0.5793443284090871,1.3955660184272154
11.1,0.45,0.73,3.2,0.066,6.0,22.0,0.9986,3.17,0.66,11.2,6,0,1,0.2727272727272727,11.549999999999999,24.888888888888886,2.6485320339368754,-1.5710162158026615
7.0,0.62,0.18,1.5,0.062,7.0,50.0,0.9951,3.08,0.6,9.3,5,0,0,0.14,7.62,15.000000000000002,-0.5366703174349974,-0.09804769359916907
12.6,0.31,0.72,2.2,0.072,6.0,29.0,0.9987,2.88,0.82,9.8,8,1,1,0.20689655172413793,12.91,31.612903225806456,4.401230808655488,-1.4315788979576811
11.9,0.4,0.65,2.15,0.068,7.0,27.0,0.9988,3.06,0.68,11.3,6,0,1,0.25925925925925924,12.3,28.25,3.0314291376139275,-1.698902914104829
15.6,0.685,0.76,3.7,0.1,6.0,43.0,1.0032,2.95,0.68,11.2,7,1,1,0.13953488372093023,16.285,16.350364963503647,5.514235377851475,-0.429267982625984
10.0,0.44,0.49,2.7,0.077,11.0,19.0,0.9963,3.23,0.63,11.6,7,1,1,0.5789473684210527,10.44,26.363636363636363,1.0280161227208828,-1.6126103104356533
5.3,0.57,0.01,1.7,0.054,5.0,27.0,0.9934,3.57,0.84,12.5,7,1,0,0.18518518518518517,5.87,21.92982456140351,-3.1413441817008287,-1.8826055840332412
9.5,0.735,0.1,2.1,0.079,6.0,31.0,0.9986,3.23,0.56,10.1,6,0,0,0.1935483870967742,10.235,13.741496598639456,0.09543650272756946,-0.09812822615594087
12.5,0.38,0.6,2.6,0.081,31.0,72.0,0.9996,3.1,0.73,10.5,5,0,1,0.4305555555555556,12.88,27.63157894736842,3.4171852474824096,0.7214171316723679
9.3,0.48,0.29,2.1,0.127,6.0,16.0,0.9968,3.22,0.72,11.2,5,0,1,0.375,9.780000000000001,23.333333333333332,0.781106894896523,-1.4368503435406985
8.6,0.53,0.22,2.0,0.1,7.0,27.0,0.9967,3.2,0.56,10.2,6,0,0,0.25925925925925924,9.129999999999999,19.245283018867923,0.1473956237989209,-0.6997901198401111
11.9,0.39,0.69,2.8,0.095,17.0,35.0,0.9994,3.1,0.61,10.8,6,0,1,0.4857142857142857,12.290000000000001,27.692307692307693,3.2702700925510957,-0.6477455076015516
8.4,0.37,0.53,1.8,0.413,9.0,26.0,0.9979,3.06,1.06,9.1,6,0,1,0.34615384615384615,8.77,24.594594594594593,3.8738609019312493,0.09534460867140844
6.8,0.56,0.03,1.7,0.084,18.0,35.0,0.9968,3.44,0.63,10.0,6,0,0,0.5142857142857142,7.359999999999999,17.857142857142854,-1.5019713130248622,0.2623795166199754
10.4,0.33,0.63,2.8,0.084,5.0,22.0,0.9998,3.26,0.74,11.2,7,1,1,0.22727272727272727,10.73,33.93939393939394,2.5248896681026882,-1.57601415102244
7.0,0.23,0.4,1.6,0.063,21.0,67.0,0.9952,3.5,0.63,11.1,5,0,0,0.31343283582089554,7.23,48.26086956521739,-0.8392939514449146,-0.5234452353021891
11.3,0.62,0.67,5.2,0.086,6.0,19.0,0.9988,3.22,0.69,13.4,8,1,1,0.3157894736842105,11.92,21.612903225806452,2.3252722572101447,-1.7299377238989393
8.9,0.59,0.39,2.3,0.095,5.0,22.0,0.9986,3.37,0.58,10.3,5,0,1,0.22727272727272727,9.49,17.45762711864407,0.49175687902204884,-0.7150207055229808
9.2,0.63,0.21,2.7,0.0969999999999999,29.0,65.0,0.9988,3.28,0.58,9.6,5,0,0,0.4461538461538462,9.83,15.238095238095237,0.5152048088699703,1.7488955212410413
11.6,0.58,0.66,2.2,0.074,10.0,47.0,1.0008,3.25,0.57,9.0,3,0,1,0.2127659574468085,12.18,15.517241379310345,2.7455610611250885,0.24323038128944682
9.2,0.43,0.52,2.3,0.083,14.0,23.0,0.9976,3.35,0.61,11.3,6,0,1,0.6086956521739131,9.629999999999999,26.27906976744186,0.8043609048485052,-1.1581696688757948
8.3,0.615,0.22,2.6,0.087,6.0,19.0,0.9982,3.26,0.61,9.3,5,0,0,0.3157894736842105,8.915000000000001,15.121951219512196,0.26321526008786983,-0.16283422713405316
11.0,0.26,0.68,2.55,0.085,10.0,25.0,0.997,3.18,0.61,11.8,5,0,1,0.4,11.26,45.38461538461539,2.2600681826904045,-2.0328128044569493
8.1,0.66,0.7,2.2,0.098,25.0,129.0,0.9972,3.08,0.53,9.0,5,0,1,0.1937984496124031,8.76,13.636363636363635,1.5903300177726694,2.337224014920022
11.5,0.315,0.54,2.1,0.084,5.0,15.0,0.9987,2.98,0.7,9.2,6,0,1,0.3333333333333333,11.815,29.206349206349206,3.2930731036327914,-1.2234741538049747
10.0,0.29,0.4,2.9,0.098,10.0,26.0,1.0006,3.48,0.91,9.7,5,0,1,0.38461538461538464,10.29,33.44827586206897,1.9352839451909012,-0.4527202939640238
10.3,0.5,0.42,2.0,0.069,21.0,51.0,0.9982,3.16,0.72,11.5,6,0,1,0.4117647058823529,10.8,23.0,1.517884723030509,-0.3450401062615978
8.8,0.46,0.45,2.6,0.065,7.0,18.0,0.9947,3.32,0.79,14.0,6,0,1,0.3888888888888889,9.260000000000002,30.434782608695652,-0.10257370577823222,-2.8783459686698625
11.4,0.36,0.69,2.1,0.09,6.0,21.0,1.0,3.17,0.62,9.2,6,0,1,0.2857142857142857,11.76,25.555555555555554,3.201976692149956,-0.910888300174007
8.7,0.82,0.02,1.2,0.07,36.0,48.0,0.9952,3.2,0.58,9.8,5,0,0,0.75,9.52,11.951219512195124,-1.1702225774916264,1.4136072252027814
13.0,0.32,0.65,2.6,0.093,15.0,47.0,0.9996,3.05,0.61,10.6,5,0,1,0.3191489361702128,13.32,33.125,3.770535408178503,-0.6252523911582203
9.6,0.54,0.42,2.4,0.081,25.0,52.0,0.997,3.2,0.71,11.4,6,0,1,0.4807692307692308,10.14,21.11111111111111,0.9838713401661952,-0.031134168417833688
12.5,0.37,0.55,2.6,0.083,25.0,68.0,0.9995,3.15,0.82,10.4,6,0,1,0.36764705882352944,12.87,28.10810810810811,3.308353510320696,0.3846533232182628
9.9,0.35,0.55,2.1,0.062,5.0,14.0,0.9971,3.26,0.79,10.6,5,0,1,0.35714285714285715,10.25,30.28571428571429,1.5686437370112265,-1.895520261843666
10.5,0.28,0.51,1.7,0.08,10.0,24.0,0.9982,3.2,0.89,9.4,6,0,1,0.4166666666666667,10.78,33.57142857142857,2.451574051477154,-1.06279887856068
9.6,0.68,0.24,2.2,0.087,5.0,28.0,0.9988,3.14,0.6,10.2,5,0,1,0.17857142857142858,10.28,14.999999999999998,0.9180242545942748,-0.3876782355403897
9.3,0.27,0.41,2.0,0.091,6.0,16.0,0.998,3.28,0.7,9.7,5,0,1,0.375,9.57,35.925925925925924,1.3874738844364551,-1.2482922065907214
10.4,0.24,0.49,1.8,0.075,6.0,20.0,0.9977,3.18,1.06,11.0,6,0,1,0.3,10.64,45.833333333333336,2.4491362085932873,-2.0745525235500217
9.4,0.685,0.11,2.7,0.077,6.0,31.0,0.9984,3.19,0.7,10.1,6,0,0,0.1935483870967742,10.085,14.744525547445253,0.48582805948728053,-0.1451395186320537
10.6,0.28,0.39,15.5,0.069,6.0,23.0,1.0026,3.12,0.66,9.2,5,0,1,0.2608695652173913,10.879999999999999,32.857142857142854,4.363709415828531,1.9021100035997915
9.4,0.3,0.56,2.8,0.08,6.0,17.0,0.9964,3.15,0.92,11.7,8,1,1,0.35294117647058826,9.700000000000001,39.0,1.9062032843270194,-2.2148161582389405
10.6,0.36,0.59,2.2,0.152,6.0,18.0,0.9986,3.04,1.05,9.4,5,0,1,0.3333333333333333,10.959999999999999,26.111111111111114,3.706057298926252,-1.037253651444876
10.6,0.36,0.6,2.2,0.152,7.0,18.0,0.9986,3.04,1.06,9.4,5,0,1,0.3888888888888889,10.959999999999999,26.111111111111114,3.742187903378684,-0.9993411153505593
10.6,0.44,0.68,4.1,0.114,6.0,24.0,0.997,3.06,0.66,13.4,6,0,1,0.25,11.04,30.454545454545457,2.443460249861034,-2.213019569856012
10.2,0.67,0.39,1.9,0.054,6.0,17.0,0.9976,3.17,0.47,10.0,5,0,1,0.35294117647058826,10.87,14.925373134328357,0.7599948156228814,-0.8729183978269495
10.2,0.645,0.36,1.8,0.053,5.0,14.0,0.9982,3.17,0.42,10.0,6,0,1,0.35714285714285715,10.844999999999999,15.503875968992247,0.7588132812004275,-0.9178245272552867
11.6,0.32,0.55,2.8,0.081,35.0,67.0,1.0002,3.32,0.92,10.8,7,1,1,0.5223880597014925,11.92,33.75,2.8728974034263035,0.777847344474127
9.3,0.39,0.4,2.6,0.073,10.0,26.0,0.9984,3.34,0.75,10.2,6,0,1,0.38461538461538464,9.690000000000001,26.15384615384615,1.1210898415438024,-0.7843496225122232
9.3,0.775,0.27,2.8,0.078,24.0,56.0,0.9984,3.31,0.67,10.6,6,0,0,0.42857142857142855,10.075000000000001,13.677419354838708,0.27757932249135625,1.0301110834490024
9.2,0.41,0.5,2.5,0.055,12.0,25.0,0.9952,3.34,0.79,13.3,7,1,1,0.48,9.61,32.43902439024391,0.25992196571797505,-2.3744046712490126
8.9,0.4,0.51,2.6,0.052,13.0,27.0,0.995,3.32,0.9,13.4,7,1,1,0.48148148148148145,9.3,33.5,0.3756907305677502,-2.382547519924454
8.7,0.69,0.31,3.0,0.086,23.0,81.0,1.0002,3.48,0.74,11.6,6,0,0,0.2839506172839506,9.389999999999999,16.81159420289855,0.28343830344700666,1.1767079813304475
6.5,0.39,0.23,8.3,0.051,28.0,91.0,0.9952,3.44,0.55,12.1,6,0,0,0.3076923076923077,6.89,31.025641025641022,-1.0206776840887117,1.442555479427363
10.7,0.35,0.53,2.6,0.07,5.0,16.0,0.9972,3.15,0.65,11.0,8,1,1,0.3125,11.049999999999999,31.42857142857143,1.9186282498248144,-1.880517033024031
7.8,0.52,0.25,1.9,0.081,14.0,38.0,0.9984,3.43,0.65,9.0,6,0,0,0.3684210526315789,8.32,17.307692307692307,-0.12804334411680912,0.4092524838508679
7.2,0.34,0.32,2.5,0.09,43.0,113.0,0.9966,3.32,0.79,11.1,5,0,0,0.3805309734513274,7.54,32.647058823529406,0.13532573669349487,1.915724163119069
10.4,0.44,0.73,6.55,0.074,38.0,76.0,0.999,3.17,0.85,12.0,7,1,1,0.5,10.84,27.272727272727273,3.0967446449929104,1.2618933453248298
10.5,0.26,0.47,1.9,0.078,6.0,24.0,0.9976,3.18,1.04,10.9,7,1,1,0.25,10.76,41.92307692307692,2.391428150320568,-1.9089355907338124
10.5,0.24,0.42,1.8,0.077,6.0,22.0,0.9976,3.21,1.05,10.8,7,1,1,0.2727272727272727,10.74,45.00000000000001,2.2224266074735888,-1.9196934552364884
10.2,0.49,0.63,2.9,0.072,10.0,26.0,0.9968,3.16,0.78,12.5,7,1,1,0.38461538461538464,10.69,25.510204081632654,1.785392506895262,-1.8901949117309778
10.4,0.24,0.46,1.8,0.075,6.0,21.0,0.9976,3.25,1.02,10.8,7,1,1,0.2857142857142857,10.64,45.00000000000001,2.120666396859061,-1.9574346608760917
11.2,0.67,0.55,2.3,0.084,6.0,13.0,1.0,3.17,0.71,9.5,6,0,1,0.46153846153846156,11.87,14.17910447761194,2.4938449478489106,-0.5777686865495802
10.0,0.59,0.31,2.2,0.09,26.0,62.0,0.9994,3.18,0.63,10.2,6,0,1,0.41935483870967744,10.59,17.28813559322034,1.3715938812579196,1.0852545281004347
13.3,0.29,0.75,2.8,0.084,23.0,43.0,0.9986,3.04,0.68,11.4,7,1,1,0.5348837209302325,13.59,39.31034482758621,3.9236378421023517,-0.8785093274555863
12.4,0.42,0.49,4.6,0.073,19.0,43.0,0.9978,3.02,0.61,9.5,5,0,1,0.4418604651162791,12.82,22.61904761904762,3.020725962842494,0.3048233277696237
10.7,0.4,0.48,2.1,0.125,15.0,49.0,0.998,3.03,0.81,9.7,6,0,1,0.30612244897959184,11.1,24.249999999999996,2.8255702540659438,-0.117273253868388
10.5,0.51,0.64,2.4,0.107,6.0,15.0,0.9973,3.09,0.66,11.8,7,1,1,0.4,11.01,23.137254901960784,2.17146649141818,-1.9084878562292291
8.5,0.655,0.49,6.1,0.122,34.0,151.0,1.001,3.31,1.14,9.3,5,0,1,0.2251655629139073,9.155,14.198473282442748,2.707851191909695,4.207032755714631
12.5,0.6,0.49,4.3,0.1,5.0,14.0,1.001,3.25,0.74,11.9,6,0,1,0.35714285714285715,13.1,19.833333333333336,2.841193522266288,-1.135768146638927
10.4,0.61,0.49,2.1,0.2,5.0,16.0,0.9994,3.16,0.63,8.4,3,0,1,0.3125,11.01,13.77049180327869,2.6008578804216302,0.0666384169307006
10.9,0.21,0.49,2.8,0.088,11.0,32.0,0.9972,3.22,0.68,11.7,6,0,1,0.34375,11.110000000000001,55.714285714285715,1.93209147792505,-1.6890618156159174
7.3,0.365,0.49,2.5,0.088,39.0,106.0,0.9966,3.36,0.78,11.0,5,0,1,0.36792452830188677,7.665,30.136986301369863,0.4070355150900256,1.5306280317873602
9.8,0.25,0.49,2.7,0.088,15.0,33.0,0.9982,3.42,0.9,10.0,6,0,1,0.45454545454545453,10.05,40.0,1.6992598524164995,-0.6731282716669263
7.6,0.41,0.49,2.0,0.088,16.0,43.0,0.998,3.48,0.64,9.1,5,0,0,0.37209302325581395,8.01,22.195121951219512,0.3163982159752719,0.20294183918282116
8.2,0.39,0.49,2.3,0.099,47.0,133.0,0.9979,3.38,0.99,9.8,5,0,1,0.3533834586466165,8.59,25.128205128205128,1.3195025598333958,2.9036711850809773
9.3,0.4,0.49,2.5,0.085,38.0,142.0,0.9978,3.22,0.55,9.4,5,0,1,0.2676056338028169,9.700000000000001,23.5,1.4379071561258405,2.835656988661276
9.2,0.43,0.49,2.4,0.086,23.0,116.0,0.9976,3.23,0.64,9.5,5,0,1,0.19827586206896552,9.629999999999999,22.093023255813954,1.4209267817554239,1.5970243158411161
10.4,0.64,0.24,2.8,0.105,29.0,53.0,0.9998,3.24,0.67,9.9,5,0,1,0.5471698113207547,11.040000000000001,15.46875,1.3640123692771697,1.4772231650454395
7.0,0.38,0.49,2.5,0.0969999999999999,33.0,85.0,0.9962,3.39,0.77,11.4,6,0,1,0.38823529411764707,7.38,30.0,0.10509236119260322,0.7447735791294742
8.2,0.42,0.49,2.6,0.084,32.0,55.0,0.9988,3.34,0.75,8.7,6,0,1,0.5818181818181818,8.62,20.71428571428571,1.2649817105883374,1.4772678429427466
9.9,0.63,0.24,2.4,0.077,6.0,33.0,0.9974,3.09,0.57,9.4,5,0,1,0.18181818181818182,10.530000000000001,14.920634920634921,0.9398851079773284,-0.2042752014823994
9.1,0.22,0.24,2.1,0.078,1.0,28.0,0.999,3.41,0.87,10.3,6,0,1,0.03571428571428571,9.32,46.81818181818182,0.993529424208576,-1.3837731971880747
11.9,0.38,0.49,2.7,0.098,12.0,42.0,1.0004,3.16,0.61,10.3,5,0,1,0.2857142857142857,12.280000000000001,27.10526315789474,2.92397624106915,-0.32748449804006724
10.3,0.27,0.24,2.1,0.072,15.0,33.0,0.9956,3.22,0.66,12.8,6,0,1,0.45454545454545453,10.57,47.407407407407405,0.46274747588398485,-1.914183733013048
10.0,0.48,0.24,2.7,0.102,13.0,32.0,1.0,3.28,0.56,10.0,6,0,1,0.40625,10.48,20.833333333333336,1.2062661620791175,0.11130875435572647
8.1,0.825,0.24,2.1,0.084,5.0,13.0,0.9972,3.37,0.77,10.7,6,0,0,0.38461538461538464,8.924999999999999,12.969696969696969,-0.5297835180606904,-0.7919125729643545
12.9,0.35,0.49,5.8,0.066,5.0,35.0,1.0014,3.2,0.66,12.0,7,1,1,0.14285714285714285,13.25,34.285714285714285,3.403229502033872,-0.9658289911097065
11.2,0.5,0.74,5.15,0.1,5.0,17.0,0.9996,3.22,0.62,11.2,5,0,1,0.29411764705882354,11.7,22.4,2.980553918912323,-1.0749514603714299
9.2,0.59,0.24,3.3,0.1009999999999999,20.0,47.0,0.9988,3.26,0.67,9.6,5,0,1,0.425531914893617,9.79,16.271186440677965,0.9055355457111701,0.9993490226476937
9.5,0.46,0.49,6.3,0.064,5.0,17.0,0.9988,3.21,0.73,11.0,6,0,1,0.29411764705882354,9.96,23.913043478260867,1.9685278949292042,-0.7805027242127093
9.3,0.715,0.24,2.1,0.07,5.0,20.0,0.9966,3.12,0.59,9.9,5,0,0,0.25,10.015,13.846153846153847,0.3100877788553739,-0.6731720323582244
11.2,0.66,0.24,2.5,0.085,16.0,53.0,0.9993,3.06,0.72,11.0,6,0,1,0.3018867924528302,11.86,16.666666666666664,1.8383088895431512,0.22232563941000272
14.3,0.31,0.74,1.8,0.075,6.0,15.0,1.0008,2.86,0.79,8.4,6,0,1,0.4,14.610000000000001,27.096774193548388,5.488070006751831,-1.0702537780406822
9.1,0.47,0.49,2.6,0.094,38.0,106.0,0.9982,3.08,0.59,9.1,5,0,1,0.3584905660377358,9.57,19.361702127659576,1.8771856490261332,2.5207066485518874
7.5,0.55,0.24,2.0,0.078,10.0,28.0,0.9983,3.45,0.78,9.5,6,0,0,0.35714285714285715,8.05,17.27272727272727,-0.22172983929930198,-0.11750484651108453
10.6,0.31,0.49,2.5,0.067,6.0,21.0,0.9987,3.26,0.86,10.7,6,0,1,0.2857142857142857,10.91,34.516129032258064,2.1688267573169115,-1.561805003828459
12.4,0.35,0.49,2.6,0.079,27.0,69.0,0.9994,3.12,0.75,10.4,6,0,1,0.391304347826087,12.75,29.71428571428572,3.1061340766917667,0.5230120749058091
9.0,0.53,0.49,1.9,0.171,6.0,25.0,0.9975,3.27,0.61,9.4,6,0,1,0.24,9.53,17.735849056603772,1.3239456466162054,-0.4713148445204556
6.8,0.51,0.01,2.1,0.074,9.0,25.0,0.9958,3.33,0.56,9.5,6,0,0,0.36,7.31,18.627450980392158,-1.4209904091177281,-0.28389312961766233
9.4,0.43,0.24,2.8,0.092,14.0,45.0,0.998,3.19,0.73,10.0,6,0,1,0.3111111111111111,9.83,23.25581395348837,1.1705695918527939,0.0359550808289229
9.5,0.46,0.24,2.7,0.092,14.0,44.0,0.998,3.12,0.74,10.0,6,0,1,0.3181818181818182,9.96,21.73913043478261,1.3635856155728843,0.035807149177826486
5.0,1.04,0.24,1.6,0.05,32.0,96.0,0.9934,3.74,0.62,11.5,5,0,0,0.3333333333333333,6.04,11.057692307692307,-4.0099097877896215,1.597064734952556
15.5,0.645,0.49,4.2,0.095,10.0,23.0,1.00315,2.92,0.74,11.1,5,0,1,0.43478260869565216,16.145,17.209302325581394,5.07179514041086,-0.33142632344332607
10.9,0.53,0.49,4.6,0.118,10.0,17.0,1.0002,3.07,0.56,11.7,6,0,1,0.5882352941176471,11.43,22.075471698113205,2.6913912316839514,-0.710543706978345
15.6,0.645,0.49,4.2,0.095,10.0,23.0,1.00315,2.92,0.74,11.1,5,0,1,0.43478260869565216,16.245,17.209302325581394,5.099745374155526,-0.33783172944885614
13.0,0.47,0.49,4.3,0.085,6.0,47.0,1.0021,3.3,0.68,12.7,6,0,1,0.1276595744680851,13.47,27.02127659574468,3.0313906615593385,-0.9276927365619608
12.7,0.6,0.49,2.8,0.075,5.0,19.0,0.9994,3.14,0.57,11.4,5,0,1,0.2631578947368421,13.299999999999999,19.0,2.429605707213725,-1.3507569982689662
9.0,0.44,0.49,2.4,0.078,26.0,121.0,0.9978,3.23,0.58,9.2,5,0,1,0.21487603305785125,9.44,20.909090909090907,1.3025224168733538,1.992955166356571
9.0,0.54,0.49,2.9,0.094,41.0,110.0,0.9982,3.08,0.61,9.2,5,0,1,0.37272727272727274,9.54,17.037037037037035,1.803606920025868,2.8582435861541486
7.6,0.29,0.49,2.7,0.092,25.0,60.0,0.9971,3.31,0.61,10.1,6,0,1,0.4166666666666667,7.89,34.827586206896555,0.7043096175414236,0.41390081486461994
8.7,0.7,0.24,2.5,0.226,5.0,15.0,0.9991,3.32,0.6,9.0,6,0,0,0.3333333333333333,9.399999999999999,12.857142857142858,0.9368489016731163,0.38363988863622184
9.8,0.5,0.49,2.6,0.25,5.0,20.0,0.999,3.31,0.79,10.7,6,0,1,0.25,10.3,21.4,2.318410896604244,-0.7270819743139603
6.2,0.36,0.24,2.2,0.095,19.0,42.0,0.9946,3.57,0.57,11.7,6,0,0,0.4523809523809524,6.5600000000000005,32.5,-1.915626851138296,-0.7651242800335729
11.5,0.35,0.49,3.3,0.07,10.0,37.0,1.0003,3.32,0.91,11.0,6,0,1,0.2702702702702703,11.85,31.42857142857143,2.6732171412215346,-0.8673192085953781
10.2,0.24,0.49,2.4,0.075,10.0,28.0,0.9978,3.14,0.61,10.4,5,0,1,0.35714285714285715,10.44,43.333333333333336,1.9929662992061141,-1.2421271424067055
10.5,0.59,0.49,2.1,0.07,14.0,47.0,0.9991,3.3,0.56,9.6,4,0,1,0.2978723404255319,11.09,16.271186440677965,1.406713128576114,0.20255410493689
10.6,0.34,0.49,3.2,0.078,20.0,78.0,0.9992,3.19,0.7,10.0,6,0,1,0.2564102564102564,10.94,29.41176470588235,2.4242361409103466,0.6793408424012322
12.3,0.27,0.49,3.1,0.079,28.0,46.0,0.9993,3.2,0.8,10.2,6,0,1,0.6086956521739131,12.57,37.77777777777777,3.05046270216919,0.19594205594995126
9.9,0.5,0.24,2.3,0.103,6.0,14.0,0.9978,3.34,0.52,10.0,4,0,1,0.42857142857142855,10.4,20.0,0.4207725247663525,-0.8318047526907827
8.8,0.44,0.49,2.8,0.083,18.0,111.0,0.9982,3.3,0.6,9.5,5,0,1,0.16216216216216217,9.24,21.59090909090909,1.194905164339163,1.4564718372982668
8.8,0.47,0.49,2.9,0.085,17.0,110.0,0.9982,3.29,0.6,9.8,5,0,1,0.15454545454545454,9.270000000000001,20.851063829787236,1.1713759481588797,1.3464613455173176
10.6,0.31,0.49,2.2,0.063,18.0,40.0,0.9976,3.14,0.51,9.8,6,0,1,0.45,10.91,31.612903225806456,1.8130855763535505,-0.39837963593877773
12.3,0.5,0.49,2.2,0.089,5.0,14.0,1.0002,3.19,0.44,9.6,5,0,1,0.35714285714285715,12.8,19.2,2.474070355415676,-0.8192183252574972
11.7,0.49,0.49,2.2,0.083,5.0,15.0,1.0,3.19,0.43,9.2,5,0,1,0.3333333333333333,12.19,18.77551020408163,2.281478629265688,-0.666996038267219
12.0,0.28,0.49,1.9,0.074,10.0,21.0,0.9976,2.98,0.66,9.9,7,1,1,0.47619047619047616,12.28,35.357142857142854,2.9267480515945845,-1.3651845143494896
11.8,0.33,0.49,3.4,0.093,54.0,80.0,1.0002,3.3,0.76,10.7,7,1,1,0.675,12.13,32.42424242424242,2.6906826832652833,2.2102002113623724
7.6,0.51,0.24,2.4,0.091,8.0,38.0,0.998,3.47,0.66,9.6,6,0,0,0.21052631578947367,8.11,18.823529411764707,-0.33738402797761397,-0.04058403466774214
11.1,0.31,0.49,2.7,0.094,16.0,47.0,0.9986,3.12,1.02,10.6,7,1,1,0.3404255319148936,11.41,34.193548387096776,3.077654044692746,-0.5761619263089786
7.3,0.73,0.24,1.9,0.108,18.0,102.0,0.9967,3.26,0.59,9.3,5,0,0,0.17647058823529413,8.03,12.739726027397262,-0.3788681363030187,1.8340151243031775
5.0,0.42,0.24,2.0,0.06,19.0,50.0,0.9917,3.72,0.74,14.0,8,1,0,0.38,5.42,33.333333333333336,-3.5317798913777203,-1.8547202584701579
10.2,0.29,0.49,2.6,0.059,5.0,13.0,0.9976,3.05,0.74,10.5,7,1,1,0.38461538461538464,10.489999999999998,36.20689655172414,2.2689378860720737,-1.7829479574775016
9.0,0.45,0.49,2.6,0.084,21.0,75.0,0.9987,3.35,0.57,9.7,5,0,1,0.28,9.45,21.555555555555554,1.0723649364692462,0.9497370622974246
6.6,0.39,0.49,1.7,0.07,23.0,149.0,0.9922,3.12,0.5,11.5,6,0,0,0.15436241610738255,6.989999999999999,29.487179487179485,-0.5973865293198506,0.7386524028705453
9.9,0.49,0.58,3.5,0.094,9.0,43.0,1.0004,3.29,0.58,9.0,5,0,1,0.20930232558139536,10.39,18.367346938775512,2.228919439931122,0.3913505608555373
7.9,0.72,0.17,2.6,0.096,20.0,38.0,0.9978,3.4,0.53,9.5,5,0,0,0.5263157894736842,8.620000000000001,13.194444444444445,-0.7002129271600288,1.0037202254048188
8.9,0.595,0.41,7.9,0.086,30.0,109.0,0.9998,3.27,0.57,9.3,5,0,1,0.27522935779816515,9.495000000000001,15.630252100840337,1.7213162203751984,3.48878087124675
12.4,0.4,0.51,2.0,0.059,6.0,24.0,0.9994,3.04,0.6,9.3,6,0,1,0.25,12.8,23.25,3.0685769019150055,-0.9261710118357699
11.9,0.58,0.58,1.9,0.071,5.0,18.0,0.998,3.09,0.63,10.0,6,0,1,0.2777777777777778,12.48,17.24137931034483,2.4276785582445157,-1.2587233370968625
8.5,0.585,0.18,2.1,0.078,5.0,30.0,0.9967,3.2,0.48,9.8,6,0,0,0.16666666666666666,9.085,16.752136752136753,-0.19886903559458055,-0.49085145155215
12.7,0.59,0.45,2.3,0.0819999999999999,11.0,22.0,1.0,3.0,0.7,9.3,6,0,1,0.5,13.29,15.762711864406782,3.2655171503089377,-0.24462021940861345
8.2,0.915,0.27,2.1,0.088,7.0,23.0,0.9962,3.26,0.47,10.0,4,0,0,0.30434782608695654,9.114999999999998,10.92896174863388,-0.7834442978949633,-0.17283907685496022
13.2,0.46,0.52,2.2,0.071,12.0,35.0,1.0006,3.1,0.56,9.0,6,0,1,0.34285714285714286,13.66,19.565217391304348,3.36145448922806,-0.06985076484382646
7.7,0.835,0.0,2.6,0.081,6.0,14.0,0.9975,3.3,0.52,9.3,5,0,0,0.42857142857142855,8.535,11.137724550898206,-1.1379474786889578,0.22377021454709012
8.3,0.58,0.13,2.9,0.096,14.0,63.0,0.9984,3.17,0.62,9.1,6,0,0,0.2222222222222222,8.88,15.689655172413794,0.5310563578106363,1.1790275737459703
8.3,0.6,0.13,2.6,0.085,6.0,24.0,0.9984,3.31,0.59,9.2,6,0,0,0.25,8.9,15.333333333333332,-0.05326814582138855,0.03611200951916594
9.4,0.41,0.48,4.6,0.072,10.0,20.0,0.9973,3.34,0.79,12.2,7,1,1,0.5,9.81,29.75609756097561,1.1103065693056915,-1.4721290750094296
8.8,0.48,0.41,3.3,0.092,26.0,52.0,0.9982,3.31,0.53,10.5,6,0,1,0.5,9.280000000000001,21.875,0.7202107167969733,0.7167624687400115
10.1,0.65,0.37,5.1,0.11,11.0,65.0,1.0026,3.32,0.64,10.4,6,0,1,0.16923076923076924,10.75,16.0,2.1371527083514907,1.3201637686217365
6.3,0.36,0.19,3.2,0.075,15.0,39.0,0.9956,3.56,0.52,12.7,6,0,0,0.38461538461538464,6.66,35.27777777777778,-1.931762246992002,-1.090076221127888
8.8,0.24,0.54,2.5,0.083,25.0,57.0,0.9983,3.39,0.54,9.2,5,0,1,0.43859649122807015,9.040000000000001,38.33333333333333,1.1789032100044097,0.6179819095746479
13.2,0.38,0.55,2.7,0.081,5.0,16.0,1.0006,2.98,0.54,9.4,5,0,1,0.3125,13.58,24.736842105263158,3.89624798891889,-0.9158271053486077
7.5,0.64,0.0,2.4,0.077,18.0,29.0,0.9965,3.32,0.6,10.0,6,0,0,0.6206896551724138,8.14,15.625,-1.212199343648618,0.3342134467855715
8.2,0.39,0.38,1.5,0.0579999999999999,10.0,29.0,0.9962,3.26,0.74,9.8,5,0,1,0.3448275862068966,8.59,25.128205128205128,0.3920299487535791,-1.0000354937253506
9.2,0.755,0.18,2.2,0.148,10.0,103.0,0.9969,2.87,1.36,10.2,6,0,1,0.0970873786407767,9.955,13.509933774834437,2.392005682490196,1.0179201624943721
9.6,0.6,0.5,2.3,0.079,28.0,71.0,0.9997,3.5,0.57,9.7,5,0,1,0.39436619718309857,10.2,16.166666666666668,0.7758322902155304,1.4640605799872062
11.5,0.31,0.51,2.2,0.079,14.0,28.0,0.9982,3.03,0.93,9.8,6,0,1,0.5,11.81,31.612903225806456,3.235093505545044,-0.8951949265150161
11.4,0.46,0.5,2.7,0.122,4.0,17.0,1.0006,3.13,0.7,10.2,5,0,1,0.23529411764705882,11.860000000000001,22.173913043478258,3.0690646049384283,-0.9102920158969771
11.3,0.37,0.41,2.3,0.088,6.0,16.0,0.9988,3.09,0.8,9.3,5,0,1,0.375,11.67,25.135135135135137,2.735261043184794,-0.9675089289812823
8.3,0.54,0.24,3.4,0.076,16.0,112.0,0.9976,3.27,0.61,9.4,5,0,0,0.14285714285714285,8.84,17.40740740740741,0.35328292951445994,1.8040180755215414
8.2,0.56,0.23,3.4,0.078,14.0,104.0,0.9976,3.28,0.62,9.4,5,0,0,0.1346153846153846,8.76,16.785714285714285,0.265995527700969,1.6146298027177173
10.0,0.58,0.22,1.9,0.08,9.0,32.0,0.9974,3.13,0.55,9.5,5,0,1,0.28125,10.58,16.379310344827587,0.7865820789614913,-0.250675734396992
7.9,0.51,0.25,2.9,0.077,21.0,45.0,0.9974,3.49,0.96,12.1,6,0,0,0.4666666666666667,8.41,23.72549019607843,-0.277289033102504,-0.35958059453102753
6.8,0.69,0.0,5.6,0.124,21.0,58.0,0.9997,3.46,0.72,10.2,5,0,0,0.3620689655172414,7.49,14.782608695652174,-0.5025026318521297,2.0739341873442743
8.8,0.6,0.29,2.2,0.098,5.0,15.0,0.9988,3.36,0.49,9.1,5,0,0,0.3333333333333333,9.4,15.166666666666666,0.2788572754150743,-0.24397533483720252
8.7,0.54,0.26,2.5,0.0969999999999999,7.0,31.0,0.9976,3.27,0.6,9.3,6,0,0,0.22580645161290322,9.239999999999998,17.22222222222222,0.4428118687142477,-0.13923864599054114
7.6,0.685,0.23,2.3,0.111,20.0,84.0,0.9964,3.21,0.61,9.3,5,0,0,0.23809523809523808,8.285,13.576642335766424,-0.12108100019158591,1.576415476491405
10.4,0.28,0.54,2.7,0.105,5.0,19.0,0.9988,3.25,0.63,9.5,5,0,1,0.2631578947368421,10.68,33.92857142857142,2.2980186964629117,-1.0487070020393146
7.6,0.41,0.14,3.0,0.087,21.0,43.0,0.9964,3.32,0.57,10.5,6,0,0,0.4883720930232558,8.01,25.60975609756098,-0.5600407917498387,0.20086784770183744
10.1,0.935,0.22,3.4,0.105,11.0,86.0,1.001,3.43,0.64,11.3,4,0,0,0.12790697674418605,11.035,12.085561497326204,0.49233015378032796,1.3888499960967144
7.9,0.35,0.21,1.9,0.073,46.0,102.0,0.9964,3.27,0.58,9.5,5,0,0,0.45098039215686275,8.25,27.142857142857146,-0.12688268113773765,2.4182522391917685
8.7,0.84,0.0,1.4,0.065,24.0,33.0,0.9954,3.27,0.55,9.7,5,0,0,0.7272727272727273,9.54,11.547619047619047,-1.4269880129378414,0.7065524410914917
9.6,0.88,0.28,2.4,0.086,30.0,147.0,0.9979,3.24,0.53,9.4,5,0,0,0.20408163265306123,10.48,10.681818181818182,0.34856550041953543,3.4065163356083588
9.5,0.885,0.27,2.3,0.084,31.0,145.0,0.9978,3.24,0.53,9.4,5,0,0,0.21379310344827587,10.385,10.621468926553673,0.24644889642820766,3.4077410522308482
7.7,0.915,0.12,2.2,0.143,7.0,23.0,0.9964,3.35,0.65,10.2,7,1,0,0.30434782608695654,8.615,11.147540983606556,-1.0031629125253188,0.03546765063609911
8.9,0.29,0.35,1.9,0.067,25.0,57.0,0.997,3.18,1.36,10.3,6,0,1,0.43859649122807015,9.19,35.51724137931035,1.976215891238479,-0.14627012968298223
9.9,0.54,0.45,2.3,0.071,16.0,40.0,0.9991,3.39,0.62,9.4,5,0,1,0.4,10.440000000000001,17.40740740740741,1.073925442558793,0.26896813344746745
9.5,0.59,0.44,2.3,0.071,21.0,68.0,0.9992,3.46,0.63,9.5,5,0,1,0.3088235294117647,10.09,16.10169491525424,0.7162621284560902,1.0795427891595524
7.8,0.64,0.1,6.0,0.115,5.0,11.0,0.9984,3.37,0.69,10.1,7,1,0,0.45454545454545453,8.44,15.78125,0.016773482056835605,0.19025586683196571
7.3,0.67,0.05,3.6,0.107,6.0,20.0,0.9972,3.4,0.63,10.1,5,0,0,0.3,7.97,15.07462686567164,-0.9720933034517107,-0.06021212591458337
8.3,0.845,0.01,2.2,0.07,5.0,14.0,0.9967,3.32,0.58,11.0,4,0,0,0.35714285714285715,9.145000000000001,13.017751479289942,-1.36721209287857,-0.7071664704422818
8.7,0.48,0.3,2.8,0.066,10.0,28.0,0.9964,3.33,0.67,11.2,7,1,1,0.35714285714285715,9.18,23.333333333333332,-0.026493519954735287,-1.0731958045530803
6.7,0.42,0.27,8.6,0.068,24.0,148.0,0.9948,3.16,0.57,11.3,6,0,0,0.16216216216216217,7.12,26.90476190476191,0.09986406737049716,2.566700719855522
10.7,0.43,0.39,2.2,0.106,8.0,32.0,0.9986,2.89,0.5,9.6,5,0,1,0.25,11.129999999999999,22.325581395348838,2.580896400813268,-0.4612417617819121
9.8,0.88,0.25,2.5,0.104,35.0,155.0,1.001,3.41,0.67,11.2,5,0,0,0.22580645161290322,10.680000000000001,12.727272727272727,0.5911529568133762,3.535875811839969
15.9,0.36,0.65,7.5,0.096,22.0,71.0,0.9976,2.98,0.84,14.9,5,0,1,0.30985915492957744,16.26,41.38888888888889,4.689642485683557,-1.0464280228265683
9.4,0.33,0.59,2.8,0.079,9.0,30.0,0.9976,3.12,0.54,12.0,6,0,1,0.3,9.73,36.36363636363636,1.687966052240461,-1.6665502407060806
8.6,0.47,0.47,2.4,0.074,7.0,29.0,0.9979,3.08,0.46,9.5,5,0,1,0.2413793103448276,9.07,20.21276595744681,1.2716985081946617,-0.5138875621082346
9.7,0.55,0.17,2.9,0.087,20.0,53.0,1.0004,3.14,0.61,9.4,5,0,1,0.37735849056603776,10.25,17.09090909090909,1.4511329141822797,1.248128482931444
12.0,0.5,0.59,1.4,0.073,23.0,42.0,0.998,2.92,0.68,10.5,7,1,1,0.5476190476190477,12.5,21.0,3.035169179551087,-0.3839873388019266
7.2,0.52,0.07,1.4,0.074,5.0,20.0,0.9973,3.32,0.81,9.6,6,0,0,0.25,7.720000000000001,18.46153846153846,-0.547057938910873,-0.6802880297309203
7.1,0.84,0.02,4.4,0.096,5.0,13.0,0.997,3.41,0.57,11.0,4,0,0,0.38461538461538464,7.9399999999999995,13.095238095238095,-1.5517257482425446,-0.16550922240300742
7.5,0.42,0.31,1.6,0.08,15.0,42.0,0.9978,3.31,0.64,9.0,5,0,0,0.35714285714285715,7.92,21.42857142857143,0.23235249346617246,0.21973316585488942
7.2,0.57,0.06,1.6,0.076,9.0,27.0,0.9972,3.36,0.7,9.6,6,0,0,0.3333333333333333,7.7700000000000005,16.842105263157894,-0.9060307812506715,-0.21567973446997116
10.1,0.28,0.46,1.8,0.05,5.0,13.0,0.9974,3.04,0.79,10.2,6,0,1,0.38461538461538464,10.379999999999999,36.42857142857142,2.1573362263785962,-1.8615361216306894
12.1,0.4,0.52,2.0,0.092,15.0,54.0,1.0,3.03,0.66,10.2,5,0,1,0.2777777777777778,12.5,25.499999999999996,3.3084571303542383,-0.14874123568572642
9.4,0.59,0.14,2.0,0.084,25.0,48.0,0.9981,3.14,0.56,9.7,5,0,0,0.5208333333333334,9.99,16.440677966101696,0.536595358734334,0.9647313464014344
8.3,0.49,0.36,1.8,0.222,6.0,16.0,0.998,3.18,0.6,9.5,6,0,1,0.375,8.790000000000001,19.387755102040817,1.411856081185164,-0.39499146493686244
11.3,0.34,0.45,2.0,0.0819999999999999,6.0,15.0,0.9988,2.94,0.66,9.2,6,0,1,0.4,11.64,27.05882352941176,3.0475551929526223,-1.0505710533790718
10.0,0.73,0.43,2.3,0.059,15.0,31.0,0.9966,3.15,0.57,11.0,5,0,1,0.4838709677419355,10.73,15.068493150684931,0.6623436689152143,-0.5627498397122105
6.9,0.4,0.24,2.5,0.083,30.0,45.0,0.9959,3.26,0.58,10.0,5,0,0,0.6666666666666666,7.300000000000001,25.0,-0.4544934207324798,0.6491500939853203
8.2,0.73,0.21,1.7,0.074,5.0,13.0,0.9968,3.2,0.52,9.5,5,0,0,0.38461538461538464,8.93,13.013698630136986,-0.3645155019234949,-0.5394574283304455
9.8,1.24,0.34,2.0,0.079,32.0,151.0,0.998,3.15,0.53,9.5,5,0,0,0.2119205298013245,11.040000000000001,7.661290322580645,0.27321789823351617,3.942027837415995
10.8,0.4,0.41,2.2,0.084,7.0,17.0,0.9984,3.08,0.67,9.3,6,0,1,0.4117647058823529,11.200000000000001,23.25,2.2817415793027083,-0.8598253185313961
9.3,0.41,0.39,2.2,0.064,12.0,31.0,0.9984,3.26,0.65,10.2,5,0,1,0.3870967741935484,9.71,24.878048780487806,1.0759032707764342,-0.6250526339665696
8.6,0.8,0.11,2.3,0.084,12.0,31.0,0.9979,3.4,0.48,9.9,5,0,0,0.3870967741935484,9.4,12.375,-0.918970678997347,0.4088814694765437
8.3,0.78,0.1,2.6,0.081,45.0,87.0,0.9983,3.48,0.53,10.0,5,0,0,0.5172413793103449,9.08,12.82051282051282,-1.0791403868809386,3.0336291084378204
10.8,0.26,0.45,3.3,0.06,20.0,49.0,0.9972,3.13,0.54,9.6,5,0,1,0.40816326530612246,11.06,36.92307692307692,1.9520174493397475,-0.000522146829958498
13.3,0.43,0.58,1.9,0.07,15.0,40.0,1.0004,3.06,0.49,9.0,5,0,1,0.375,13.73,20.930232558139537,3.5051664274766443,0.005971287686522547
8.0,0.45,0.23,2.2,0.094,16.0,29.0,0.9962,3.21,0.49,10.2,6,0,0,0.5517241379310345,8.45,22.666666666666664,-0.1521826902814124,-0.3338695028758774
8.5,0.46,0.31,2.25,0.078,32.0,58.0,0.998,3.33,0.54,9.8,5,0,0,0.5517241379310345,8.96,21.304347826086957,0.24565038765820293,1.1945332448901593
8.1,0.78,0.23,2.6,0.059,5.0,15.0,0.997,3.37,0.56,11.3,5,0,0,0.3333333333333333,8.879999999999999,14.487179487179487,-0.966822360137318,-0.9765441257452108
9.8,0.98,0.32,2.3,0.078,35.0,152.0,0.998,3.25,0.48,9.4,5,0,0,0.23026315789473684,10.780000000000001,9.591836734693878,0.23683570922103286,3.8343967324023933
7.1,0.65,0.18,1.8,0.07,13.0,40.0,0.997,3.44,0.6,9.1,5,0,0,0.325,7.75,13.999999999999998,-1.1192658998626446,0.4509817204492778
9.1,0.64,0.23,3.1,0.095,13.0,38.0,0.9998,3.28,0.59,9.7,5,0,1,0.34210526315789475,9.74,15.156249999999998,0.7723835606286028,0.6515118082385918
7.7,0.66,0.04,1.6,0.039,4.0,9.0,0.9962,3.4,0.47,9.4,5,0,0,0.4444444444444444,8.36,14.242424242424242,-1.7404713696062206,-0.7243863933716269
8.1,0.38,0.48,1.8,0.157,5.0,17.0,0.9976,3.3,1.05,9.4,5,0,1,0.29411764705882354,8.48,24.736842105263158,1.7489073402340796,-1.0026112776256662
7.4,1.185,0.0,4.25,0.0969999999999999,5.0,14.0,0.9966,3.63,0.54,10.7,3,0,0,0.35714285714285715,8.585,9.029535864978902,-2.7019675709665782,0.42120516018812726
9.2,0.92,0.24,2.6,0.087,12.0,93.0,0.9998,3.48,0.54,9.8,5,0,0,0.12903225806451613,10.12,10.652173913043478,-0.22285094328966118,1.832849390341016
8.6,0.49,0.51,2.0,0.422,16.0,62.0,0.9979,3.03,1.17,9.0,5,0,1,0.25806451612903225,9.09,18.367346938775512,4.066081849287843,1.305081285943874
9.0,0.48,0.32,2.8,0.084,21.0,122.0,0.9984,3.32,0.62,9.4,5,0,1,0.1721311475409836,9.48,19.583333333333336,0.8306172397211562,2.0347414126940118
9.0,0.47,0.31,2.7,0.084,24.0,125.0,0.9984,3.31,0.61,9.4,5,0,1,0.192,9.47,20.000000000000004,0.8206680151862678,2.2120298647245655
5.1,0.47,0.02,1.3,0.034,18.0,44.0,0.9921,3.9,0.62,12.8,6,0,0,0.4090909090909091,5.569999999999999,27.234042553191493,-4.753999345216046,-1.4178227219658968
7.0,0.65,0.02,2.1,0.066,8.0,25.0,0.9972,3.47,0.67,9.5,6,0,0,0.32,7.65,14.615384615384615,-1.5033397107179791,-0.02381381544997565
9.4,0.615,0.28,3.2,0.087,18.0,72.0,1.0001,3.31,0.53,9.7,5,0,1,0.25,10.015,15.772357723577235,0.8969135695366047,1.439996230001994
11.8,0.38,0.55,2.1,0.071,5.0,19.0,0.9986,3.11,0.62,10.8,6,0,1,0.2631578947368421,12.180000000000001,28.42105263157895,2.577992755316394,-1.6987156274501718
10.6,1.02,0.43,2.9,0.076,26.0,88.0,0.9984,3.08,0.57,10.1,6,0,1,0.29545454545454547,11.62,9.901960784313726,1.2973111721098727,2.0675878539587265
7.0,0.64,0.02,2.1,0.067,9.0,23.0,0.997,3.47,0.67,9.4,6,0,0,0.391304347826087,7.64,14.6875,-1.5213286215947008,-0.009153622701579848
7.5,0.38,0.48,2.6,0.073,22.0,84.0,0.9972,3.32,0.7,9.6,4,0,1,0.2619047619047619,7.88,25.263157894736842,0.6540465969122784,0.9331663549548795
9.1,0.765,0.04,1.6,0.078,4.0,14.0,0.998,3.29,0.54,9.7,4,0,0,0.2857142857142857,9.865,12.679738562091503,-0.549129135947821,-0.3793889965242455
8.4,1.035,0.15,6.0,0.073,11.0,54.0,0.999,3.37,0.49,9.9,5,0,0,0.2037037037037037,9.435,9.56521739130435,-0.5091911790142511,1.846916921271187
7.0,0.78,0.08,2.0,0.093,10.0,19.0,0.9956,3.4,0.47,10.0,5,0,0,0.5263157894736842,7.78,12.82051282051282,-1.9181564433912757,-0.14715421489982758
7.4,0.49,0.19,3.0,0.077,16.0,37.0,0.9966,3.37,0.51,10.5,5,0,0,0.43243243243243246,7.890000000000001,21.42857142857143,-0.830559610602997,-0.03590407636921393
7.8,0.545,0.12,2.5,0.068,11.0,35.0,0.996,3.34,0.61,11.6,6,0,0,0.3142857142857143,8.345,21.284403669724767,-1.0490843922486581,-0.8308696067073097
9.7,0.31,0.47,1.6,0.062,13.0,33.0,0.9983,3.27,0.66,10.0,6,0,1,0.3939393939393939,10.01,32.25806451612903,1.4263136378539867,-0.8335630313874552
10.6,1.025,0.43,2.8,0.08,21.0,84.0,0.9985,3.06,0.57,10.1,5,0,1,0.25,11.625,9.853658536585366,1.383241893030531,1.765820749402117
8.9,0.565,0.34,3.0,0.093,16.0,112.0,0.9998,3.38,0.61,9.5,5,0,1,0.14285714285714285,9.465,16.8141592920354,0.8939866483518661,1.9344542996497245
8.7,0.69,0.0,3.2,0.084,13.0,33.0,0.9992,3.36,0.45,9.4,5,0,0,0.3939393939393939,9.389999999999999,13.623188405797103,-0.5202668177994718,0.9214519366176884
8.0,0.43,0.36,2.3,0.075,10.0,48.0,0.9976,3.34,0.46,9.4,5,0,0,0.20833333333333334,8.43,21.86046511627907,0.106975772351966,0.01567401171328345
9.9,0.74,0.28,2.6,0.078,21.0,77.0,0.998,3.28,0.51,9.8,5,0,0,0.2727272727272727,10.64,13.243243243243244,0.3785474984698956,1.4104158883550095
7.2,0.49,0.18,2.7,0.069,13.0,34.0,0.9967,3.29,0.48,9.2,6,0,0,0.38235294117647056,7.69,18.77551020408163,-0.6233144485788774,0.21702213850057878
7.6,0.46,0.11,2.6,0.079,12.0,49.0,0.9968,3.21,0.57,10.0,5,0,0,0.24489795918367346,8.06,21.73913043478261,-0.29082704490475586,0.10466401740424058
8.4,0.56,0.04,2.0,0.0819999999999999,10.0,22.0,0.9976,3.22,0.44,9.6,5,0,0,0.45454545454545453,8.96,17.142857142857142,-0.4432388930073728,-0.11190748624933072
7.1,0.66,0.0,3.9,0.086,17.0,45.0,0.9976,3.46,0.54,9.5,5,0,0,0.37777777777777777,7.76,14.393939393939393,-1.346771540622454,1.2482433763366563
8.9,0.48,0.24,2.85,0.094,35.0,106.0,0.9982,3.1,0.53,9.2,5,0,1,0.330188679245283,9.38,19.166666666666664,1.0917891123503094,2.62641494141959
7.6,0.42,0.08,2.7,0.084,15.0,48.0,0.9968,3.21,0.59,10.0,5,0,0,0.3125,8.02,23.80952380952381,-0.2562071370066375,0.22244692758289095
7.1,0.31,0.3,2.2,0.053,36.0,127.0,0.9965,2.94,1.62,9.5,5,0,1,0.28346456692913385,7.409999999999999,30.64516129032258,2.4009209926666664,1.9518919866446196
7.5,1.115,0.1,3.1,0.086,5.0,12.0,0.9958,3.54,0.6,11.2,4,0,0,0.4166666666666667,8.615,10.044843049327353,-2.3861697867085714,-0.3420724341651649
9.0,0.66,0.17,3.0,0.077,5.0,13.0,0.9976,3.29,0.55,10.4,5,0,0,0.38461538461538464,9.66,15.757575757575758,-0.1459950518439963,-0.6728467643969551
8.1,0.72,0.09,2.8,0.084,18.0,49.0,0.9994,3.43,0.72,11.1,6,0,0,0.3673469387755102,8.82,15.416666666666666,-0.4954109768563373,0.6904815013383442
6.4,0.57,0.02,1.8,0.067,4.0,11.0,0.997,3.46,0.68,9.5,5,0,0,0.36363636363636365,6.970000000000001,16.666666666666668,-1.5966856954171265,-0.6223341151704918
6.4,0.865,0.03,3.2,0.071,27.0,58.0,0.995,3.61,0.49,12.7,6,0,0,0.46551724137931033,7.265000000000001,14.68208092485549,-3.2798143558169746,0.636211126745646
9.5,0.55,0.66,2.3,0.387,12.0,37.0,0.9982,3.17,0.67,9.6,5,0,1,0.32432432432432434,10.05,17.454545454545453,3.316030872456598,0.527171609741072
8.9,0.875,0.13,3.45,0.088,4.0,14.0,0.9994,3.44,0.52,11.5,5,0,0,0.2857142857142857,9.775,13.142857142857142,-0.6706349029442664,-0.4090546444971835
7.3,0.835,0.03,2.1,0.092,10.0,19.0,0.9966,3.39,0.47,9.6,5,0,0,0.5263157894736842,8.135,11.497005988023952,-1.7370333925153747,0.24375459164166197
7.0,0.45,0.34,2.7,0.0819999999999999,16.0,72.0,0.998,3.55,0.6,9.5,5,0,0,0.2222222222222222,7.45,21.11111111111111,-0.48672734656540206,0.8936150461079321
7.7,0.56,0.2,2.0,0.075,9.0,39.0,0.9987,3.48,0.62,9.3,5,0,0,0.23076923076923078,8.26,16.607142857142858,-0.48774466770470853,0.22506777430850652
7.7,0.965,0.1,2.1,0.1119999999999999,11.0,22.0,0.9963,3.26,0.5,9.5,5,0,0,0.5,8.665000000000001,9.844559585492227,-1.1772072091533463,0.5014818492863627
8.2,0.59,0.0,2.5,0.093,19.0,58.0,1.0002,3.5,0.65,9.3,6,0,0,0.3275862068965517,8.79,15.762711864406782,-0.43312710581644315,1.5274496746635753
9.0,0.46,0.23,2.8,0.092,28.0,104.0,0.9983,3.1,0.56,9.2,5,0,1,0.2692307692307692,9.46,19.999999999999996,1.18696430171137,2.208351492087486
9.0,0.69,0.0,2.4,0.088,19.0,38.0,0.999,3.35,0.6,9.3,5,0,0,0.5,9.69,13.478260869565219,-0.2886353674590142,1.117060431808736
8.3,0.76,0.29,4.2,0.075,12.0,16.0,0.9965,3.45,0.68,11.5,6,0,0,0.75,9.06,15.131578947368421,-0.7084861442273382,-0.5561697250079642
9.2,0.53,0.24,2.6,0.078,28.0,139.0,0.99788,3.21,0.57,9.5,5,0,0,0.2014388489208633,9.729999999999999,17.92452830188679,0.7106722141678063,2.6598558374701162
6.5,0.615,0.0,1.9,0.065,9.0,18.0,0.9972,3.46,0.65,9.2,5,0,0,0.5,7.115,14.959349593495935,-1.646615224887829,-0.020311295540437087
11.6,0.41,0.58,2.8,0.096,25.0,101.0,1.00024,3.13,0.53,10.0,5,0,1,0.24752475247524752,12.01,24.390243902439025,3.0176374499821392,1.4511705086675386
11.1,0.39,0.54,2.7,0.095,21.0,101.0,1.0001,3.13,0.51,9.5,5,0,1,0.2079207920792079,11.49,24.358974358974358,2.7997562869302803,1.4436567681168575
7.3,0.51,0.18,2.1,0.07,12.0,28.0,0.99768,3.52,0.73,9.5,6,0,0,0.42857142857142855,7.81,18.627450980392158,-0.8005459983089506,-0.08238599051839982
8.2,0.34,0.38,2.5,0.08,12.0,57.0,0.9978,3.3,0.47,9.0,6,0,1,0.21052631578947367,8.54,26.470588235294116,0.5896932429699672,0.3227893786531909
8.6,0.33,0.4,2.6,0.083,16.0,68.0,0.99782,3.3,0.48,9.4,5,0,1,0.23529411764705882,8.93,28.484848484848484,0.7631466663865188,0.528054453498744
7.2,0.5,0.18,2.1,0.071,12.0,31.0,0.99761,3.52,0.72,9.6,6,0,0,0.3870967741935484,7.7,19.2,-0.8480972821282459,-0.07935764428515635
8.3,0.65,0.1,2.9,0.089,17.0,40.0,0.99803,3.29,0.55,9.5,5,0,0,0.425,8.950000000000001,14.615384615384615,-0.2612924949839307,0.8698937355174239
7.6,0.54,0.13,2.5,0.0969999999999999,24.0,66.0,0.99785,3.39,0.61,9.4,5,0,0,0.36363636363636365,8.14,17.40740740740741,-0.459952904444862,1.464888953836186
7.8,0.48,0.68,1.7,0.415,14.0,32.0,0.99656,3.09,1.06,9.1,6,0,1,0.4375,8.28,18.958333333333332,3.5443376154308437,0.3523768401885859
7.8,0.91,0.07,1.9,0.0579999999999999,22.0,47.0,0.99525,3.51,0.43,10.7,6,0,0,0.46808510638297873,8.709999999999999,11.758241758241757,-2.5702103249627557,0.6781381887824437
6.3,0.98,0.01,2.0,0.057,15.0,33.0,0.99488,3.6,0.46,11.2,6,0,0,0.45454545454545453,7.279999999999999,11.428571428571429,-3.5630448130015884,0.11726258169788314
8.1,0.87,0.0,2.2,0.084,10.0,31.0,0.99656,3.25,0.5,9.8,5,0,0,0.3225806451612903,8.969999999999999,11.264367816091955,-1.2268600304225392,0.3816325619468108
8.8,0.42,0.21,2.5,0.092,33.0,88.0,0.99823,3.19,0.52,9.2,5,0,0,0.375,9.22,21.904761904761905,0.7465131319964592,2.098556624844339
9.0,0.58,0.25,2.8,0.075,9.0,104.0,0.99779,3.23,0.57,9.7,5,0,0,0.08653846153846154,9.58,16.724137931034484,0.526221860547257,1.145842865982944
9.3,0.655,0.26,2.0,0.096,5.0,35.0,0.99738,3.25,0.42,9.6,5,0,0,0.14285714285714285,9.955,14.65648854961832,0.12895606250522537,-0.20509313593529246
8.8,0.7,0.0,1.7,0.069,8.0,19.0,0.99701,3.31,0.53,10.0,6,0,0,0.42105263157894735,9.5,14.285714285714286,-0.9874584391112521,-0.38076260382206173
9.1,0.68,0.11,2.8,0.093,11.0,44.0,0.99888,3.31,0.55,9.5,6,0,0,0.25,9.78,13.970588235294116,0.0926431795612259,0.7288647749369863
9.2,0.67,0.1,3.0,0.091,12.0,48.0,0.99888,3.31,0.54,9.5,6,0,0,0.25,9.87,14.17910447761194,0.10863904748752987,0.8664990381061435
8.8,0.59,0.18,2.9,0.089,12.0,74.0,0.99738,3.14,0.54,9.4,5,0,0,0.16216216216216217,9.39,15.93220338983051,0.4839267472835024,0.9830644996971781
7.5,0.6,0.32,2.7,0.103,13.0,98.0,0.99938,3.45,0.62,9.5,5,0,0,0.1326530612244898,8.1,15.833333333333334,0.14061802340070317,1.6237652692762832
7.1,0.59,0.02,2.3,0.0819999999999999,24.0,94.0,0.99744,3.55,0.53,9.7,6,0,0,0.2553191489361702,7.6899999999999995,16.440677966101696,-1.6749531101961788,1.9337810270250786
7.9,0.72,0.01,1.9,0.076,7.0,32.0,0.99668,3.39,0.54,9.6,5,0,0,0.21875,8.620000000000001,13.333333333333334,-1.4152638815624645,0.034407148741198594
9.4,0.685,0.26,2.4,0.0819999999999999,23.0,143.0,0.9978,3.28,0.55,9.4,5,0,0,0.16083916083916083,10.085,13.722627737226277,0.3880568037863567,2.699260149857538
9.5,0.57,0.27,2.3,0.0819999999999999,23.0,144.0,0.99782,3.27,0.55,9.4,5,0,0,0.1597222222222222,10.07,16.491228070175442,0.6141351113186172,2.513116629284889
7.9,0.4,0.29,1.8,0.157,1.0,44.0,0.9973,3.3,0.92,9.5,6,0,1,0.022727272727272728,8.3,23.75,0.9905401268859795,-0.5714584902888802
7.9,0.4,0.3,1.8,0.157,2.0,45.0,0.99727,3.31,0.91,9.5,6,0,1,0.044444444444444446,8.3,23.75,0.9634284044753376,-0.5134296622419046
7.2,1.0,0.0,3.0,0.102,7.0,16.0,0.99586,3.43,0.46,10.0,5,0,0,0.4375,8.2,10.0,-2.2436999193708473,0.2726300021788427
6.9,0.765,0.18,2.4,0.243,5.5,48.0,0.99612,3.4,0.6,10.3,6,0,0,0.11458333333333333,7.665,13.4640522875817,-0.6908654459750024,0.4152883861150545
6.9,0.635,0.17,2.4,0.241,6.0,18.0,0.9961,3.4,0.59,10.3,6,0,0,0.3333333333333333,7.535,16.22047244094488,-0.6054567269967266,-0.2709490385454248
8.3,0.43,0.3,3.4,0.079,7.0,34.0,0.99788,3.36,0.61,10.5,5,0,1,0.20588235294117646,8.73,24.41860465116279,0.2688379284004378,-0.5635938133934724
7.1,0.52,0.03,2.6,0.076,21.0,92.0,0.99745,3.5,0.6,9.8,5,0,0,0.22826086956521738,7.619999999999999,18.846153846153847,-1.314111173051021,1.6160158233807025
7.0,0.57,0.0,2.0,0.19,12.0,45.0,0.99676,3.31,0.6,9.4,6,0,0,0.26666666666666666,7.57,16.491228070175442,-0.63077170694005,0.7266709653047914
6.5,0.46,0.14,2.4,0.114,9.0,37.0,0.99732,3.66,0.65,9.8,5,0,0,0.24324324324324326,6.96,21.304347826086957,-1.4432737166217886,-0.02593436775875523
9.0,0.82,0.05,2.4,0.081,26.0,96.0,0.99814,3.36,0.53,10.0,5,0,0,0.2708333333333333,9.82,12.195121951219512,-0.7117909200311807,2.2552816194747227
7.1,0.59,0.01,2.5,0.077,20.0,85.0,0.99746,3.55,0.59,9.8,5,0,0,0.23529411764705882,7.6899999999999995,16.610169491525426,-1.6198800298344738,1.55803754860093
9.9,0.35,0.41,2.3,0.083,11.0,61.0,0.9982,3.21,0.5,9.5,5,0,1,0.18032786885245902,10.25,27.142857142857146,1.4538292559715928,0.05005091084443156
10.0,0.56,0.24,2.2,0.079,19.0,58.0,0.9991,3.18,0.56,10.1,6,0,1,0.3275862068965517,10.56,18.035714285714285,1.053889103955036,0.676579853122432
8.6,0.63,0.17,2.9,0.099,21.0,119.0,0.998,3.09,0.52,9.3,5,0,0,0.17647058823529413,9.23,14.761904761904763,0.678879320997322,2.428464250313365
7.4,0.37,0.43,2.6,0.0819999999999999,18.0,82.0,0.99708,3.33,0.68,9.7,6,0,1,0.21951219512195122,7.7700000000000005,26.216216216216214,0.47251990689378254,0.7117494138987495
8.8,0.64,0.17,2.9,0.084,25.0,130.0,0.99818,3.23,0.54,9.6,5,0,0,0.19230769230769232,9.440000000000001,15.0,0.2927228368850221,2.683192832359721
7.1,0.61,0.02,2.5,0.081,17.0,87.0,0.99745,3.48,0.6,9.7,6,0,0,0.19540229885057472,7.71,15.901639344262295,-1.3720858906955402,1.5100128460602869
7.7,0.6,0.0,2.6,0.055,7.0,13.0,0.99639,3.38,0.56,10.8,5,0,0,0.5384615384615384,8.3,18.000000000000004,-1.513389353068225,-0.8759497868567895
10.1,0.27,0.54,2.3,0.065,7.0,26.0,0.99531,3.17,0.53,12.5,6,0,1,0.2692307692307692,10.37,46.29629629629629,1.0407843407129214,-2.519595767381397
10.8,0.89,0.3,2.6,0.132,7.0,60.0,0.99786,2.99,1.18,10.2,5,0,1,0.11666666666666667,11.690000000000001,11.46067415730337,2.470182044494465,0.34076320790715
8.7,0.46,0.31,2.5,0.126,24.0,64.0,0.99746,3.1,0.74,9.6,5,0,1,0.375,9.16,20.8695652173913,1.420361102269634,1.0042242163007686
9.3,0.37,0.44,1.6,0.038,21.0,42.0,0.99526,3.24,0.81,10.8,7,1,1,0.5,9.67,29.189189189189193,0.6344727698822992,-0.9310351658147672
9.4,0.5,0.34,3.6,0.0819999999999999,5.0,14.0,0.9987,3.29,0.52,10.7,6,0,1,0.35714285714285715,9.9,21.4,0.813770056708054,-0.9056353951485291
7.2,0.61,0.08,4.0,0.0819999999999999,26.0,108.0,0.99641,3.25,0.51,9.4,5,0,0,0.24074074074074073,7.8100000000000005,15.40983606557377,-0.7041868112385803,2.535478273008828
8.6,0.55,0.09,3.3,0.068,8.0,17.0,0.99735,3.23,0.44,10.0,5,0,0,0.47058823529411764,9.15,18.18181818181818,-0.31306881650775537,-0.3520827920666738
5.1,0.585,0.0,1.7,0.044,14.0,86.0,0.99264,3.56,0.94,12.9,7,1,0,0.16279069767441862,5.685,22.051282051282055,-3.267679199488958,-0.6809354806126717
7.7,0.56,0.08,2.5,0.114,14.0,46.0,0.9971,3.24,0.66,9.6,6,0,0,0.30434782608695654,8.26,17.142857142857142,-0.17782964602322301,0.5523334892953512
8.4,0.52,0.22,2.7,0.084,4.0,18.0,0.99682,3.26,0.57,9.9,6,0,0,0.2222222222222222,8.92,19.03846153846154,0.002251565940993131,-0.7995981532015803
8.2,0.28,0.4,2.4,0.052,4.0,10.0,0.99356,3.33,0.7,12.8,7,1,1,0.4,8.479999999999999,45.714285714285715,-0.5004049158877839,-3.091712524593536
8.4,0.25,0.39,2.0,0.0409999999999999,4.0,10.0,0.99386,3.27,0.71,12.5,7,1,1,0.4,8.65,50.0,-0.2341275205992705,-3.096714391871935
7.4,0.53,0.12,1.9,0.165,4.0,12.0,0.99702,3.26,0.86,9.2,5,0,0,0.3333333333333333,7.930000000000001,17.358490566037734,0.2824455759710204,-0.4782172976378175
7.6,0.48,0.31,2.8,0.07,4.0,15.0,0.99693,3.22,0.55,10.3,6,0,0,0.26666666666666666,8.08,21.458333333333336,0.0546940394537596,-1.0812117386973017
7.3,0.49,0.1,2.6,0.068,4.0,14.0,0.99562,3.3,0.47,10.5,5,0,0,0.2857142857142857,7.79,21.42857142857143,-1.2120877945272377,-1.1471087842325955
12.9,0.5,0.55,2.8,0.072,7.0,24.0,1.00012,3.09,0.68,10.9,6,0,1,0.2916666666666667,13.4,21.8,3.256583606509809,-1.1467517280627857
10.8,0.45,0.33,2.5,0.099,20.0,38.0,0.99818,3.24,0.71,10.8,5,0,1,0.5263157894736842,11.25,24.0,1.5062322133828838,-0.22434200581794783
6.9,0.39,0.24,2.1,0.102,4.0,7.0,0.99462,3.44,0.58,11.4,4,0,0,0.5714285714285714,7.29,29.23076923076923,-1.3191030581225456,-1.994592547420423
12.6,0.41,0.54,2.8,0.103,19.0,41.0,0.99939,3.21,0.76,11.3,6,0,1,0.4634146341463415,13.01,27.560975609756103,2.9698753943272016,-0.5543016991154303
9.8,0.51,0.19,3.2,0.081,8.0,30.0,0.9984,3.23,0.58,10.5,6,0,1,0.26666666666666666,10.31,20.588235294117645,0.7430183504918799,-0.4292652772575901
10.8,0.29,0.42,1.6,0.084,19.0,27.0,0.99545,3.28,0.73,11.9,6,0,1,0.7037037037037037,11.09,41.03448275862069,0.9867126971943161,-1.7273281848493178
7.1,0.715,0.0,2.35,0.071,21.0,47.0,0.99632,3.29,0.45,9.4,5,0,0,0.44680851063829785,7.8149999999999995,13.146853146853148,-1.5469539956520497,1.1553245189014143
9.1,0.66,0.15,3.2,0.0969999999999999,9.0,59.0,0.99976,3.28,0.54,9.6,5,0,0,0.15254237288135594,9.76,14.545454545454545,0.5361400210201167,0.9827050999506856
7.0,0.685,0.0,1.9,0.099,9.0,22.0,0.99606,3.34,0.6,9.7,5,0,0,0.4090909090909091,7.6850000000000005,14.160583941605838,-1.469606264246323,-0.10014415156234718
4.9,0.42,0.0,2.1,0.048,16.0,42.0,0.99154,3.71,0.74,14.0,7,1,0,0.38095238095238093,5.32,33.333333333333336,-4.176640826271386,-1.9769093056895761
6.7,0.54,0.13,2.0,0.076,15.0,36.0,0.9973,3.61,0.64,9.8,5,0,0,0.4166666666666667,7.24,18.14814814814815,-1.6102567280590148,0.19619893575723862
7.1,0.48,0.28,2.8,0.068,6.0,16.0,0.99682,3.24,0.53,10.3,5,0,0,0.375,7.58,21.458333333333336,-0.2778380805884593,-0.9221121911879068
7.1,0.46,0.14,2.8,0.076,15.0,37.0,0.99624,3.36,0.49,10.7,5,0,0,0.40540540540540543,7.56,23.260869565217387,-1.1134683928170226,-0.22186789618545233
7.5,0.27,0.34,2.3,0.05,4.0,8.0,0.9951,3.4,0.64,11.0,7,1,0,0.5,7.77,40.74074074074074,-0.6153790869032164,-2.1907296533085687
7.8,0.57,0.09,2.3,0.065,34.0,45.0,0.99417,3.46,0.74,12.7,8,1,0,0.7555555555555555,8.37,22.280701754385966,-1.8825839588967863,-0.1868987094407704
5.9,0.61,0.08,2.1,0.071,16.0,24.0,0.99376,3.56,0.77,11.1,6,0,0,0.6666666666666666,6.510000000000001,18.19672131147541,-2.6204593012534705,-0.7244721691520555
7.5,0.685,0.07,2.5,0.0579999999999999,5.0,9.0,0.99632,3.38,0.55,10.9,4,0,0,0.5555555555555556,8.185,15.912408759124087,-1.5519323647599714,-1.009843328789567
10.4,0.44,0.42,1.5,0.145,34.0,48.0,0.99832,3.38,0.86,9.9,3,0,1,0.7083333333333334,10.84,22.5,1.6467686185618204,0.8265810142700581
11.6,0.47,0.44,1.6,0.147,36.0,51.0,0.99836,3.38,0.86,9.9,4,0,1,0.7058823529411765,12.07,21.063829787234045,2.0160573274801883,0.9568970213397822
8.8,0.685,0.26,1.6,0.088,16.0,23.0,0.99694,3.32,0.47,9.4,5,0,0,0.6956521739130435,9.485000000000001,13.722627737226277,-0.3595477600982925,0.11852993204872328
7.6,0.665,0.1,1.5,0.066,27.0,55.0,0.99655,3.39,0.51,9.3,5,0,0,0.4909090909090909,8.265,13.984962406015038,-1.3554402885249175,1.2857606216158823
6.7,0.28,0.28,2.4,0.012,36.0,100.0,0.99064,3.26,0.39,11.7,7,1,0,0.36,6.98,41.78571428571428,-2.097862743855964,0.2649811414585973
10.1,0.31,0.35,1.6,0.075,9.0,28.0,0.99672,3.24,0.83,11.2,7,1,1,0.32142857142857145,10.41,36.12903225806451,1.1875213780831246,-1.709018699432938
6.0,0.5,0.04,2.2,0.092,13.0,26.0,0.99647,3.46,0.47,10.0,5,0,0,0.5,6.5,20.0,-1.8990660861451591,-0.06558640731614493
11.1,0.42,0.47,2.65,0.085,9.0,34.0,0.99736,3.24,0.77,12.1,7,1,1,0.2647058823529412,11.52,28.80952380952381,1.7093216831302496,-1.6244769173823557
6.6,0.66,0.0,3.0,0.115,21.0,31.0,0.99629,3.45,0.63,10.3,5,0,0,0.6774193548387096,7.26,15.606060606060606,-1.6752333320496005,0.6646368008989819
10.6,0.5,0.45,2.6,0.119,34.0,68.0,0.99708,3.23,0.72,10.9,6,0,1,0.5,11.1,21.8,1.5687183871788293,0.8675288081043795
7.1,0.685,0.35,2.0,0.088,9.0,92.0,0.9963,3.28,0.62,9.4,5,0,0,0.09782608695652174,7.785,13.722627737226277,-0.2913184727027406,0.9458169664980903
9.9,0.25,0.46,1.7,0.062,26.0,42.0,0.9959,3.18,0.83,10.6,6,0,1,0.6190476190476191,10.15,42.4,1.4668512677272936,-0.6939248553365166
6.4,0.64,0.21,1.8,0.081,14.0,31.0,0.99689,3.59,0.66,9.8,5,0,0,0.45161290322580644,7.04,15.3125,-1.6362892298682787,0.0883115321366557
7.4,0.68,0.16,1.8,0.078,12.0,39.0,0.9977,3.5,0.7,9.9,6,0,0,0.3076923076923077,8.08,14.558823529411764,-1.051729627516074,0.20501419438723698
6.4,0.63,0.21,1.6,0.08,12.0,32.0,0.99689,3.58,0.66,9.8,5,0,0,0.375,7.03,15.555555555555557,-1.6132527579549454,-0.045669140672812795
9.3,0.43,0.44,1.9,0.085,9.0,22.0,0.99708,3.28,0.55,9.5,5,0,1,0.4090909090909091,9.73,22.093023255813954,0.8216171355923311,-0.8040325763908037
8.0,0.42,0.32,2.5,0.08,26.0,122.0,0.99801,3.22,1.07,9.7,5,0,1,0.21311475409836064,8.42,23.095238095238095,1.4042559526376792,1.8843379679226175
9.3,0.36,0.39,1.5,0.08,41.0,55.0,0.99652,3.47,0.73,10.9,6,0,1,0.7454545454545455,9.66,30.27777777777778,0.1477631421142283,0.5403222356905837
7.6,0.735,0.02,2.5,0.071,10.0,14.0,0.99538,3.51,0.71,11.7,7,1,0,0.7142857142857143,8.334999999999999,15.918367346938775,-2.0790345931739544,-0.9984132115282137
8.2,0.26,0.34,2.5,0.073,16.0,47.0,0.99594,3.4,0.78,11.3,7,1,1,0.3404255319148936,8.459999999999999,43.46153846153846,0.0775032174023379,-0.9456590516599235
11.7,0.28,0.47,1.7,0.054,17.0,32.0,0.99686,3.15,0.67,10.6,7,1,1,0.53125,11.979999999999999,37.857142857142854,1.9811872074210803,-1.2378233536483572
6.8,0.56,0.22,1.8,0.074,15.0,24.0,0.99438,3.4,0.82,11.2,6,0,0,0.625,7.359999999999999,19.999999999999996,-1.3356277057274268,-1.041944683353924
7.2,0.62,0.06,2.7,0.077,15.0,85.0,0.99746,3.51,0.54,9.5,5,0,0,0.17647058823529413,7.82,15.32258064516129,-1.4079568468311123,1.4742945569090062
5.8,1.01,0.66,2.0,0.039,15.0,88.0,0.99357,3.66,0.6,11.5,6,0,0,0.17045454545454544,6.81,11.386138613861386,-2.496499388152057,0.26187398773175824
7.5,0.42,0.32,2.7,0.067,7.0,25.0,0.99628,3.24,0.44,10.4,5,0,0,0.28,7.92,24.761904761904763,-0.2559384027276536,-0.961091004792325
7.2,0.62,0.06,2.5,0.078,17.0,84.0,0.99746,3.51,0.53,9.7,5,0,0,0.20238095238095238,7.82,15.64516129032258,-1.465493804882964,1.4513325309924907
7.2,0.635,0.07,2.6,0.077,16.0,86.0,0.99748,3.51,0.54,9.7,5,0,0,0.18604651162790697,7.835,15.275590551181102,-1.4326032612852662,1.4657013078450283
6.8,0.49,0.22,2.3,0.071,13.0,24.0,0.99438,3.41,0.83,11.3,6,0,0,0.5416666666666666,7.29,23.06122448979592,-1.2277919849098649,-1.2061481628709103
6.9,0.51,0.23,2.0,0.072,13.0,22.0,0.99438,3.4,0.84,11.2,6,0,0,0.5909090909090909,7.41,21.960784313725487,-1.1757458492593813,-1.241032603164536
7.6,0.63,0.03,2.0,0.08,27.0,43.0,0.99578,3.44,0.64,10.9,6,0,0,0.627906976744186,8.23,17.3015873015873,-1.6660863708215576,0.4743681887582158
7.7,0.715,0.01,2.1,0.064,31.0,43.0,0.99371,3.41,0.57,11.8,6,0,0,0.7209302325581395,8.415000000000001,16.503496503496507,-2.413939825037916,0.21497732561042893
6.9,0.56,0.03,1.5,0.086,36.0,46.0,0.99522,3.53,0.57,10.6,5,0,0,0.782608695652174,7.460000000000001,18.928571428571427,-2.2560269487144398,0.9011498068252887
7.3,0.35,0.24,2.0,0.067,28.0,48.0,0.99576,3.43,0.54,10.0,4,0,0,0.5833333333333334,7.6499999999999995,28.571428571428573,-0.9641245214579189,0.36924209095473853
9.1,0.21,0.37,1.6,0.067,6.0,10.0,0.99552,3.23,0.58,11.1,7,1,1,0.6,9.31,52.857142857142854,0.45958634352202377,-2.321815891442094
10.4,0.38,0.46,2.1,0.104,6.0,10.0,0.99664,3.12,0.65,11.8,7,1,1,0.6,10.780000000000001,31.05263157894737,1.6003596921908019,-2.180302602944671
8.8,0.31,0.4,2.8,0.109,7.0,16.0,0.99614,3.31,0.79,11.8,7,1,1,0.4375,9.110000000000001,38.06451612903226,0.7543805178867456,-1.9507621502420127
7.1,0.47,0.0,2.2,0.067,7.0,14.0,0.99517,3.4,0.58,10.9,4,0,0,0.5,7.569999999999999,23.19148936170213,-1.7923100491235215,-1.2492802729657748
8.8,0.61,0.19,4.0,0.094,30.0,69.0,0.99787,3.22,0.5,10.0,6,0,0,0.43478260869565216,9.41,16.39344262295082,0.3165048806469673,1.8600700361202287
7.2,0.6,0.04,2.5,0.076,18.0,88.0,0.99745,3.53,0.55,9.5,5,0,0,0.20454545454545456,7.8,15.833333333333334,-1.50149356801599,1.6169567966732026
9.2,0.56,0.18,1.6,0.078,10.0,21.0,0.99576,3.15,0.49,9.9,5,0,0,0.47619047619047616,9.76,17.678571428571427,-0.09100124809529937,-0.728641565757004
7.6,0.715,0.0,2.1,0.068,30.0,35.0,0.99533,3.48,0.65,11.4,6,0,0,0.8571428571428571,8.315,15.944055944055945,-2.1545207026205486,0.3771497936715785
8.4,0.31,0.29,3.1,0.1939999999999999,14.0,26.0,0.99536,3.22,0.78,12.0,6,0,1,0.5384615384615384,8.71,38.70967741935484,0.8340906561411796,-1.212523378133251
8.9,0.75,0.14,2.5,0.086,9.0,30.0,0.99824,3.34,0.64,10.5,5,0,0,0.3,9.65,14.0,-0.25176692247558696,-0.06748152501391379
9.0,0.8,0.12,2.4,0.083,8.0,28.0,0.99836,3.33,0.65,10.4,6,0,0,0.2857142857142857,9.8,13.0,-0.28005472063895004,-0.042849579008136
10.7,0.52,0.38,2.6,0.066,29.0,56.0,0.99577,3.15,0.79,12.1,7,1,1,0.5178571428571429,11.219999999999999,23.269230769230766,1.0996786333279174,-0.27828517713498596
6.8,0.57,0.0,2.5,0.072,32.0,64.0,0.99491,3.43,0.56,11.2,6,0,0,0.5,7.37,19.649122807017545,-2.1595130634340496,0.939692715384332
10.7,0.9,0.34,6.6,0.1119999999999999,23.0,99.0,1.00289,3.22,0.68,9.3,5,0,1,0.23232323232323232,11.6,10.333333333333334,2.6007421806724507,3.5595126988870787
7.2,0.34,0.24,2.0,0.071,30.0,52.0,0.99576,3.44,0.58,10.1,5,0,0,0.5769230769230769,7.54,29.705882352941174,-0.9425875397981739,0.48835880424585565
7.2,0.66,0.03,2.3,0.078,16.0,86.0,0.99743,3.53,0.57,9.7,5,0,0,0.18604651162790697,7.86,14.696969696969695,-1.6092240391940464,1.4696247248705792
10.1,0.45,0.23,1.9,0.0819999999999999,10.0,18.0,0.99774,3.22,0.65,9.3,6,0,1,0.5555555555555556,10.549999999999999,20.666666666666668,0.9815800338773778,-0.5630080507383437
7.2,0.63,0.03,2.2,0.08,17.0,88.0,0.99745,3.53,0.58,9.8,6,0,0,0.19318181818181818,7.83,15.555555555555557,-1.5633178139607284,1.4575847301514668
7.1,0.59,0.01,2.3,0.08,27.0,43.0,0.9955,3.42,0.58,10.7,6,0,0,0.627906976744186,7.6899999999999995,18.135593220338983,-1.8386798815192325,0.5735476494342946
8.3,0.31,0.39,2.4,0.078,17.0,43.0,0.99444,3.31,0.77,12.5,7,1,1,0.3953488372093023,8.610000000000001,40.32258064516129,-0.038447572378447384,-1.570891557452208
8.3,1.02,0.02,3.4,0.084,6.0,11.0,0.99892,3.48,0.49,11.0,3,0,0,0.5454545454545454,9.32,10.784313725490195,-1.523212273366627,0.10012081770947436
8.9,0.31,0.36,2.6,0.0559999999999999,10.0,39.0,0.99562,3.4,0.69,11.8,5,0,1,0.2564102564102564,9.21,38.06451612903226,-0.05782357121411939,-1.5876687982362783
7.4,0.635,0.1,2.4,0.08,16.0,33.0,0.99736,3.58,0.69,10.8,7,1,0,0.48484848484848486,8.035,17.007874015748033,-1.4952269223511783,0.015416161146820944
6.8,0.59,0.06,6.0,0.06,11.0,18.0,0.9962,3.41,0.59,10.8,7,1,0,0.6111111111111112,7.39,18.305084745762713,-1.3354032757575787,-0.019663145298052572
9.2,0.58,0.2,3.0,0.081,15.0,115.0,0.998,3.23,0.59,9.5,5,0,0,0.13043478260869565,9.78,16.379310344827587,0.6034897378204874,1.8021356386328617
7.2,0.54,0.27,2.6,0.084,12.0,78.0,0.9964,3.39,0.71,11.0,5,0,0,0.15384615384615385,7.74,20.37037037037037,-0.5789955910302398,0.17344975838467064
6.1,0.56,0.0,2.2,0.079,6.0,9.0,0.9948,3.59,0.54,11.5,6,0,0,0.6666666666666666,6.66,20.535714285714285,-2.8870396614424014,-1.4064144616575014
7.4,0.52,0.13,2.4,0.078,34.0,61.0,0.99528,3.43,0.59,10.8,6,0,0,0.5573770491803278,7.92,20.76923076923077,-1.4451152703371508,0.9521127121471034
7.3,0.305,0.39,1.2,0.059,7.0,11.0,0.99331,3.29,0.52,11.5,6,0,0,0.6363636363636364,7.6049999999999995,37.704918032786885,-0.963197213222165,-2.505837949687061
9.3,0.38,0.48,3.8,0.132,3.0,11.0,0.99577,3.23,0.57,13.2,6,0,1,0.2727272727272727,9.680000000000001,34.73684210526316,0.8706557692882079,-2.4840810277007015
9.1,0.28,0.46,9.0,0.114,3.0,9.0,0.99901,3.18,0.6,10.9,6,0,1,0.3333333333333333,9.379999999999999,38.92857142857142,2.4524664908839235,-0.5271867737347133
10.0,0.46,0.44,2.9,0.065,4.0,8.0,0.99674,3.33,0.62,12.2,6,0,1,0.5,10.46,26.52173913043478,0.5805298186152861,-2.237130612537724
9.4,0.395,0.46,4.6,0.094,3.0,10.0,0.99639,3.27,0.64,12.2,7,1,1,0.3,9.795,30.886075949367086,0.9723718848133472,-2.0018874673475104
8.6,0.315,0.4,2.2,0.079,3.0,6.0,0.99512,3.27,0.67,11.9,6,0,1,0.5,8.915,37.77777777777778,0.2138998100673755,-2.6095617292547453
5.3,0.715,0.19,1.5,0.161,7.0,62.0,0.99395,3.62,0.61,11.0,5,0,0,0.11290322580645161,6.015,15.384615384615385,-2.6296954379060566,-0.15485347408523414
6.8,0.41,0.31,8.8,0.084,26.0,45.0,0.99824,3.38,0.64,10.1,6,0,0,0.5777777777777777,7.21,24.634146341463417,0.5335647730460213,1.764053990903554
8.4,0.36,0.32,2.2,0.081,32.0,79.0,0.9964,3.3,0.72,11.0,6,0,1,0.4050632911392405,8.76,30.555555555555557,0.28689604060705515,0.7006617219624083
8.4,0.62,0.12,1.8,0.072,38.0,46.0,0.99504,3.38,0.89,11.8,6,0,0,0.8260869565217391,9.02,19.03225806451613,-1.0063586276899879,0.36388958696868345
9.6,0.41,0.37,2.3,0.091,10.0,23.0,0.99786,3.24,0.56,10.5,5,0,1,0.43478260869565216,10.01,25.60975609756098,1.0145625481596314,-0.9252715426182827
8.6,0.47,0.27,2.3,0.055,14.0,28.0,0.99516,3.18,0.8,11.2,5,0,1,0.5,9.07,23.829787234042552,0.14219508789446889,-1.175861642797345
8.6,0.22,0.36,1.9,0.064,53.0,77.0,0.99604,3.47,0.87,11.0,7,1,1,0.6883116883116883,8.82,50.0,0.1258100703216651,1.252515098133268
9.4,0.24,0.33,2.3,0.061,52.0,73.0,0.99786,3.47,0.9,10.2,6,0,1,0.7123287671232876,9.64,42.5,0.789780115414479,1.7127682958916046
8.4,0.67,0.19,2.2,0.093,11.0,75.0,0.99736,3.2,0.59,9.2,4,0,0,0.14666666666666667,9.07,13.731343283582088,0.16119216258293617,1.0341015955584814
8.7,0.33,0.38,3.3,0.063,10.0,19.0,0.99468,3.3,0.73,12.0,7,1,1,0.5263157894736842,9.03,36.36363636363636,0.11230217069531871,-1.968793285953183
6.6,0.61,0.01,1.9,0.08,8.0,25.0,0.99746,3.69,0.73,10.5,5,0,0,0.32,7.21,17.21311475409836,-2.1426292305329326,-0.4053133771407617
7.4,0.61,0.01,2.0,0.074,13.0,38.0,0.99748,3.48,0.65,9.8,5,0,0,0.34210526315789475,8.01,16.065573770491806,-1.3671704661396225,0.3007287005398511
7.6,0.4,0.29,1.9,0.078,29.0,66.0,0.9971,3.45,0.59,9.5,6,0,0,0.4393939393939394,8.0,23.75,-0.42083702142407264,1.0930309567957202
8.8,0.3,0.38,2.3,0.06,19.0,72.0,0.99543,3.39,0.72,11.8,6,0,1,0.2638888888888889,9.100000000000001,39.333333333333336,0.010695091379352314,-0.6765637850646196
12.0,0.63,0.5,1.4,0.071,6.0,26.0,0.99791,3.07,0.6,10.4,4,0,1,0.23076923076923078,12.63,16.50793650793651,2.108416403347853,-1.1776315080350284
7.2,0.38,0.38,2.8,0.068,23.0,42.0,0.99356,3.34,0.72,12.9,7,1,0,0.5476190476190477,7.58,33.94736842105263,-0.8666695973641423,-1.306832679684064
6.2,0.46,0.17,1.6,0.073,7.0,11.0,0.99425,3.61,0.54,11.4,5,0,0,0.6363636363636364,6.66,24.782608695652172,-2.573467588351253,-1.767299642871264
9.6,0.33,0.52,2.2,0.074,13.0,25.0,0.99509,3.36,0.76,12.4,7,1,1,0.52,9.93,37.57575757575758,0.5477572474705773,-2.158550111616949
9.9,0.27,0.49,5.0,0.0819999999999999,9.0,17.0,0.99484,3.19,0.52,12.5,7,1,1,0.5294117647058824,10.17,46.29629629629629,1.0240529086885857,-2.0585957167984406
10.1,0.43,0.4,2.6,0.092,13.0,52.0,0.99834,3.22,0.64,10.0,7,1,1,0.25,10.53,23.25581395348837,1.587875144607542,-0.02823860570870179
9.8,0.5,0.34,2.3,0.094,10.0,45.0,0.99864,3.24,0.6,9.7,7,1,1,0.2222222222222222,10.3,19.4,1.227941072871183,-0.00912996531834809
8.3,0.3,0.49,3.8,0.09,11.0,24.0,0.99498,3.27,0.64,12.1,7,1,1,0.4583333333333333,8.600000000000001,40.333333333333336,0.47593652175101864,-1.752837404625328
10.2,0.44,0.42,2.0,0.071,7.0,20.0,0.99566,3.14,0.79,11.1,7,1,1,0.35,10.639999999999999,25.227272727272727,1.2457909855069982,-1.8332474162957932
10.2,0.44,0.58,4.1,0.092,11.0,24.0,0.99745,3.29,0.99,12.0,7,1,1,0.4583333333333333,10.639999999999999,27.272727272727273,2.0606742599906847,-1.4462886244693125
8.3,0.28,0.48,2.1,0.093,6.0,12.0,0.99408,3.26,0.62,12.4,7,1,1,0.5,8.58,44.285714285714285,0.09845359658717757,-2.7353335052347254
8.9,0.12,0.45,1.8,0.075,10.0,21.0,0.99552,3.41,0.76,11.9,7,1,1,0.47619047619047616,9.02,99.16666666666667,0.4294657697221446,-2.41929088552788
8.2,0.31,0.4,2.2,0.0579999999999999,6.0,10.0,0.99536,3.31,0.68,11.2,7,1,1,0.6,8.51,36.12903225806451,0.041845781900556676,-2.1431126762088737
10.2,0.34,0.48,2.1,0.052,5.0,9.0,0.99458,3.2,0.69,12.1,7,1,1,0.5555555555555556,10.54,35.588235294117645,0.7844231278879485,-2.8256886074752137
7.6,0.43,0.4,2.7,0.0819999999999999,6.0,11.0,0.99538,3.44,0.54,12.2,6,0,0,0.5454545454545454,8.03,28.37209302325581,-0.8109600321256554,-2.077801162550453
8.5,0.21,0.52,1.9,0.09,9.0,23.0,0.99648,3.36,0.67,10.4,5,0,1,0.391304347826087,8.71,49.523809523809526,0.8209114394785866,-1.5650293798015167
9.0,0.36,0.52,2.1,0.111,5.0,10.0,0.99568,3.31,0.62,11.3,6,0,1,0.5,9.36,31.388888888888893,0.6742968807642147,-2.1189213181705524
9.5,0.37,0.52,2.0,0.088,12.0,51.0,0.99613,3.29,0.58,11.1,6,0,1,0.23529411764705882,9.87,30.0,0.8347189809802206,-1.020724115934816
6.4,0.57,0.12,2.3,0.12,25.0,36.0,0.99519,3.47,0.71,11.3,7,1,0,0.6944444444444444,6.970000000000001,19.824561403508774,-1.660303602113164,0.08497782996198214
8.0,0.59,0.05,2.0,0.089,12.0,32.0,0.99735,3.36,0.61,10.0,5,0,0,0.375,8.59,16.949152542372882,-0.7816334289731491,0.007950258540307955
8.5,0.47,0.27,1.9,0.0579999999999999,18.0,38.0,0.99518,3.16,0.85,11.1,6,0,1,0.47368421052631576,8.97,23.617021276595747,0.2352522020332532,-0.8396472377653644
7.1,0.56,0.14,1.6,0.078,7.0,18.0,0.99592,3.27,0.62,9.3,5,0,0,0.3888888888888889,7.66,16.607142857142858,-0.8233653157344581,-0.5580103117067553
6.6,0.57,0.02,2.1,0.115,6.0,16.0,0.99654,3.38,0.69,9.5,5,0,0,0.375,7.17,16.666666666666668,-1.1542094248067454,-0.3318978425103639
8.8,0.27,0.39,2.0,0.1,20.0,27.0,0.99546,3.15,0.69,11.2,6,0,1,0.7407407407407407,9.07,41.481481481481474,0.8821613859294051,-1.1707680775307685
8.3,0.34,0.4,2.4,0.065,24.0,48.0,0.99554,3.34,0.86,11.0,6,0,1,0.5,8.64,32.35294117647059,0.31974126280710125,-0.4719964845990976
9.0,0.38,0.41,2.4,0.103,6.0,10.0,0.99604,3.13,0.58,11.9,7,1,1,0.6,9.38,31.315789473684212,0.8480721420383877,-2.0894612553383323
8.5,0.66,0.2,2.1,0.0969999999999999,23.0,113.0,0.99733,3.13,0.48,9.2,5,0,0,0.20353982300884957,9.16,13.939393939393938,0.2805652633013639,2.272842084612475
9.0,0.4,0.43,2.4,0.068,29.0,46.0,0.9943,3.2,0.6,12.2,6,0,1,0.6304347826086957,9.4,30.499999999999996,0.13642253927333067,-0.7499662212219385
6.7,0.56,0.09,2.9,0.079,7.0,22.0,0.99669,3.46,0.61,10.2,5,0,0,0.3181818181818182,7.26,18.21428571428571,-1.411536510560574,-0.4265014133275068
10.4,0.26,0.48,1.9,0.066,6.0,10.0,0.99724,3.33,0.87,10.9,6,0,1,0.6,10.66,41.92307692307692,1.5649088040675392,-2.1715986877830487
10.1,0.38,0.5,2.4,0.104,6.0,13.0,0.99643,3.22,0.65,11.6,7,1,1,0.46153846153846156,10.48,30.52631578947368,1.335337269973661,-2.038287110971139
8.5,0.34,0.44,1.7,0.079,6.0,12.0,0.99605,3.52,0.63,10.7,5,0,1,0.5,8.84,31.470588235294112,-0.2515559612381458,-1.8560773679852396
8.8,0.33,0.41,5.9,0.073,7.0,13.0,0.99658,3.3,0.62,12.1,7,1,1,0.5384615384615384,9.13,36.666666666666664,0.739299271442762,-1.5332076706554747
7.2,0.41,0.3,2.1,0.083,35.0,72.0,0.997,3.44,0.52,9.4,5,0,0,0.4861111111111111,7.61,22.926829268292686,-0.5714856916157529,1.6194486502730785
8.4,0.59,0.29,2.6,0.109,31.0,119.0,0.99801,3.15,0.5,9.1,5,0,0,0.2605042016806723,8.99,15.423728813559322,0.7732174739746608,2.8328866838268625
7.0,0.4,0.32,3.6,0.061,9.0,29.0,0.99416,3.28,0.49,11.3,7,1,0,0.3103448275862069,7.4,28.25,-0.8900646000126835,-1.2621210938509797
12.2,0.45,0.49,1.4,0.075,3.0,6.0,0.9969,3.13,0.63,10.4,5,0,1,0.5,12.649999999999999,23.11111111111111,2.0388660890376524,-2.069688667811025
9.1,0.5,0.3,1.9,0.065,8.0,17.0,0.99774,3.32,0.71,10.5,6,0,1,0.47058823529411764,9.6,21.0,0.402555778784512,-1.1043551765483026
9.5,0.86,0.26,1.9,0.079,13.0,28.0,0.99712,3.25,0.62,10.0,5,0,0,0.4642857142857143,10.36,11.627906976744185,0.0031966870087524134,0.05569259089567838
7.3,0.52,0.32,2.1,0.07,51.0,70.0,0.99418,3.34,0.82,12.9,6,0,0,0.7285714285714285,7.82,24.807692307692307,-0.9797976564394749,0.729751667593296
7.4,0.58,0.0,2.0,0.064,7.0,11.0,0.99562,3.45,0.58,11.3,6,0,0,0.6363636363636364,7.98,19.48275862068966,-1.9810854165719036,-1.2899379794157242
9.8,0.34,0.39,1.4,0.066,3.0,7.0,0.9947,3.19,0.55,11.4,7,1,1,0.42857142857142855,10.14,33.529411764705884,0.37762923291793177,-2.62688061337333
7.1,0.36,0.3,1.6,0.08,35.0,70.0,0.99693,3.44,0.5,9.4,5,0,0,0.5,7.46,26.111111111111114,-0.6429417788230265,1.4176311455082966
7.7,0.39,0.12,1.7,0.0969999999999999,19.0,27.0,0.99596,3.16,0.49,9.4,5,0,0,0.7037037037037037,8.09,24.102564102564102,-0.2831333242574228,-0.017525359074436
9.7,0.295,0.4,1.5,0.073,14.0,21.0,0.99556,3.14,0.51,10.9,6,0,1,0.6666666666666666,9.995,36.949152542372886,0.782686983174358,-1.5743495932233451
7.1,0.34,0.28,2.0,0.0819999999999999,31.0,68.0,0.99694,3.45,0.48,9.4,5,0,0,0.45588235294117646,7.4399999999999995,27.64705882352941,-0.6648835306932592,1.2559928522766193
6.5,0.4,0.1,2.0,0.076,30.0,47.0,0.99554,3.36,0.48,9.4,6,0,0,0.6382978723404256,6.9,23.5,-1.4190777386932718,0.9266671846706664
10.0,0.35,0.45,2.5,0.092,20.0,88.0,0.99918,3.15,0.43,9.4,5,0,1,0.22727272727272727,10.35,26.85714285714286,1.930156244371475,1.1582982739317726
7.7,0.6,0.06,2.0,0.079,19.0,41.0,0.99697,3.39,0.62,10.1,6,0,0,0.4634146341463415,8.3,16.833333333333332,-1.065981433848139,0.41969905918376854
5.6,0.66,0.0,2.2,0.087,3.0,11.0,0.99378,3.71,0.63,12.8,7,1,0,0.2727272727272727,6.26,19.393939393939394,-3.681533613316192,-1.952159110986635
8.9,0.84,0.34,1.4,0.05,4.0,10.0,0.99554,3.12,0.48,9.1,6,0,0,0.4,9.74,10.833333333333334,-0.19014897980401813,-0.7334766563984793
6.4,0.69,0.0,1.65,0.055,7.0,12.0,0.99162,3.47,0.53,12.9,6,0,0,0.5833333333333334,7.09,18.695652173913047,-3.6211590980533215,-2.201385482171865
7.5,0.43,0.3,2.2,0.062,6.0,12.0,0.99495,3.44,0.72,11.5,7,1,0,0.5,7.93,26.74418604651163,-0.9605298557118009,-1.9656784343144433
9.9,0.35,0.38,1.5,0.0579999999999999,31.0,47.0,0.99676,3.26,0.82,10.6,7,1,1,0.6595744680851063,10.25,30.28571428571429,1.0401050760429011,-0.08284862938202384
9.1,0.29,0.33,2.05,0.063,13.0,27.0,0.99516,3.26,0.84,11.7,7,1,1,0.48148148148148145,9.389999999999999,40.3448275862069,0.44534395854577746,-1.8146531596217688
6.8,0.36,0.32,1.8,0.067,4.0,8.0,0.9928,3.36,0.55,12.8,7,1,0,0.5,7.16,35.55555555555556,-1.6480250323925967,-2.963160964878604
8.2,0.43,0.29,1.6,0.081,27.0,45.0,0.99603,3.25,0.54,10.3,5,0,0,0.6,8.629999999999999,23.953488372093027,-0.13908905766620827,0.1775646858107319
9.1,0.3,0.34,2.0,0.064,12.0,25.0,0.99516,3.26,0.84,11.7,7,1,1,0.48,9.4,39.0,0.4553484199902704,-1.8972244809903833
8.9,0.35,0.4,3.6,0.11,12.0,24.0,0.99549,3.23,0.7,12.0,7,1,1,0.5,9.25,34.285714285714285,0.7505066380860207,-1.4969240030942028
9.6,0.5,0.36,2.8,0.1159999999999999,26.0,55.0,0.99722,3.18,0.68,10.9,5,0,1,0.4727272727272727,10.1,21.8,1.2007667273205453,0.4428532404178979
8.9,0.28,0.45,1.7,0.067,7.0,12.0,0.99354,3.25,0.55,12.3,7,1,1,0.5833333333333334,9.18,43.92857142857142,-0.13606082697601635,-2.8472143000201826
8.9,0.32,0.31,2.0,0.088,12.0,19.0,0.9957,3.17,0.55,10.4,6,0,1,0.631578947368421,9.22,32.5,0.48704810102987084,-1.227560604234795
7.7,1.005,0.15,2.1,0.102,11.0,32.0,0.99604,3.23,0.48,10.0,5,0,0,0.34375,8.705,9.950248756218906,-1.1962055319207061,0.45586850045415656
7.5,0.71,0.0,1.6,0.092,22.0,31.0,0.99635,3.38,0.58,10.0,6,0,0,0.7096774193548387,8.21,14.084507042253522,-1.55776804781932,0.5585277329449996
8.0,0.58,0.16,2.0,0.12,3.0,7.0,0.99454,3.22,0.58,11.2,6,0,0,0.42857142857142855,8.58,19.310344827586206,-0.74353791557673,-1.6718757301418095
10.5,0.39,0.46,2.2,0.075,14.0,27.0,0.99598,3.06,0.84,11.4,6,0,1,0.5185185185185185,10.89,29.23076923076923,1.8561354554786953,-1.5391937755066252
8.9,0.38,0.4,2.2,0.068,12.0,28.0,0.99486,3.27,0.75,12.6,7,1,1,0.42857142857142855,9.280000000000001,33.1578947368421,0.1554222793335541,-2.056965560342658
8.0,0.18,0.37,0.9,0.049,36.0,109.0,0.99007,2.89,0.44,12.7,6,0,1,0.3302752293577982,8.18,70.55555555555556,-0.4640888808183524,-0.5158438095182187
7.0,0.5,0.14,1.8,0.078,10.0,23.0,0.99636,3.53,0.61,10.4,5,0,0,0.43478260869565216,7.5,20.8,-1.5417861810403815,-0.7221035199289612
11.3,0.36,0.66,2.4,0.123,3.0,8.0,0.99642,3.2,0.53,11.9,6,0,1,0.375,11.66,33.05555555555556,2.005551249980639,-2.5304921484386003
7.0,0.51,0.09,2.1,0.062,4.0,9.0,0.99584,3.35,0.54,10.5,5,0,0,0.4444444444444444,7.51,20.588235294117645,-1.421322692115262,-1.2744684110639082
8.2,0.32,0.42,2.3,0.098,3.0,9.0,0.99506,3.27,0.55,12.3,6,0,1,0.3333333333333333,8.52,38.4375,0.006121160178567679,-2.5904930939163284
7.7,0.58,0.01,1.8,0.088,12.0,18.0,0.99568,3.32,0.56,10.5,7,1,0,0.6666666666666666,8.28,18.10344827586207,-1.3498053998537352,-0.6125637595988667
8.6,0.83,0.0,2.8,0.095,17.0,43.0,0.99822,3.33,0.6,10.4,6,0,0,0.3953488372093023,9.43,12.530120481927712,-0.7297702242038642,0.9249243802218727
7.9,0.31,0.32,1.9,0.066,14.0,36.0,0.99364,3.41,0.56,12.6,6,0,0,0.3888888888888889,8.21,40.64516129032258,-1.1922053641195596,-1.9445988184743224
6.4,0.795,0.0,2.2,0.065,28.0,52.0,0.99378,3.49,0.52,11.6,5,0,0,0.5384615384615384,7.195,14.591194968553458,-3.1412534317769905,0.5557885951629876
7.2,0.34,0.21,2.5,0.075,41.0,68.0,0.99586,3.37,0.54,10.1,6,0,0,0.6029411764705882,7.54,29.705882352941174,-0.7907288662708067,1.4508423880793502
7.1,0.59,0.0,2.1,0.091,9.0,14.0,0.99488,3.42,0.55,11.5,7,1,0,0.6428571428571429,7.6899999999999995,19.491525423728813,-2.087158254479666,-1.173231310824908
7.3,0.55,0.01,1.8,0.093,9.0,15.0,0.99514,3.35,0.58,11.0,7,1,0,0.6,7.85,20.0,-1.621609542154413,-1.07693184470065
8.1,0.82,0.0,4.1,0.095,5.0,14.0,0.99854,3.36,0.53,9.6,5,0,0,0.35714285714285715,8.92,11.707317073170731,-0.7663653477177799,0.44172954194430775
7.5,0.57,0.08,2.6,0.089,14.0,27.0,0.99592,3.3,0.59,10.4,6,0,0,0.5185185185185185,8.07,18.245614035087723,-0.9752197818684192,-0.21666174175501596
8.9,0.745,0.18,2.5,0.077,15.0,48.0,0.99739,3.2,0.47,9.7,6,0,0,0.3125,9.645,13.020134228187919,-0.12282206710724913,0.7200133113578159
10.1,0.37,0.34,2.4,0.085,5.0,17.0,0.99683,3.17,0.65,10.6,7,1,1,0.29411764705882354,10.469999999999999,28.64864864864865,1.2301005288551727,-1.5353909906913965
7.6,0.31,0.34,2.5,0.0819999999999999,26.0,35.0,0.99356,3.22,0.59,12.5,7,1,0,0.7428571428571429,7.909999999999999,40.32258064516129,-0.5445152651089281,-1.2067187772941528
7.3,0.91,0.1,1.8,0.074,20.0,56.0,0.99672,3.35,0.56,9.2,5,0,0,0.35714285714285715,8.209999999999999,10.10989010989011,-1.4441146814497756,1.4645634399139775
8.7,0.41,0.41,6.2,0.078,25.0,42.0,0.9953,3.24,0.77,12.6,7,1,1,0.5952380952380952,9.11,30.731707317073173,0.7189318530886127,-0.3494428619316772
8.9,0.5,0.21,2.2,0.088,21.0,39.0,0.99692,3.33,0.83,11.1,6,0,1,0.5384615384615384,9.4,22.2,0.16840818834800705,-0.25182188274399736
7.4,0.965,0.0,2.2,0.088,16.0,32.0,0.99756,3.58,0.67,10.2,5,0,0,0.5,8.365,10.569948186528498,-2.0719331086021517,0.8169491718798407
6.9,0.49,0.19,1.7,0.079,13.0,26.0,0.99547,3.38,0.64,9.8,6,0,0,0.5,7.390000000000001,20.000000000000004,-1.0945489540489663,-0.48464878340504
9.5,0.39,0.41,8.9,0.069,18.0,39.0,0.99859,3.29,0.81,10.9,7,1,1,0.46153846153846156,9.89,27.94871794871795,2.0009341161953342,0.6524551095006713
6.4,0.39,0.33,3.3,0.046,12.0,53.0,0.99294,3.36,0.62,12.2,6,0,0,0.22641509433962265,6.79,31.282051282051277,-1.4890360756750842,-1.3043577833649342
6.9,0.44,0.0,1.4,0.07,32.0,38.0,0.99438,3.32,0.58,11.4,6,0,0,0.8421052631578947,7.340000000000001,25.90909090909091,-1.8958061998009699,-0.05865053661092952
7.6,0.78,0.0,1.7,0.076,33.0,45.0,0.99612,3.31,0.62,10.7,6,0,0,0.7333333333333333,8.379999999999999,13.717948717948717,-1.5552809549819855,1.1114458734539752
7.1,0.43,0.17,1.8,0.0819999999999999,27.0,51.0,0.99634,3.49,0.64,10.4,5,0,0,0.5294117647058824,7.529999999999999,24.186046511627907,-1.1868461825583017,0.45719232576306346
9.3,0.49,0.36,1.7,0.081,3.0,14.0,0.99702,3.27,0.78,10.9,6,0,1,0.21428571428571427,9.790000000000001,22.244897959183675,0.7224240018699251,-1.7309800373198139
9.3,0.5,0.36,1.8,0.084,6.0,17.0,0.99704,3.27,0.77,10.8,6,0,1,0.35294117647058826,9.8,21.6,0.7292968614855981,-1.448408101471494
8.5,0.46,0.59,1.4,0.414,16.0,45.0,0.99702,3.03,1.34,9.2,5,0,1,0.35555555555555557,8.96,19.999999999999996,4.197274315619704,0.5447185665690875
5.6,0.605,0.05,2.4,0.073,19.0,25.0,0.99258,3.56,0.55,12.9,5,0,0,0.76,6.205,21.32231404958678,-3.5024553817463904,-1.2120809658507428
8.3,0.33,0.42,2.3,0.07,9.0,20.0,0.99426,3.38,0.77,12.7,7,1,1,0.45,8.63,38.484848484848484,-0.305560095270467,-2.488509314974234
8.2,0.64,0.27,2.0,0.095,5.0,77.0,0.99747,3.13,0.62,9.1,6,0,0,0.06493506493506493,8.84,14.21875,0.6167651603399843,0.6883856737754565
8.9,0.48,0.53,4.0,0.1009999999999999,3.0,10.0,0.99586,3.21,0.59,12.1,7,1,1,0.3,9.38,25.208333333333332,0.8561070634496016,-1.9970852633710374
7.6,0.42,0.25,3.9,0.104,28.0,90.0,0.99784,3.15,0.57,9.1,5,0,0,0.3111111111111111,8.02,21.666666666666668,0.8274463277648287,2.1834219466038167
9.9,0.53,0.57,2.4,0.093,30.0,52.0,0.9971,3.19,0.76,11.6,7,1,1,0.5769230769230769,10.43,21.886792452830186,1.5779901603467064,0.014098581665065231
11.6,0.23,0.57,1.8,0.074,3.0,8.0,0.9981,3.14,0.7,9.9,6,0,1,0.375,11.83,43.04347826086956,2.7661490611609594,-2.0129376979351394
9.1,0.4,0.5,1.8,0.071,7.0,16.0,0.99462,3.21,0.69,12.5,8,1,1,0.4375,9.5,31.25,0.4376384931748298,-2.6079046112430206
8.0,0.38,0.44,1.9,0.098,6.0,15.0,0.9956,3.3,0.64,11.4,6,0,1,0.4,8.38,30.0,0.13656974155662907,-1.9490299492048189
10.2,0.29,0.65,2.4,0.075,6.0,17.0,0.99565,3.22,0.63,11.8,6,0,1,0.35294117647058826,10.489999999999998,40.6896551724138,1.4997841437291162,-2.4721145198594843
8.2,0.74,0.09,2.0,0.067,5.0,10.0,0.99418,3.28,0.57,11.8,6,0,0,0.5,8.94,15.945945945945947,-1.6213111517860965,-1.6416876432755552
7.7,0.61,0.18,2.4,0.083,6.0,20.0,0.9963,3.29,0.6,10.2,6,0,0,0.3,8.31,16.721311475409834,-0.6259346115036521,-0.6949027711757826
6.6,0.52,0.08,2.4,0.07,13.0,26.0,0.99358,3.4,0.72,12.5,7,1,0,0.5,7.119999999999999,24.038461538461537,-2.077856313102738,-1.497931567327869
11.1,0.31,0.53,2.2,0.06,3.0,10.0,0.99572,3.02,0.83,10.9,7,1,1,0.3,11.41,35.16129032258065,2.3350691104067063,-2.4702349527632683
8.0,0.62,0.35,2.8,0.086,28.0,52.0,0.997,3.31,0.62,10.8,5,0,0,0.5384615384615384,8.62,17.41935483870968,-0.060904017836381136,0.732728078614545
9.3,0.33,0.45,1.5,0.057,19.0,37.0,0.99498,3.18,0.89,11.1,7,1,1,0.5135135135135135,9.63,33.63636363636363,0.980038200094347,-1.3239779372043945
7.5,0.77,0.2,8.1,0.098,30.0,92.0,0.99892,3.2,0.58,9.2,5,0,0,0.32608695652173914,8.27,11.948051948051948,0.6994223961833135,3.7078340241863965
7.2,0.35,0.26,1.8,0.083,33.0,75.0,0.9968,3.4,0.58,9.5,6,0,0,0.44,7.55,27.142857142857146,-0.45987402145873857,1.3796449041634973
8.0,0.62,0.33,2.7,0.088,16.0,37.0,0.9972,3.31,0.58,10.7,6,0,0,0.43243243243243246,8.62,17.258064516129032,-0.10498536695054636,-0.036593412960478106
9.1,0.25,0.34,2.0,0.071,45.0,67.0,0.99769,3.44,0.86,10.2,7,1,1,0.6716417910447762,9.35,40.8,0.7307195201555929,1.2572342184853875
9.9,0.32,0.56,2.0,0.073,3.0,8.0,0.99534,3.15,0.73,11.4,6,0,1,0.375,10.22,35.625,1.4382767685841091,-2.6365858878556354
8.6,0.37,0.65,6.4,0.08,3.0,8.0,0.99817,3.27,0.58,11.0,5,0,1,0.375,8.969999999999999,29.72972972972973,1.7630946096317934,-1.2082694293479288
7.9,0.3,0.68,8.3,0.05,37.5,278.0,0.99316,3.01,0.51,12.3,7,1,1,0.13489208633093525,8.200000000000001,41.00000000000001,1.4539004167212943,4.230102291177188
10.3,0.27,0.56,1.4,0.047,3.0,8.0,0.99471,3.16,0.51,11.8,6,0,1,0.375,10.57,43.7037037037037,0.9156680608790189,-3.068284717320544
7.9,0.3,0.68,8.3,0.05,37.5,289.0,0.99316,3.01,0.51,12.3,7,1,1,0.12975778546712802,8.200000000000001,41.00000000000001,1.4657666560502518,4.419933289962524
7.2,0.38,0.3,1.8,0.073,31.0,70.0,0.99685,3.42,0.59,9.5,6,0,0,0.44285714285714284,7.58,25.0,-0.4809817248489716,1.1855115259781908
8.7,0.42,0.45,2.4,0.072,32.0,59.0,0.99617,3.33,0.77,12.0,6,0,1,0.5423728813559322,9.12,28.571428571428573,0.38933005905395834,-0.08158307742024079
6.8,0.48,0.08,1.8,0.074,40.0,64.0,0.99529,3.12,0.49,9.6,5,0,0,0.625,7.279999999999999,20.0,-0.8911765697688045,1.6757669396289765
8.5,0.34,0.4,4.7,0.055,3.0,9.0,0.99738,3.38,0.66,11.6,7,1,1,0.3333333333333333,8.84,34.11764705882353,0.47750489412106495,-1.7417336744228233
7.9,0.19,0.42,1.6,0.057,18.0,30.0,0.994,3.29,0.69,11.2,6,0,1,0.6,8.09,58.94736842105263,-0.1198323520545262,-1.6667490924007686
11.6,0.41,0.54,1.5,0.095,22.0,41.0,0.99735,3.02,0.76,9.9,7,1,1,0.5365853658536586,12.01,24.146341463414636,2.7892355071234016,-0.3259908414872202
10.0,0.26,0.54,1.9,0.083,42.0,74.0,0.99451,2.98,0.63,11.8,8,1,1,0.5675675675675675,10.26,45.38461538461539,1.6384846658679104,0.12200996488561625
7.9,0.34,0.42,2.0,0.086,8.0,19.0,0.99546,3.35,0.6,11.4,6,0,1,0.42105263157894735,8.24,33.529411764705884,-0.16001679070513417,-1.837924058606078
7.0,0.54,0.09,2.0,0.081,10.0,16.0,0.99479,3.43,0.59,11.5,6,0,0,0.625,7.54,21.296296296296294,-1.8789052139278082,-1.2982280476133026
9.2,0.31,0.36,2.2,0.079,11.0,31.0,0.99615,3.33,0.86,12.0,7,1,1,0.3548387096774194,9.51,38.70967741935484,0.6147900273576812,-1.7699637397044738
6.6,0.725,0.09,5.5,0.1169999999999999,9.0,17.0,0.99655,3.35,0.49,10.8,6,0,0,0.5294117647058824,7.324999999999999,14.896551724137932,-1.1974708595645218,0.1953758184677941
9.4,0.4,0.47,2.5,0.087,6.0,20.0,0.99772,3.15,0.5,10.5,5,0,1,0.3,9.8,26.25,1.3570751941679395,-1.2298496011079614
8.6,0.52,0.38,1.5,0.096,5.0,18.0,0.99666,3.2,0.52,9.4,5,0,1,0.2777777777777778,9.12,18.076923076923077,0.48682969858836983,-0.8881767522459642
8.0,0.31,0.45,2.1,0.216,5.0,16.0,0.99358,3.15,0.81,12.5,7,1,1,0.3125,8.31,40.32258064516129,0.9230430820126667,-2.462611146841867
8.4,0.34,0.42,2.1,0.072,23.0,36.0,0.99392,3.11,0.78,12.4,6,0,1,0.6388888888888888,8.74,36.470588235294116,0.4343894426953434,-1.483917210322961
7.4,0.49,0.27,2.1,0.071,14.0,25.0,0.99388,3.35,0.63,12.0,6,0,0,0.56,7.890000000000001,24.489795918367346,-1.265591664039949,-1.5123925043367974
6.1,0.48,0.09,1.7,0.078,18.0,30.0,0.99402,3.45,0.54,11.2,6,0,0,0.6,6.58,23.333333333333332,-2.3569209328417657,-0.7247724840506984
8.0,0.48,0.34,2.2,0.073,16.0,25.0,0.9936,3.28,0.66,12.4,6,0,0,0.64,8.48,25.833333333333336,-0.76257756578333,-1.694767680123229
6.3,0.57,0.28,2.1,0.048,13.0,49.0,0.99374,3.41,0.6,12.8,5,0,0,0.2653061224489796,6.87,22.456140350877195,-2.0583185924294685,-1.3296623565126633
8.2,0.23,0.42,1.9,0.069,9.0,17.0,0.99376,3.21,0.54,12.3,6,0,1,0.5294117647058824,8.43,53.47826086956522,-0.16164805468153817,-2.5993766246415886
9.1,0.3,0.41,2.0,0.068,10.0,24.0,0.99523,3.27,0.85,11.7,7,1,1,0.4166666666666667,9.4,39.0,0.6423942130407574,-2.052087918398835
8.1,0.78,0.1,3.3,0.09,4.0,13.0,0.99855,3.36,0.49,9.5,5,0,0,0.3076923076923077,8.879999999999999,12.179487179487179,-0.6232200689600993,0.13277772938091081
10.8,0.47,0.43,2.1,0.171,27.0,66.0,0.9982,3.17,0.76,10.8,6,0,1,0.4090909090909091,11.270000000000001,22.978723404255323,2.2822465046219276,0.658890863716928
8.3,0.53,0.0,1.4,0.07,6.0,14.0,0.99593,3.25,0.64,10.0,6,0,0,0.42857142857142855,8.83,18.867924528301884,-0.8241911769291997,-1.0096749902911155
5.4,0.42,0.27,2.0,0.092,23.0,55.0,0.99471,3.78,0.64,12.3,7,1,0,0.41818181818181815,5.82,29.28571428571429,-2.716003707836178,-0.49895525118843126
7.9,0.33,0.41,1.5,0.0559999999999999,6.0,35.0,0.99396,3.29,0.71,11.0,6,0,1,0.17142857142857143,8.23,33.33333333333333,-0.26620018557066966,-1.906894269494151
8.9,0.24,0.39,1.6,0.074,3.0,10.0,0.99698,3.12,0.59,9.5,6,0,1,0.3,9.14,39.583333333333336,1.2593057588273273,-1.636712047718205
5.0,0.4,0.5,4.3,0.046,29.0,80.0,0.9902,3.49,0.66,13.6,6,0,0,0.3625,5.4,34.0,-2.4413086225438234,-0.7293740496508812
7.0,0.69,0.07,2.5,0.091,15.0,21.0,0.99572,3.38,0.6,11.3,6,0,0,0.7142857142857143,7.6899999999999995,16.376811594202902,-1.6602688817573363,-0.42416718330560294
7.1,0.39,0.12,2.1,0.065,14.0,24.0,0.99252,3.3,0.53,13.3,6,0,0,0.5833333333333334,7.489999999999999,34.1025641025641,-2.031024877742603,-2.17905291221145
5.6,0.66,0.0,2.5,0.066,7.0,15.0,0.99256,3.52,0.58,12.9,5,0,0,0.4666666666666667,6.26,19.545454545454547,-3.5428483026008513,-1.8642684434883445
7.9,0.54,0.34,2.5,0.076,8.0,17.0,0.99235,3.2,0.72,13.1,8,1,0,0.47058823529411764,8.440000000000001,24.259259259259256,-0.8380831661628079,-2.503087831938533
6.6,0.5,0.0,1.8,0.062,21.0,28.0,0.99352,3.44,0.55,12.3,6,0,0,0.75,7.1,24.6,-2.705971065031703,-1.0420286054338532
6.3,0.47,0.0,1.4,0.055,27.0,33.0,0.9922,3.45,0.48,12.3,6,0,0,0.8181818181818182,6.77,26.17021276595745,-3.2368368025123377,-0.9167139669496311
10.7,0.4,0.37,1.9,0.081,17.0,29.0,0.99674,3.12,0.65,11.2,6,0,1,0.5862068965517241,11.1,27.999999999999996,1.4078936103993445,-1.0903532052536817
6.5,0.58,0.0,2.2,0.096,3.0,13.0,0.99557,3.62,0.62,11.5,4,0,0,0.23076923076923078,7.08,19.82758620689655,-2.5237705264901424,-1.3651336387049773
8.8,0.24,0.35,1.7,0.055,13.0,27.0,0.99394,3.14,0.59,11.3,7,1,1,0.48148148148148145,9.040000000000001,47.083333333333336,0.16943392806151025,-1.8927716061182485
5.8,0.29,0.26,1.7,0.063,3.0,11.0,0.9915,3.39,0.54,13.5,6,0,0,0.2727272727272727,6.09,46.55172413793104,-2.4493290020419978,-3.400310472482278
6.3,0.76,0.0,2.9,0.072,26.0,52.0,0.99379,3.51,0.6,11.5,6,0,0,0.5,7.06,15.131578947368421,-2.945887554339336,0.56599561599313
10.0,0.43,0.33,2.7,0.095,28.0,89.0,0.9984,3.22,0.68,10.0,5,0,1,0.3146067415730337,10.43,23.25581395348837,1.4952294804751536,1.4284999017558049
10.5,0.43,0.35,3.3,0.092,24.0,70.0,0.99798,3.21,0.69,10.5,6,0,1,0.34285714285714286,10.93,24.41860465116279,1.6180960031032925,0.7125545938855186
9.1,0.6,0.0,1.9,0.0579999999999999,5.0,10.0,0.9977,3.18,0.63,10.4,6,0,0,0.5,9.7,17.333333333333336,-0.18310115679751995,-0.9453796568159393
5.9,0.19,0.21,1.7,0.045,57.0,135.0,0.99341,3.32,0.44,9.5,5,0,0,0.4222222222222222,6.090000000000001,50.0,-1.582516806440124,2.9810078359267362
7.4,0.36,0.34,1.8,0.075,18.0,38.0,0.9933,3.38,0.88,13.6,7,1,0,0.47368421052631576,7.760000000000001,37.77777777777778,-0.9520999286031945,-2.1335133028732147
7.2,0.48,0.07,5.5,0.089,10.0,18.0,0.99684,3.37,0.68,11.2,7,1,0,0.5555555555555556,7.68,23.333333333333332,-0.640289612036153,-0.3791383237372411
8.5,0.28,0.35,1.7,0.061,6.0,15.0,0.99524,3.3,0.74,11.8,7,1,1,0.4,8.78,42.14285714285714,0.041532002483782554,-2.419407465699515
8.0,0.25,0.43,1.7,0.067,22.0,50.0,0.9946,3.38,0.6,11.9,6,0,1,0.44,8.25,47.6,-0.42129814813192945,-1.1614557059855946
10.4,0.52,0.45,2.0,0.08,6.0,13.0,0.99774,3.22,0.76,11.4,6,0,1,0.46153846153846156,10.92,21.923076923076923,1.4318000074651078,-1.739254299832412
7.5,0.41,0.15,3.7,0.104,29.0,94.0,0.99786,3.14,0.58,9.1,5,0,0,0.30851063829787234,7.91,22.195121951219512,0.6057012390268451,2.336226822826085
8.2,0.51,0.24,2.0,0.079,16.0,86.0,0.99764,3.34,0.64,9.5,6,0,0,0.18604651162790697,8.709999999999999,18.627450980392158,0.051239654029703326,1.037068998076481
7.3,0.4,0.3,1.7,0.08,33.0,79.0,0.9969,3.41,0.65,9.5,6,0,0,0.4177215189873418,7.7,23.75,-0.32625151830089366,1.4505102882143617
8.2,0.38,0.32,2.5,0.08,24.0,71.0,0.99624,3.27,0.85,11.0,6,0,1,0.3380281690140845,8.58,28.94736842105263,0.48272922641069477,0.2013125028738258
6.9,0.45,0.11,2.4,0.043,6.0,12.0,0.99354,3.3,0.65,11.4,6,0,0,0.5,7.3500000000000005,25.333333333333332,-1.6527747675605198,-1.8775170645316013
7.0,0.22,0.3,1.8,0.065,16.0,20.0,0.99672,3.61,0.82,10.0,6,0,0,0.8,7.22,45.45454545454545,-0.671641181898431,-0.9369498095892392
7.3,0.32,0.23,2.3,0.066,35.0,70.0,0.99588,3.43,0.62,10.1,5,0,0,0.5,7.62,31.5625,-0.7830988924048307,1.0570381200086854
8.2,0.2,0.43,2.5,0.076,31.0,51.0,0.99672,3.53,0.81,10.4,6,0,1,0.6078431372549019,8.399999999999999,52.0,0.28612523397119377,0.12901008606773468
7.8,0.5,0.12,1.8,0.178,6.0,21.0,0.996,3.28,0.87,9.8,6,0,0,0.2857142857142857,8.3,19.6,0.16330807543084586,-0.6312346517351751
10.0,0.41,0.45,6.2,0.071,6.0,14.0,0.99702,3.21,0.49,11.8,7,1,1,0.42857142857142855,10.41,28.780487804878053,1.2812010142218553,-1.2988076008944207
7.8,0.39,0.42,2.0,0.086,9.0,21.0,0.99526,3.39,0.66,11.6,6,0,0,0.42857142857142855,8.19,29.74358974358974,-0.34374790473406536,-1.790254498728278
10.0,0.35,0.47,2.0,0.061,6.0,11.0,0.99585,3.23,0.52,12.0,6,0,1,0.5454545454545454,10.35,34.285714285714285,0.6624220203706136,-2.45096434514771
8.2,0.33,0.32,2.8,0.067,4.0,12.0,0.99473,3.3,0.76,12.8,7,1,1,0.3333333333333333,8.53,38.78787878787879,-0.22870769687660977,-2.6831768765117405
6.1,0.58,0.23,2.5,0.044,16.0,70.0,0.99352,3.46,0.65,12.5,6,0,0,0.22857142857142856,6.68,21.551724137931036,-2.2905454347185805,-0.6233081968360831
8.3,0.6,0.25,2.2,0.118,9.0,38.0,0.99616,3.15,0.53,9.8,5,0,0,0.23684210526315788,8.9,16.333333333333336,0.17799852180521078,-0.13652331307672627
9.6,0.42,0.35,2.1,0.083,17.0,38.0,0.99622,3.23,0.66,11.1,6,0,1,0.4473684210526316,10.02,26.428571428571427,0.6664411364990047,-0.8065213266900876
6.6,0.58,0.0,2.2,0.1,50.0,63.0,0.99544,3.59,0.68,11.4,6,0,0,0.7936507936507936,7.18,19.655172413793107,-2.3709285625162684,1.8097458381613756
8.5,0.18,0.51,1.75,0.071,45.0,88.0,0.99524,3.33,0.76,11.8,7,1,1,0.5113636363636364,8.68,65.55555555555556,0.5350578679019476,0.5051385642731313
5.1,0.51,0.18,2.1,0.042,16.0,101.0,0.9924,3.46,0.87,12.9,7,1,0,0.15841584158415842,5.609999999999999,25.294117647058822,-2.567210476963103,-0.5238702451003155
6.7,0.41,0.43,2.8,0.076,22.0,54.0,0.99572,3.42,1.16,10.6,6,0,1,0.4074074074074074,7.11,25.853658536585368,0.24282744780074814,-0.10651122079381699
10.2,0.41,0.43,2.2,0.11,11.0,37.0,0.99728,3.16,0.67,10.8,5,0,1,0.2972972972972973,10.61,26.34146341463415,1.6461317494557262,-0.907797002492645
10.6,0.36,0.57,2.3,0.087,6.0,20.0,0.99676,3.14,0.72,11.1,7,1,1,0.3,10.959999999999999,30.833333333333332,2.0465529501689192,-1.8946201444940343
8.8,0.45,0.43,1.4,0.076,12.0,21.0,0.99551,3.21,0.75,10.2,6,0,1,0.5714285714285714,9.25,22.666666666666664,0.6243573154195157,-1.235500809255509
8.5,0.32,0.42,2.3,0.075,12.0,19.0,0.99434,3.14,0.71,11.8,7,1,1,0.631578947368421,8.82,36.875,0.4921294758122281,-2.0122730906305257
9.0,0.785,0.24,1.7,0.078,10.0,21.0,0.99692,3.29,0.67,10.0,5,0,0,0.47619047619047616,9.785,12.738853503184712,-0.19406303801663088,-0.3557235817079484
8.5,0.44,0.5,1.9,0.369,15.0,38.0,0.99634,3.01,1.1,9.4,5,0,1,0.39473684210526316,8.94,21.363636363636363,3.4001866687087827,0.30317926473601936
9.9,0.54,0.26,2.0,0.111,7.0,60.0,0.99709,2.94,0.98,10.2,5,0,1,0.11666666666666667,10.440000000000001,18.888888888888886,2.1193824834815067,-0.291493742404069
8.2,0.33,0.39,2.5,0.074,29.0,48.0,0.99528,3.32,0.88,12.4,7,1,1,0.6041666666666666,8.53,37.57575757575758,0.19871010539324863,-0.7463391919651
6.5,0.34,0.27,2.8,0.067,8.0,44.0,0.99384,3.21,0.56,12.0,6,0,0,0.18181818181818182,6.84,35.29411764705882,-0.9446988446148848,-1.5198633558252836
7.6,0.5,0.29,2.3,0.086,5.0,14.0,0.99502,3.32,0.62,11.5,6,0,0,0.35714285714285715,8.1,23.0,-0.7175629324298998,-1.7527327490842455
9.2,0.36,0.34,1.6,0.062,5.0,12.0,0.99667,3.2,0.67,10.5,6,0,1,0.4166666666666667,9.559999999999999,29.166666666666668,0.7276383121002575,-1.7693319997562718
7.1,0.59,0.0,2.2,0.078,26.0,44.0,0.99522,3.42,0.68,10.8,6,0,0,0.5909090909090909,7.6899999999999995,18.305084745762713,-1.8004539955534922,0.4228787292027417
9.7,0.42,0.46,2.1,0.074,5.0,16.0,0.99649,3.27,0.74,12.3,6,0,1,0.3125,10.12,29.28571428571429,0.8471254616498226,-2.3315411669990063
7.6,0.36,0.31,1.7,0.079,26.0,65.0,0.99716,3.46,0.62,9.5,6,0,0,0.4,7.96,26.38888888888889,-0.30318763896484013,0.8176041933818315
6.5,0.61,0.0,2.2,0.095,48.0,59.0,0.99541,3.61,0.7,11.5,6,0,0,0.8135593220338984,7.11,18.852459016393443,-2.5048621408865026,1.6339784537018947
6.5,0.88,0.03,5.6,0.079,23.0,47.0,0.99572,3.58,0.5,11.2,4,0,0,0.48936170212765956,7.38,12.727272727272727,-2.5860325183524515,1.3539396986796717
7.1,0.66,0.0,2.4,0.052,6.0,11.0,0.99318,3.35,0.66,12.7,7,1,0,0.5454545454545454,7.76,19.242424242424242,-2.439797287420659,-2.0102219449790244
5.6,0.915,0.0,2.1,0.0409999999999999,17.0,78.0,0.99346,3.68,0.73,11.4,5,0,0,0.21794871794871795,6.515,12.459016393442623,-3.865117641978082,0.5864639883751042
8.2,0.35,0.33,2.4,0.076,11.0,47.0,0.99599,3.27,0.81,11.0,6,0,1,0.23404255319148937,8.549999999999999,31.42857142857143,0.410109800578847,-0.9502790853551247
9.8,0.39,0.43,1.65,0.068,5.0,11.0,0.99478,3.19,0.46,11.4,5,0,1,0.45454545454545453,10.190000000000001,29.23076923076923,0.3249102788180878,-2.327906251217374
10.2,0.4,0.4,2.5,0.068,41.0,54.0,0.99754,3.38,0.86,10.5,6,0,1,0.7592592592592593,10.6,26.25,1.1232657815508864,0.8939993242895642
6.8,0.66,0.07,1.6,0.07,16.0,61.0,0.99572,3.29,0.6,9.3,5,0,0,0.26229508196721313,7.46,14.090909090909092,-1.3405966904763724,0.8124742727004487
6.7,0.64,0.23,2.1,0.08,11.0,119.0,0.99538,3.36,0.7,10.9,5,0,0,0.09243697478991597,7.34,17.03125,-1.0965331458704874,0.8623959236180072
7.0,0.43,0.3,2.0,0.085,6.0,39.0,0.99346,3.33,0.46,11.9,6,0,0,0.15384615384615385,7.43,27.674418604651166,-1.4137188575645672,-1.693073107638101
6.6,0.8,0.03,7.8,0.079,6.0,12.0,0.9963,3.52,0.5,12.2,5,0,0,0.5,7.3999999999999995,15.249999999999998,-2.0501502786974455,-0.12625796876087875
8.8,0.955,0.05,1.8,0.075,5.0,19.0,0.99616,3.3,0.44,9.6,4,0,0,0.2631578947368421,9.755,10.052356020942408,-1.3982867196016375,-0.07606986004547761
9.1,0.4,0.57,4.6,0.08,6.0,20.0,0.99652,3.28,0.57,12.5,6,0,1,0.3,9.5,31.25,0.9488018489108243,-1.8529749388354626
6.5,0.885,0.0,2.3,0.166,6.0,12.0,0.99551,3.56,0.51,10.8,5,0,0,0.5,7.385,12.203389830508476,-2.54274759590147,-0.2834172233781083
7.2,0.25,0.37,2.5,0.063,11.0,41.0,0.99439,3.52,0.8,12.4,7,1,0,0.2682926829268293,7.45,49.6,-0.9162266811675088,-1.9017895316579216
6.4,0.885,0.0,2.3,0.166,6.0,12.0,0.99551,3.56,0.51,10.8,5,0,0,0.5,7.285,12.203389830508476,-2.5706978296461354,-0.27701181737257824
7.0,0.745,0.12,1.8,0.114,15.0,64.0,0.99588,3.22,0.59,9.5,6,0,0,0.234375,7.745,12.751677852348994,-0.8636474745985747,0.9902776635819344
6.2,0.43,0.22,1.8,0.078,21.0,56.0,0.99633,3.52,0.6,9.5,6,0,0,0.375,6.63,22.093023255813954,-1.3674776283699421,0.6036984343891997
7.9,0.58,0.23,2.3,0.076,23.0,94.0,0.99686,3.21,0.58,9.5,6,0,0,0.24468085106382978,8.48,16.379310344827587,-0.01693419576471752,1.617483379862646
7.7,0.57,0.21,1.5,0.069,4.0,9.0,0.99458,3.16,0.54,9.8,6,0,0,0.4444444444444444,8.27,17.192982456140353,-0.6927718862074242,-1.3085607627281637
7.7,0.26,0.26,2.0,0.052,19.0,77.0,0.9951,3.15,0.79,10.9,6,0,1,0.24675324675324675,7.96,41.92307692307692,0.2321176423382915,-0.2902336264774859
7.9,0.34,0.36,1.9,0.065,5.0,10.0,0.99419,3.27,0.54,11.2,7,1,0,0.5,8.24,32.94117647058823,-0.5093849041778492,-2.2301686578671065
8.6,0.42,0.39,1.8,0.068,6.0,12.0,0.99516,3.35,0.69,11.7,8,1,1,0.5,9.02,27.857142857142858,-0.2045843891822552,-2.217537253880534
9.9,0.74,0.19,5.8,0.111,33.0,76.0,0.99878,3.14,0.55,9.4,5,0,1,0.4342105263157895,10.64,12.702702702702704,1.2664248597064252,2.934509280180472
7.2,0.36,0.46,2.1,0.074,24.0,44.0,0.99534,3.4,0.85,11.0,7,1,1,0.5454545454545454,7.5600000000000005,30.555555555555557,-0.09560771527690023,-0.5375922226747097
9.9,0.72,0.55,1.7,0.136,24.0,52.0,0.99752,3.35,0.94,10.0,5,0,1,0.46153846153846156,10.620000000000001,13.88888888888889,1.4804018467023272,0.6059327362139512
6.2,0.39,0.43,2.0,0.071,14.0,24.0,0.99428,3.45,0.87,11.2,7,1,0,0.5833333333333334,6.59,28.717948717948715,-0.8657589764353898,-1.4768133110070407
6.8,0.65,0.02,2.1,0.078,8.0,15.0,0.99498,3.35,0.62,10.4,6,0,0,0.5333333333333333,7.45,16.0,-1.8109965963460086,-0.7468253842847745
6.6,0.44,0.15,2.1,0.076,22.0,53.0,0.9957,3.32,0.62,9.3,5,0,0,0.41509433962264153,7.04,21.136363636363637,-0.9263413324148161,0.6810449224991638
9.6,0.38,0.42,1.9,0.071,5.0,13.0,0.99659,3.15,0.75,10.5,6,0,1,0.38461538461538464,9.98,27.63157894736842,1.3165414656735883,-1.7706990403923162
10.2,0.33,0.46,1.9,0.081,6.0,9.0,0.99628,3.1,0.48,10.4,6,0,1,0.6666666666666666,10.53,31.515151515151516,1.3739636155312365,-1.8250411803002728
8.8,0.27,0.46,2.1,0.095,20.0,29.0,0.99488,3.26,0.56,11.3,6,0,1,0.6896551724137931,9.07,41.851851851851855,0.39950494948420234,-1.253095600561167
7.9,0.57,0.31,2.0,0.079,10.0,79.0,0.99677,3.29,0.69,9.5,6,0,0,0.12658227848101267,8.47,16.666666666666668,0.09458120636909503,0.5519193282061317
8.2,0.34,0.37,1.9,0.057,43.0,74.0,0.99408,3.23,0.81,12.0,6,0,1,0.581081081081081,8.54,35.29411764705882,-0.050895090503900335,0.2917661949061276
8.2,0.4,0.31,1.9,0.0819999999999999,8.0,24.0,0.996,3.24,0.69,10.6,6,0,1,0.3333333333333333,8.6,26.499999999999996,0.21101328388962592,-1.286712037483998
9.0,0.39,0.4,1.3,0.044,25.0,50.0,0.99478,3.2,0.83,10.9,6,0,1,0.5,9.39,27.94871794871795,0.45824703623061747,-0.6558601439358152
10.9,0.32,0.52,1.8,0.132,17.0,44.0,0.99734,3.28,0.77,11.5,6,0,1,0.38636363636363635,11.22,35.9375,1.961574501196003,-1.0407759204734155
8.1,0.53,0.22,2.2,0.078,33.0,89.0,0.99678,3.26,0.46,9.6,6,0,0,0.3707865168539326,8.629999999999999,18.11320754716981,-0.29528226299703997,1.9212832106497617
10.5,0.36,0.47,2.2,0.074,9.0,23.0,0.99638,3.23,0.76,12.0,6,0,1,0.391304347826087,10.86,33.333333333333336,1.3351859401313948,-2.055528908386144
12.6,0.39,0.49,2.5,0.08,8.0,20.0,0.9992,3.07,0.82,10.3,6,0,1,0.4,12.99,26.410256410256412,3.30839589763919,-1.2328652727466909
9.2,0.46,0.23,2.6,0.091,18.0,77.0,0.99922,3.15,0.51,9.4,5,0,1,0.23376623376623376,9.66,20.434782608695652,1.1660461142525138,1.256876363177496
7.5,0.58,0.03,4.1,0.08,27.0,46.0,0.99592,3.02,0.47,9.2,5,0,0,0.5869565217391305,8.08,15.862068965517242,-0.24761065610157643,1.5256140434019634
9.0,0.58,0.25,2.0,0.104,8.0,21.0,0.99769,3.27,0.72,9.6,5,0,1,0.38095238095238093,9.58,16.551724137931036,0.5806808257889526,-0.422162380403281
5.1,0.42,0.0,1.8,0.044,18.0,88.0,0.99157,3.68,0.73,13.6,7,1,0,0.20454545454545456,5.52,32.38095238095238,-4.001528571834399,-1.0056282711362714
7.6,0.43,0.29,2.1,0.075,19.0,66.0,0.99718,3.4,0.64,9.5,5,0,0,0.2878787878787879,8.03,22.093023255813954,-0.1975503928373519,0.6680137086470133
7.7,0.18,0.34,2.7,0.066,15.0,58.0,0.9947,3.37,0.78,11.8,6,0,1,0.25862068965517243,7.88,65.55555555555556,-0.18248805507609794,-1.2168992842170492
7.8,0.815,0.01,2.6,0.074,48.0,90.0,0.99621,3.38,0.62,10.8,5,0,0,0.5333333333333333,8.615,13.25153374233129,-1.6180811999937719,2.784142704580923
10.2,0.23,0.37,2.2,0.057,14.0,36.0,0.99614,3.23,0.49,9.3,4,0,1,0.3888888888888889,10.43,40.434782608695656,0.9615121176708551,-0.6657040002834503
7.1,0.75,0.01,2.2,0.059,11.0,18.0,0.99242,3.39,0.4,12.8,6,0,0,0.6111111111111112,7.85,17.066666666666666,-3.1936050591568117,-1.5797326474610345
6.0,0.33,0.32,12.9,0.054,6.0,113.0,0.99572,3.3,0.56,11.5,4,0,0,0.05309734513274336,6.33,34.848484848484844,0.26431283356719937,1.7123660149109812
7.8,0.55,0.0,1.7,0.07,7.0,17.0,0.99659,3.26,0.64,9.4,6,0,0,0.4117647058823529,8.35,17.09090909090909,-0.7841398482152401,-0.48864227245811265
8.1,0.73,0.0,2.5,0.081,12.0,24.0,0.99798,3.38,0.46,9.6,4,0,0,0.5,8.83,13.150684931506849,-1.1506748191536187,0.4567818541611177
6.5,0.67,0.0,4.3,0.057,11.0,20.0,0.99488,3.45,0.56,11.8,4,0,0,0.55,7.17,17.611940298507463,-2.3902739858730615,-0.6297388127141575
7.5,0.61,0.2,1.7,0.076,36.0,60.0,0.99494,3.1,0.4,9.3,5,0,0,0.6,8.11,15.245901639344265,-0.6938821680956859,1.5515277303995731
9.8,0.37,0.39,2.5,0.079,28.0,65.0,0.99729,3.16,0.59,9.8,5,0,1,0.4307692307692308,10.17,26.486486486486488,1.3735222210517395,0.7766851729732701
9.0,0.4,0.41,2.0,0.0579999999999999,15.0,40.0,0.99414,3.22,0.6,12.2,6,0,1,0.375,9.4,30.499999999999996,-0.06039235196156943,-1.6409390925207374
8.3,0.56,0.22,2.4,0.0819999999999999,10.0,86.0,0.9983,3.37,0.62,9.5,5,0,0,0.11627906976744186,8.860000000000001,16.96428571428571,0.05555160802398388,0.9943555061022463
5.9,0.29,0.25,13.4,0.067,72.0,160.0,0.99721,3.33,0.54,10.3,6,0,0,0.45,6.19,35.51724137931035,0.46150345238000245,6.523977752768032
7.4,0.55,0.19,1.8,0.0819999999999999,15.0,34.0,0.99655,3.49,0.68,10.5,5,0,0,0.4411764705882353,7.95,19.09090909090909,-1.1125662829381129,-0.3029753893438261
7.4,0.74,0.07,1.7,0.086,15.0,48.0,0.99502,3.12,0.48,10.0,5,0,0,0.3125,8.14,13.513513513513514,-1.1219789597932561,0.37034883957686626
6.9,0.41,0.33,2.2,0.081,22.0,36.0,0.9949,3.41,0.75,11.1,6,0,0,0.6111111111111112,7.3100000000000005,27.073170731707318,-0.7950474299935968,-0.5988823211516716
7.1,0.6,0.01,2.3,0.079,24.0,37.0,0.99514,3.4,0.61,10.9,6,0,0,0.6486486486486487,7.699999999999999,18.166666666666668,-1.8518358736186242,0.20638621660867523
7.5,0.58,0.14,2.2,0.077,27.0,60.0,0.9963,3.28,0.59,9.8,5,0,0,0.45,8.08,16.896551724137932,-0.7289477903049187,1.1261343459524087
7.1,0.72,0.0,1.8,0.123,6.0,14.0,0.99627,3.45,0.58,9.8,5,0,0,0.42857142857142855,7.819999999999999,13.611111111111112,-1.706805900687123,-0.29625834325077877
7.9,0.66,0.0,1.4,0.096,6.0,13.0,0.99569,3.43,0.58,9.5,5,0,0,0.46153846153846156,8.56,14.393939393939393,-1.594271051052556,-0.5574721187429584
7.8,0.7,0.06,1.9,0.079,20.0,35.0,0.99628,3.4,0.69,10.9,5,0,0,0.5714285714285714,8.5,15.571428571428573,-1.345268998048214,0.08679187780581485
6.1,0.64,0.02,2.4,0.069,26.0,46.0,0.99358,3.47,0.45,11.0,5,0,0,0.5652173913043478,6.739999999999999,17.1875,-2.9617648665899643,0.39001174581414827
7.5,0.59,0.22,1.8,0.0819999999999999,43.0,60.0,0.99499,3.1,0.42,9.2,5,0,0,0.7166666666666667,8.09,15.59322033898305,-0.5491745572187506,1.9194039668451113
7.0,0.58,0.28,4.8,0.085,12.0,69.0,0.99633,3.32,0.7,11.0,6,0,0,0.17391304347826086,7.58,18.965517241379313,-0.2789129729471154,0.4667615997205082
6.8,0.64,0.0,2.7,0.123,15.0,33.0,0.99538,3.44,0.63,11.3,6,0,0,0.45454545454545453,7.4399999999999995,17.65625,-1.8439761378359747,-0.15493033321615204
8.6,0.635,0.68,1.8,0.4029999999999999,19.0,56.0,0.99632,3.02,1.15,9.3,5,0,1,0.3392857142857143,9.235,14.645669291338583,3.798505541179299,1.0466491609688928
6.3,1.02,0.0,2.0,0.083,17.0,24.0,0.99437,3.59,0.55,11.2,4,0,0,0.7083333333333334,7.32,10.980392156862743,-3.486522129908561,0.10538703554618403
9.8,0.45,0.38,2.5,0.081,34.0,66.0,0.99726,3.15,0.58,9.8,5,0,1,0.5151515151515151,10.25,21.77777777777778,1.2493387857311578,1.2218591534471197
8.2,0.78,0.0,2.2,0.089,13.0,26.0,0.9978,3.37,0.46,9.6,4,0,0,0.5,8.979999999999999,12.307692307692307,-1.1924030730001907,0.555558693695117
8.5,0.37,0.32,1.8,0.066,26.0,51.0,0.99456,3.38,0.72,11.8,6,0,0,0.5098039215686274,8.87,31.891891891891895,-0.522334133092872,-0.7024200038948387
7.2,0.57,0.05,2.3,0.081,16.0,36.0,0.99564,3.38,0.6,10.3,6,0,0,0.4444444444444444,7.7700000000000005,18.070175438596493,-1.451769898905019,0.006509923191987611
10.4,0.43,0.5,2.3,0.068,13.0,19.0,0.996,3.1,0.87,11.4,6,0,1,0.6842105263157895,10.83,26.511627906976745,1.777242564524257,-1.69879943261774
6.9,0.41,0.31,2.0,0.079,21.0,51.0,0.99668,3.47,0.55,9.5,6,0,0,0.4117647058823529,7.3100000000000005,23.170731707317074,-0.7705519603381137,0.4671829270825413
5.5,0.49,0.03,1.8,0.044,28.0,87.0,0.9908,3.5,0.82,14.0,8,1,0,0.3218390804597701,5.99,28.571428571428573,-3.490498475329508,-0.7514359636923278
5.0,0.38,0.01,1.6,0.048,26.0,60.0,0.99084,3.7,0.75,14.0,6,0,0,0.43333333333333335,5.38,36.8421052631579,-4.228572895829764,-1.4281208666263254
7.3,0.44,0.2,1.6,0.049,24.0,64.0,0.9935,3.38,0.57,11.7,6,0,0,0.375,7.74,26.59090909090909,-1.7400786783307405,-0.4238912401081187
5.9,0.46,0.0,1.9,0.077,25.0,44.0,0.99385,3.5,0.53,11.2,5,0,0,0.5681818181818182,6.36,24.34782608695652,-2.7781407781697975,-0.07006114679062361
7.5,0.58,0.2,2.0,0.073,34.0,44.0,0.99494,3.1,0.43,9.3,5,0,0,0.7727272727272727,8.08,16.03448275862069,-0.6065985227255805,1.167150375694931
7.8,0.58,0.13,2.1,0.102,17.0,36.0,0.9944,3.24,0.53,11.2,6,0,0,0.4722222222222222,8.379999999999999,19.310344827586206,-1.0984093240209274,-0.47881915597540414
8.0,0.715,0.22,2.3,0.075,13.0,81.0,0.99688,3.24,0.54,9.5,6,0,0,0.16049382716049382,8.715,13.286713286713287,-0.3260242140163479,1.1210644279094142
8.5,0.4,0.4,6.3,0.05,3.0,10.0,0.99566,3.28,0.56,12.0,4,0,1,0.3,8.9,30.0,0.2730312285073392,-1.6962288223451467
7.0,0.69,0.0,1.9,0.114,3.0,10.0,0.99636,3.35,0.6,9.7,6,0,0,0.3,7.6899999999999995,14.057971014492754,-1.3764848974292068,-0.5171744541628529
9.8,0.3,0.39,1.7,0.062,3.0,9.0,0.9948,3.14,0.57,11.5,7,1,1,0.3333333333333333,10.100000000000001,38.333333333333336,0.6273588262975518,-2.6426707025251535
7.1,0.46,0.2,1.9,0.077,28.0,54.0,0.9956,3.37,0.64,10.4,6,0,0,0.5185185185185185,7.56,22.608695652173914,-0.977022121580551,0.49078175688414005
7.9,0.765,0.0,2.0,0.084,9.0,22.0,0.99619,3.33,0.68,10.9,6,0,0,0.4090909090909091,8.665000000000001,14.248366013071896,-1.3352644306313293,-0.5158874171469523
8.7,0.63,0.28,2.7,0.096,17.0,69.0,0.99734,3.26,0.63,10.2,6,0,0,0.2463768115942029,9.33,16.19047619047619,0.32686617973933996,0.7827189710324214
7.0,0.42,0.19,2.3,0.071,18.0,36.0,0.99476,3.39,0.56,10.9,5,0,0,0.5,7.42,25.952380952380953,-1.365246082559622,-0.566167668459166
11.3,0.37,0.5,1.8,0.09,20.0,47.0,0.99734,3.15,0.57,10.5,5,0,1,0.425531914893617,11.67,28.37837837837838,1.9629972975378334,-0.4523970772980125
7.1,0.16,0.44,2.5,0.068,17.0,31.0,0.99328,3.35,0.54,12.4,6,0,0,0.5483870967741935,7.26,77.5,-0.7903532510309549,-2.0079833718944227
8.0,0.6,0.08,2.6,0.0559999999999999,3.0,7.0,0.99286,3.22,0.37,13.0,5,0,0,0.42857142857142855,8.6,21.666666666666668,-2.033805091279247,-2.4526681504470518
7.0,0.6,0.3,4.5,0.068,20.0,110.0,0.99914,3.3,1.17,10.2,5,0,1,0.18181818181818182,7.6,17.0,1.0889995860472423,1.9771923522867276
7.6,0.74,0.0,1.9,0.1,6.0,12.0,0.99521,3.36,0.59,11.0,5,0,0,0.5,8.34,14.864864864864865,-1.7656073266285246,-0.9583548760671903
8.2,0.635,0.1,2.1,0.073,25.0,60.0,0.99638,3.29,0.75,10.9,6,0,0,0.4166666666666667,8.834999999999999,17.165354330708663,-0.6196376825442528,0.6187347090813823
5.9,0.395,0.13,2.4,0.0559999999999999,14.0,28.0,0.99362,3.62,0.67,12.4,6,0,0,0.5,6.295,31.39240506329114,-2.7371935818987487,-1.5738133642515415
7.5,0.755,0.0,1.9,0.084,6.0,12.0,0.99672,3.34,0.49,9.7,4,0,0,0.5,8.255,12.847682119205297,-1.5137744871247667,-0.26915131887894317
6.6,0.63,0.0,4.3,0.093,51.0,77.5,0.99558,3.2,0.45,9.5,5,0,0,0.6580645161290323,7.2299999999999995,15.079365079365079,-1.2278162244033344,3.328875070280369
7.2,0.53,0.14,2.1,0.064,15.0,29.0,0.99323,3.35,0.61,12.1,6,0,0,0.5172413793103449,7.73,22.830188679245282,-1.8862853158972979,-1.3473307949509088
5.7,0.6,0.0,1.4,0.063,11.0,18.0,0.99191,3.45,0.56,12.2,6,0,0,0.6111111111111112,6.3,20.333333333333332,-3.453109835957618,-1.7288416600053522
7.6,1.58,0.0,2.1,0.1369999999999999,5.0,9.0,0.99476,3.5,0.4,10.9,3,0,0,0.5555555555555556,9.18,6.89873417721519,-3.4490483662104365,0.3880407450364333
5.2,0.645,0.0,2.15,0.08,15.0,28.0,0.99444,3.78,0.61,12.5,6,0,0,0.5357142857142857,5.845000000000001,19.37984496124031,-3.876225818220151,-0.8936601155091671
6.7,0.86,0.07,2.0,0.1,20.0,57.0,0.99598,3.6,0.74,11.7,6,0,0,0.3508771929824561,7.5600000000000005,13.604651162790697,-2.3636197942117323,0.495747692044634
9.1,0.37,0.32,2.1,0.064,4.0,15.0,0.99576,3.3,0.8,11.2,6,0,1,0.26666666666666666,9.469999999999999,30.27027027027027,0.34022733594411353,-2.049329763469421
8.0,0.28,0.44,1.8,0.081,28.0,68.0,0.99501,3.36,0.66,11.2,5,0,1,0.4117647058823529,8.28,39.99999999999999,-0.05239288353216773,-0.17246765226566602
7.6,0.79,0.21,2.3,0.087,21.0,68.0,0.9955,3.12,0.44,9.2,5,0,0,0.3088235294117647,8.39,11.645569620253163,-0.5988232148937249,1.4397389600437025
7.5,0.61,0.26,1.9,0.073,24.0,88.0,0.99612,3.3,0.53,9.8,5,0,0,0.2727272727272727,8.11,16.065573770491806,-0.6777361819290634,1.346011621553353
9.7,0.69,0.32,2.5,0.088,22.0,91.0,0.9979,3.29,0.62,10.1,5,0,0,0.24175824175824176,10.389999999999999,14.637681159420291,0.6082269512145054,1.4561869112909003
6.8,0.68,0.09,3.9,0.068,15.0,29.0,0.99524,3.41,0.52,11.1,4,0,0,0.5172413793103449,7.4799999999999995,16.323529411764703,-1.8900246174002926,-0.07753900992139481
7.0,0.62,0.1,1.4,0.071,27.0,63.0,0.996,3.28,0.61,9.2,5,0,0,0.42857142857142855,7.62,14.838709677419354,-1.0861685754661654,1.3255847076260516
6.5,0.51,0.15,3.0,0.064,12.0,27.0,0.9929,3.33,0.59,12.8,6,0,0,0.4444444444444444,7.01,25.098039215686274,-2.0556604428968717,-1.6594197738404128
8.0,1.18,0.21,1.9,0.083,14.0,41.0,0.99532,3.34,0.47,10.5,5,0,0,0.34146341463414637,9.18,8.898305084745763,-1.8340695633634283,0.6000307081479516
7.0,0.36,0.21,2.3,0.086,20.0,65.0,0.99558,3.4,0.54,10.1,6,0,0,0.3076923076923077,7.36,28.055555555555557,-0.9463799179061094,0.371451460794377
7.0,0.36,0.21,2.4,0.086,24.0,69.0,0.99556,3.4,0.53,10.1,6,0,0,0.34782608695652173,7.36,28.055555555555557,-0.9598610666693751,0.6550977648804025
7.5,0.63,0.27,2.0,0.083,17.0,91.0,0.99616,3.26,0.58,9.8,6,0,0,0.18681318681318682,8.13,15.555555555555557,-0.411709483522322,1.1089732296773287
5.4,0.74,0.0,1.2,0.0409999999999999,16.0,46.0,0.99258,4.01,0.59,12.5,6,0,0,0.34782608695652173,6.140000000000001,16.89189189189189,-5.269755053908545,-0.8935839098549768
9.9,0.44,0.46,2.2,0.091,10.0,41.0,0.99638,3.18,0.69,11.9,6,0,1,0.24390243902439024,10.34,27.045454545454547,1.1815472407996908,-1.424520040706381
9.1,0.76,0.68,1.7,0.414,18.0,64.0,0.99652,2.9,1.33,9.1,6,0,1,0.28125,9.86,11.973684210526315,4.495333446093246,1.3437515769462431
9.7,0.66,0.34,2.6,0.094,12.0,88.0,0.99796,3.26,0.66,10.1,5,0,1,0.13636363636363635,10.36,15.303030303030301,0.9070053669852108,0.8801146949423343
5.0,0.74,0.0,1.2,0.0409999999999999,16.0,46.0,0.99258,4.01,0.59,12.5,6,0,0,0.34782608695652173,5.74,16.89189189189189,-5.381555988887208,-0.8679622858328566
9.1,0.34,0.42,1.8,0.0579999999999999,9.0,18.0,0.99392,3.18,0.55,11.4,5,0,1,0.5,9.44,33.529411764705884,0.1217131048379498,-2.168882962230882
9.1,0.36,0.39,1.8,0.06,21.0,55.0,0.99495,3.18,0.82,11.0,7,1,1,0.38181818181818183,9.459999999999999,30.555555555555557,0.7025622464162928,-0.6926172474013222
6.7,0.46,0.24,1.7,0.077,18.0,34.0,0.9948,3.39,0.6,10.6,6,0,0,0.5294117647058824,7.16,23.043478260869563,-1.319082466401139,-0.5465775653487343
6.5,0.52,0.11,1.8,0.073,13.0,38.0,0.9955,3.34,0.52,9.3,5,0,0,0.34210526315789475,7.02,17.884615384615387,-1.4387970270322614,0.08659077348594521
7.4,0.6,0.26,2.1,0.083,17.0,91.0,0.99616,3.29,0.56,9.8,6,0,0,0.18681318681318682,8.0,16.333333333333336,-0.5294892152724228,1.102442819376469
7.8,0.87,0.26,3.8,0.107,31.0,67.0,0.99668,3.26,0.46,9.2,5,0,0,0.4626865671641791,8.67,10.57471264367816,-0.4411302272007015,2.4397280495850735
8.4,0.39,0.1,1.7,0.075,6.0,25.0,0.99581,3.09,0.43,9.7,6,0,0,0.24,8.790000000000001,24.87179487179487,-0.15519561059989734,-0.8892278092837183
9.1,0.775,0.22,2.2,0.079,12.0,48.0,0.9976,3.18,0.51,9.6,5,0,0,0.25,9.875,12.387096774193548,0.14497054173469587,0.5760946295384637
7.2,0.835,0.0,2.0,0.166,4.0,11.0,0.99608,3.39,0.52,10.0,5,0,0,0.36363636363636365,8.035,11.976047904191617,-1.5994416426661144,-0.2092548581257251
6.6,0.58,0.02,2.4,0.069,19.0,40.0,0.99387,3.38,0.66,12.6,6,0,0,0.475,7.18,21.724137931034484,-2.281726753506209,-0.8086912218331458
6.0,0.5,0.0,1.4,0.057,15.0,26.0,0.99448,3.36,0.45,9.5,5,0,0,0.5769230769230769,6.5,19.0,-2.3350250399064607,-0.22357103675212306
7.5,0.51,0.02,1.7,0.084,13.0,31.0,0.99538,3.36,0.54,10.5,6,0,0,0.41935483870967744,8.01,20.588235294117645,-1.5128723615717063,-0.4982945857586201
7.6,0.54,0.02,1.7,0.085,17.0,31.0,0.99589,3.37,0.51,10.4,6,0,0,0.5483870967741935,8.14,19.25925925925926,-1.4835718750423694,-0.15045217361725763
11.5,0.42,0.48,2.6,0.077,8.0,20.0,0.99852,3.09,0.53,11.0,5,0,1,0.4,11.92,26.19047619047619,2.232947617910648,-1.3508638182473294
8.2,0.44,0.24,2.3,0.063,10.0,28.0,0.99613,3.25,0.53,10.2,6,0,0,0.35714285714285715,8.639999999999999,23.18181818181818,-0.24247350890933914,-0.7668592339055066
6.1,0.59,0.01,2.1,0.0559999999999999,5.0,13.0,0.99472,3.52,0.56,11.4,5,0,0,0.38461538461538464,6.6899999999999995,19.322033898305087,-2.7816749032758548,-1.4076601962011703
7.2,0.655,0.03,1.8,0.078,7.0,12.0,0.99587,3.34,0.39,9.5,5,0,0,0.5833333333333334,7.855,14.50381679389313,-1.7372415280902198,-0.4076448920612956
6.9,0.57,0.0,2.8,0.081,21.0,41.0,0.99518,3.41,0.52,10.8,5,0,0,0.5121951219512195,7.470000000000001,18.947368421052634,-1.9643192635905224,0.2681306013561137
9.0,0.6,0.29,2.0,0.069,32.0,73.0,0.99654,3.34,0.57,10.0,5,0,0,0.4383561643835616,9.6,16.666666666666668,-0.20538430325952856,1.3167521822459556
7.2,0.62,0.01,2.3,0.065,8.0,46.0,0.99332,3.32,0.51,11.8,6,0,0,0.17391304347826086,7.82,19.03225806451613,-2.2628602083651668,-0.9657415796753461
7.6,0.645,0.03,1.9,0.086,14.0,57.0,0.9969,3.37,0.46,10.3,5,0,0,0.24561403508771928,8.245,15.968992248062015,-1.389105205615586,0.517567889947267
7.2,0.58,0.03,2.3,0.077,7.0,28.0,0.99568,3.35,0.52,10.0,5,0,0,0.25,7.78,17.24137931034483,-1.5086044693061735,-0.41082950456756107
6.1,0.32,0.25,1.8,0.086,5.0,32.0,0.99464,3.36,0.44,10.1,5,0,0,0.15625,6.42,31.5625,-1.332289103620574,-1.1411961367619938
6.1,0.34,0.25,1.8,0.084,4.0,28.0,0.99464,3.36,0.44,10.1,5,0,0,0.14285714285714285,6.4399999999999995,29.705882352941174,-1.3692336641719487,-1.2343733632777842
7.3,0.43,0.24,2.5,0.078,27.0,67.0,0.99648,3.6,0.59,11.1,6,0,0,0.40298507462686567,7.7299999999999995,25.813953488372093,-1.3314665124037894,0.5515630247065499
7.4,0.64,0.17,5.4,0.168,52.0,98.0,0.99736,3.28,0.5,9.5,5,0,0,0.5306122448979592,8.040000000000001,14.84375,0.05695218007117621,4.157591838324876
11.6,0.475,0.4,1.4,0.091,6.0,28.0,0.99704,3.07,0.65,10.0333333333333,6,0,1,0.21428571428571427,12.075,21.12280701754379,1.9826570933200005,-1.2060727965553206
9.2,0.54,0.31,2.3,0.1119999999999999,11.0,38.0,0.99699,3.24,0.56,10.9,5,0,1,0.2894736842105263,9.739999999999998,20.185185185185183,0.46972965226973984,-0.5483643434861544
8.3,0.85,0.14,2.5,0.093,13.0,54.0,0.99724,3.36,0.54,10.1,5,0,0,0.24074074074074073,9.15,11.882352941176471,-0.8731627090727915,0.8090163939709222
8.0,0.83,0.27,2.0,0.08,11.0,63.0,0.99652,3.29,0.48,9.8,4,0,0,0.1746031746031746,8.83,11.807228915662652,-0.7209042392299272,0.6705505931405129
7.2,0.605,0.02,1.9,0.096,10.0,31.0,0.995,3.46,0.53,11.8,6,0,0,0.3225806451612903,7.805,19.50413223140496,-2.165138444130847,-0.9423233660787859
7.8,0.5,0.09,2.2,0.115,10.0,42.0,0.9971,3.18,0.62,9.5,5,0,0,0.23809523809523808,8.3,19.0,0.055508808804061595,0.1810878843970819
7.3,0.74,0.08,1.7,0.094,10.0,45.0,0.99576,3.24,0.5,9.8,5,0,0,0.2222222222222222,8.04,13.243243243243244,-1.2213691258385386,0.25406001602688594
6.9,0.54,0.3,2.2,0.088,9.0,105.0,0.99725,3.25,1.18,10.5,6,0,1,0.08571428571428572,7.44,19.444444444444443,0.7456264689232635,0.5661380711711032
8.0,0.77,0.32,2.1,0.079,16.0,74.0,0.99656,3.27,0.5,9.8,6,0,0,0.21621621621621623,8.77,12.727272727272728,-0.4226050066694705,0.9885009863322167
6.6,0.61,0.0,1.6,0.069,4.0,8.0,0.99396,3.33,0.37,10.4,4,0,0,0.5,7.21,17.049180327868854,-2.4729476446638836,-1.2534553906531254
8.7,0.78,0.51,1.7,0.415,12.0,66.0,0.99623,3.0,1.17,9.2,5,0,1,0.18181818181818182,9.479999999999999,11.794871794871794,3.3815897199771805,1.2572003976621275
7.5,0.58,0.56,3.1,0.153,5.0,14.0,0.99476,3.21,1.03,11.6,6,0,1,0.35714285714285715,8.08,20.0,1.010818182048748,-1.7242670149903951
7.7,0.75,0.27,3.8,0.11,34.0,89.0,0.99664,3.24,0.45,9.3,5,0,0,0.38202247191011235,8.45,12.4,-0.2349436304638835,2.7524021474674445
6.8,0.815,0.0,1.2,0.267,16.0,29.0,0.99471,3.32,0.51,9.8,3,0,0,0.5517241379310345,7.615,12.024539877300615,-1.4131141468312003,0.7200478005580352
7.2,0.56,0.26,2.0,0.083,13.0,100.0,0.99586,3.26,0.52,9.9,5,0,0,0.13,7.76,17.678571428571427,-0.5709639510438813,0.934361267273793
8.2,0.885,0.2,1.4,0.086,7.0,31.0,0.9946,3.11,0.46,10.0,5,0,0,0.22580645161290322,9.084999999999999,11.299435028248588,-0.8996827482584867,-0.349421595699848
5.2,0.49,0.26,2.3,0.09,23.0,74.0,0.9953,3.71,0.62,12.2,6,0,0,0.3108108108108108,5.69,24.897959183673468,-2.5396041754894036,0.11845439999053003
7.2,0.45,0.15,2.0,0.078,10.0,28.0,0.99609,3.29,0.51,9.9,6,0,0,0.35714285714285715,7.65,22.0,-0.832501251717823,-0.5153746046759948
7.5,0.57,0.02,2.6,0.077,11.0,35.0,0.99557,3.36,0.62,10.8,6,0,0,0.3142857142857143,8.07,18.947368421052634,-1.39891523791959,-0.4109036174221196
6.8,0.83,0.09,1.8,0.074,4.0,25.0,0.99534,3.38,0.45,9.6,5,0,0,0.16,7.63,11.566265060240964,-2.081317887127692,-0.22009673220644757
8.0,0.6,0.22,2.1,0.08,25.0,105.0,0.99613,3.3,0.49,9.9,5,0,0,0.23809523809523808,8.6,16.5,-0.6207117313254531,1.7036687133726944
7.1,0.755,0.15,1.8,0.107,20.0,84.0,0.99593,3.19,0.5,9.5,5,0,0,0.23809523809523808,7.8549999999999995,12.582781456953642,-0.8333243829339206,1.5817054340077519
8.0,0.81,0.25,3.4,0.076,34.0,85.0,0.99668,3.19,0.42,9.2,5,0,0,0.4,8.81,11.358024691358024,-0.34994612952604265,2.6613426567258505
7.4,0.64,0.07,1.8,0.1,8.0,23.0,0.9961,3.3,0.58,9.6,5,0,0,0.34782608695652173,8.040000000000001,15.0,-1.031008306123075,-0.24813300430934274
6.6,0.64,0.31,6.1,0.083,7.0,49.0,0.99718,3.35,0.68,10.3,5,0,0,0.14285714285714285,7.239999999999999,16.09375,-0.1489852889774722,0.5647265883038791
6.7,0.48,0.02,2.2,0.08,36.0,111.0,0.99524,3.1,0.53,9.7,5,0,0,0.32432432432432434,7.18,20.208333333333332,-0.8410685440443606,2.3744108665031165
6.0,0.49,0.0,2.3,0.068,15.0,33.0,0.99292,3.58,0.59,12.5,6,0,0,0.45454545454545453,6.49,25.510204081632654,-3.256354785754699,-1.2823517169053085
8.0,0.64,0.22,2.4,0.094,5.0,33.0,0.99612,3.37,0.58,11.0,5,0,0,0.15151515151515152,8.64,17.1875,-0.8063463643814439,-0.8088493138491998
7.1,0.62,0.06,1.3,0.07,5.0,12.0,0.9942,3.17,0.48,9.8,5,0,0,0.4166666666666667,7.72,15.806451612903228,-1.4918157026050294,-1.0345553757827373
8.0,0.52,0.25,2.0,0.078,19.0,59.0,0.99612,3.3,0.48,10.2,5,0,0,0.3220338983050847,8.52,19.615384615384613,-0.5494719292916167,0.3379882686346738
6.4,0.57,0.14,3.9,0.07,27.0,73.0,0.99669,3.32,0.48,9.2,5,0,0,0.3698630136986301,6.970000000000001,16.140350877192983,-0.9996376870841008,1.9939712583234308
8.6,0.685,0.1,1.6,0.092,3.0,12.0,0.99745,3.31,0.65,9.55,6,0,0,0.25,9.285,13.941605839416058,-0.37623268856427977,-0.6094522869997137
8.7,0.675,0.1,1.6,0.09,4.0,11.0,0.99745,3.31,0.65,9.55,5,0,0,0.36363636363636365,9.375,14.148148148148149,-0.34716904014299726,-0.604455028280618
7.3,0.59,0.26,2.0,0.08,17.0,104.0,0.99584,3.28,0.52,9.9,5,0,0,0.16346153846153846,7.89,16.779661016949156,-0.6613528250138947,1.2284699348672898
7.0,0.6,0.12,2.2,0.083,13.0,28.0,0.9966,3.52,0.62,10.2,7,1,0,0.4642857142857143,7.6,17.0,-1.5442769453121752,-0.13718197355007344
7.2,0.67,0.0,2.2,0.068,10.0,24.0,0.9956,3.42,0.72,11.1,6,0,0,0.4166666666666667,7.87,16.567164179104477,-1.8009729346972978,-0.6970980812346804
7.9,0.69,0.21,2.1,0.08,33.0,141.0,0.9962,3.25,0.51,9.9,5,0,0,0.23404255319148937,8.59,14.347826086956523,-0.5816033994663119,2.869347304588412
7.6,0.3,0.42,2.0,0.052,6.0,24.0,0.9963,3.44,0.82,11.9,6,0,1,0.25,7.8999999999999995,39.66666666666667,-0.14253621302963743,-2.132966987292518
7.2,0.33,0.33,1.7,0.061,3.0,13.0,0.996,3.23,1.1,10.0,8,1,1,0.23076923076923078,7.53,30.3030303030303,0.6546963260226127,-1.7785231999399922
8.0,0.5,0.39,2.6,0.0819999999999999,12.0,46.0,0.9985,3.43,0.62,10.7,6,0,0,0.2608695652173913,8.5,21.4,0.16394687555631898,-0.19069248070240902
7.7,0.28,0.3,2.0,0.062,18.0,34.0,0.9952,3.28,0.9,11.3,7,1,1,0.5294117647058824,7.98,40.357142857142854,0.06604729799541145,-1.2265413967791226
8.2,0.24,0.34,5.1,0.062,8.0,22.0,0.9974,3.22,0.94,10.9,6,0,1,0.36363636363636365,8.44,45.41666666666667,1.4058431738874586,-1.096209066459542
6.0,0.51,0.0,2.1,0.064,40.0,54.0,0.995,3.54,0.93,10.7,6,0,0,0.7407407407407407,6.51,20.98039215686274,-2.1062920332137853,1.108927610252872
8.1,0.29,0.36,2.2,0.048,35.0,53.0,0.995,3.27,1.01,12.4,7,1,1,0.660377358490566,8.389999999999999,42.758620689655174,0.2770718558017048,-0.5945063343810972
6.6,0.96,0.0,1.8,0.0819999999999999,5.0,16.0,0.9936,3.5,0.44,11.9,6,0,0,0.3125,7.56,12.395833333333334,-3.4717065216881613,-1.091084846319766
6.4,0.47,0.4,2.4,0.071,8.0,19.0,0.9963,3.56,0.73,10.6,6,0,0,0.42105263157894735,6.87,22.5531914893617,-0.9697648472974153,-1.1358016253789036
9.9,0.57,0.25,2.0,0.104,12.0,89.0,0.9963,3.04,0.9,10.1,5,0,1,0.1348314606741573,10.47,17.719298245614034,1.4874364646229505,0.4559036268544491
10.0,0.32,0.59,2.2,0.077,3.0,15.0,0.9994,3.2,0.78,9.6,5,0,1,0.2,10.32,30.0,2.5596097115534517,-1.3437701495000354
6.2,0.58,0.0,1.6,0.065,8.0,18.0,0.9966,3.56,0.84,9.4,5,0,0,0.4444444444444444,6.78,16.20689655172414,-1.8675773330356786,-0.36394320928435275
7.3,0.34,0.33,2.5,0.064,21.0,37.0,0.9952,3.35,0.77,12.1,7,1,0,0.5675675675675675,7.64,35.588235294117645,-0.477014311784078,-1.0971538933805003
7.8,0.53,0.01,1.6,0.077,3.0,19.0,0.995,3.16,0.46,9.8,5,0,0,0.15789473684210525,8.33,18.49056603773585,-1.0574959276298928,-0.976618212531503
7.7,0.64,0.21,2.2,0.077,32.0,133.0,0.9956,3.27,0.45,9.9,5,0,0,0.24060150375939848,8.34,15.46875,-0.8528082663247594,2.574596000219681
7.5,0.4,0.18,1.6,0.079,24.0,58.0,0.9965,3.34,0.58,9.4,5,0,0,0.41379310344827586,7.9,23.5,-0.5464052693135844,0.7181285874052616
7.0,0.54,0.0,2.1,0.079,39.0,55.0,0.9956,3.39,0.84,11.4,6,0,0,0.7090909090909091,7.54,21.11111111111111,-1.450318910229853,0.9381281351898235
6.4,0.53,0.09,3.9,0.123,14.0,31.0,0.9968,3.5,0.67,11.0,4,0,0,0.45161290322580644,6.930000000000001,20.754716981132074,-1.2623199060637653,0.035597936556386524
8.3,0.26,0.37,1.4,0.076,8.0,23.0,0.9974,3.26,0.7,9.6,6,0,1,0.34782608695652173,8.56,36.92307692307692,0.8472107060078121,-1.1310367652405553
7.7,0.23,0.37,1.8,0.046,23.0,60.0,0.9971,3.41,0.71,12.1,6,0,1,0.38333333333333336,7.930000000000001,52.60869565217391,-0.11561776346977237,-0.7419263420727792
7.6,0.41,0.33,2.5,0.078,6.0,23.0,0.9957,3.3,0.58,11.2,5,0,0,0.2608695652173913,8.01,27.317073170731707,-0.33859343015020754,-1.4938867667275908
7.8,0.64,0.0,1.9,0.072,27.0,55.0,0.9962,3.31,0.63,11.0,5,0,0,0.4909090909090909,8.44,17.1875,-1.2908284513195976,0.6847303610622554
7.9,0.18,0.4,2.2,0.049,38.0,67.0,0.996,3.33,0.93,11.3,5,0,1,0.5671641791044776,8.08,62.777777777777786,0.5126724981074029,0.17154983378026922
7.4,0.41,0.24,1.8,0.066,18.0,47.0,0.9956,3.37,0.62,10.4,5,0,0,0.3829787234042553,7.8100000000000005,25.365853658536587,-0.8055203957499095,-0.2876117282110593
7.6,0.43,0.31,2.1,0.069,13.0,74.0,0.9958,3.26,0.54,9.9,6,0,0,0.17567567567567569,8.03,23.02325581395349,-0.2328070747574668,0.19053995688731815
5.9,0.44,0.0,1.6,0.042,3.0,11.0,0.9944,3.48,0.85,11.7,6,0,0,0.2727272727272727,6.340000000000001,26.59090909090909,-2.3324905686358046,-2.1161997671877733
6.1,0.4,0.16,1.8,0.069,11.0,25.0,0.9955,3.42,0.74,10.1,7,1,0,0.44,6.5,25.249999999999996,-1.295713545447787,-0.8094275955171395
10.2,0.54,0.37,15.4,0.214,55.0,95.0,1.00369,3.18,0.77,9.0,6,0,1,0.5789473684210527,10.739999999999998,16.666666666666664,4.692482939912875,6.524721550747137
10.0,0.38,0.38,1.6,0.1689999999999999,27.0,90.0,0.99914,3.15,0.65,8.5,5,0,1,0.3,10.38,22.36842105263158,2.3691957510835637,1.9427011198775026
6.8,0.915,0.29,4.8,0.07,15.0,39.0,0.99577,3.53,0.54,11.1,5,0,0,0.38461538461538464,7.715,12.131147540983605,-1.8187726468518006,0.5155750401665897
7.0,0.59,0.0,1.7,0.052,3.0,8.0,0.996,3.41,0.47,10.3,5,0,0,0.375,7.59,17.45762711864407,-2.0404056018320684,-1.1276593019525087
7.3,0.67,0.02,2.2,0.072,31.0,92.0,0.99566,3.32,0.68,11.066666666666698,6,0,0,0.33695652173913043,7.97,16.517412935323428,-1.4373766859428363,1.5263860231560602
7.2,0.37,0.32,2.0,0.062,15.0,28.0,0.9947,3.23,0.73,11.3,7,1,0,0.5357142857142857,7.57,30.540540540540544,-0.35508220312398425,-1.3330655890283278
7.4,0.785,0.19,5.2,0.094,19.0,98.0,0.99713,3.16,0.52,9.56666666666667,6,0,0,0.19387755102040816,8.185,12.186836518046713,-0.03539328587123223,2.4488360576817447
6.9,0.63,0.02,1.9,0.078,18.0,30.0,0.99712,3.4,0.75,9.8,5,0,0,0.6,7.53,15.555555555555557,-1.2210629134791013,0.3776360040833691
6.9,0.58,0.2,1.75,0.0579999999999999,8.0,22.0,0.99322,3.38,0.49,11.7,5,0,0,0.36363636363636365,7.48,20.17241379310345,-2.1671334272664917,-1.6553030143182446
7.3,0.67,0.02,2.2,0.072,31.0,92.0,0.99566,3.32,0.68,11.1,6,0,0,0.33695652173913043,7.97,16.567164179104477,-1.4410097277641845,1.5139675325763262
7.4,0.785,0.19,5.2,0.094,19.0,98.0,0.99713,3.16,0.52,9.6,6,0,0,0.19387755102040816,8.185,12.229299363057324,-0.039026327692583566,2.4364175671020005
6.8,0.67,0.0,1.9,0.08,22.0,39.0,0.99701,3.4,0.74,9.7,5,0,0,0.5641025641025641,7.47,14.477611940298505,-1.3660032307976353,0.8441636769182636
6.9,0.58,0.01,1.9,0.08,40.0,54.0,0.99683,3.4,0.73,9.7,5,0,0,0.7407407407407407,7.48,16.724137931034484,-1.2727557494904531,1.8169236461451173
7.2,0.38,0.31,2.0,0.0559999999999999,15.0,29.0,0.99472,3.23,0.76,11.3,8,1,0,0.5172413793103449,7.58,29.73684210526316,-0.3685395051222817,-1.3158040883034077
7.8,0.32,0.44,2.7,0.104,8.0,17.0,0.99732,3.33,0.78,11.0,7,1,1,0.47058823529411764,8.12,34.375,0.786289069364949,-1.420699235004276
6.6,0.58,0.02,2.0,0.062,37.0,53.0,0.99374,3.35,0.76,11.6,7,1,0,0.6981132075471698,7.18,20.0,-2.063166293160475,0.5339689400058666
7.6,0.49,0.33,1.9,0.074,27.0,85.0,0.99706,3.41,0.58,9.0,5,0,0,0.3176470588235294,8.09,18.367346938775512,-0.29028027496714437,1.600354120822996
11.7,0.45,0.63,2.2,0.073,7.0,23.0,0.99974,3.21,0.69,10.9,6,0,1,0.30434782608695654,12.149999999999999,24.22222222222222,2.710533996304893,-1.3775998155708293
6.5,0.9,0.0,1.6,0.052,9.0,17.0,0.99467,3.5,0.63,10.9,6,0,0,0.5294117647058824,7.4,12.11111111111111,-2.966641604716314,-0.6328129785709642
6.0,0.54,0.06,1.8,0.05,38.0,89.0,0.99236,3.3,0.5,10.55,6,0,0,0.42696629213483145,6.54,19.537037037037038,-2.5325497741185883,1.387041447461449
8.4,0.29,0.4,1.7,0.067,8.0,20.0,0.99603,3.39,0.6,10.5,5,0,1,0.4,8.69,36.20689655172414,-0.010394011541778944,-1.6092395284275924
7.9,0.2,0.35,1.7,0.054,7.0,15.0,0.99458,3.32,0.8,11.9,7,1,1,0.4666666666666667,8.1,59.5,-0.17260702113888005,-2.6090338571400435
6.4,0.42,0.09,2.3,0.054,34.0,64.0,0.99724,3.41,0.68,10.4,6,0,0,0.53125,6.82,24.761904761904763,-1.1551958039337868,1.2292479477903802
6.2,0.785,0.0,2.1,0.06,6.0,13.0,0.99664,3.59,0.61,10.0,4,0,0,0.46153846153846156,6.985,12.738853503184712,-2.589449636365896,-0.30822225636777534
6.8,0.64,0.03,2.3,0.075,14.0,31.0,0.99545,3.36,0.58,10.4,6,0,0,0.45161290322580644,7.4399999999999995,16.25,-1.7522545489132673,-0.10110213314502355
6.9,0.63,0.01,2.4,0.076,14.0,39.0,0.99522,3.34,0.53,10.8,6,0,0,0.358974358974359,7.53,17.142857142857142,-1.8435435662856476,-0.11007587387544028
6.8,0.59,0.1,1.7,0.063,34.0,53.0,0.9958,3.41,0.67,9.7,5,0,0,0.6415094339622641,7.39,16.440677966101696,-1.5149783738542602,1.267232670167404
7.3,0.48,0.32,2.1,0.062,31.0,54.0,0.99728,3.3,0.65,10.0,7,1,0,0.5740740740740741,7.779999999999999,20.833333333333336,-0.10395210940647456,0.9076580772817935
6.7,1.04,0.08,2.3,0.067,19.0,32.0,0.99648,3.52,0.57,11.0,4,0,0,0.59375,7.74,10.576923076923077,-2.552706280057234,0.6205457113723252
7.3,0.98,0.05,2.1,0.061,20.0,49.0,0.99705,3.31,0.55,9.7,3,0,0,0.40816326530612246,8.28,9.89795918367347,-1.5734644079962703,1.364715723165978
10.0,0.69,0.11,1.4,0.084,8.0,24.0,0.99578,2.88,0.47,9.7,5,0,0,0.3333333333333333,10.69,14.057971014492754,0.5812624849955774,-0.5139733030486592
6.7,0.7,0.08,3.75,0.067,8.0,16.0,0.99334,3.43,0.52,12.6,5,0,0,0.5,7.4,18.0,-2.60479795358455,-1.4229373321200833
7.6,0.35,0.6,2.6,0.073,23.0,44.0,0.99656,3.38,0.79,11.1,6,0,1,0.5227272727272727,7.949999999999999,31.714285714285715,0.6223111927948152,-0.5210316201100252
6.1,0.6,0.08,1.8,0.071,14.0,45.0,0.99336,3.38,0.54,11.0,5,0,0,0.3111111111111111,6.699999999999999,18.333333333333336,-2.4489166023299984,-0.48184208343749524
9.9,0.5,0.5,13.8,0.205,48.0,82.0,1.00242,3.16,0.75,8.8,5,0,1,0.5853658536585366,10.4,17.6,4.555419321117884,5.43079695632134
5.3,0.47,0.11,2.2,0.048,16.0,89.0,0.99182,3.54,0.88,13.566666666666698,7,1,0,0.1797752808988764,5.77,28.865248226950424,-3.0105103790633927,-1.0370982357906084
5.3,0.47,0.11,2.2,0.048,16.0,89.0,0.99182,3.54,0.88,13.6,7,1,0,0.1797752808988764,5.77,28.93617021276596,-3.0141434208847406,-1.0495167263703424
7.1,0.875,0.05,5.7,0.0819999999999999,3.0,14.0,0.99808,3.4,0.52,10.2,3,0,0,0.21428571428571427,7.975,11.657142857142857,-1.1835979804899297,0.4215727674581307
8.2,0.28,0.6,3.0,0.104,10.0,22.0,0.99828,3.39,0.68,10.6,5,0,1,0.45454545454545453,8.479999999999999,37.857142857142854,1.2859128736596388,-1.0962407042934765
5.6,0.62,0.03,1.5,0.08,6.0,13.0,0.99498,3.66,0.62,10.1,4,0,0,0.46153846153846156,6.22,16.29032258064516,-2.9881134807871303,-0.8399246140783794
7.2,0.58,0.54,2.1,0.114,3.0,9.0,0.99719,3.33,0.57,10.3,4,0,1,0.3333333333333333,7.78,17.758620689655174,0.24190952022520437,-1.2192375567503908
8.1,0.33,0.44,1.5,0.042,6.0,12.0,0.99542,3.35,0.61,10.7,5,0,1,0.5,8.43,32.42424242424242,-0.20483222394157294,-2.0526094815859577
6.8,0.91,0.06,2.0,0.06,4.0,11.0,0.99592,3.53,0.64,10.9,4,0,0,0.36363636363636365,7.71,11.978021978021978,-2.4840167429008675,-0.7903891455957135
7.0,0.655,0.16,2.1,0.074,8.0,25.0,0.99606,3.37,0.55,9.7,5,0,0,0.32,7.655,14.809160305343509,-1.2942659991680616,-0.28452565630520055
6.8,0.68,0.21,2.1,0.07,9.0,23.0,0.99546,3.38,0.6,10.3,5,0,0,0.391304347826087,7.4799999999999995,15.147058823529411,-1.4327453311653455,-0.5832257844846161
6.0,0.64,0.05,1.9,0.066,9.0,17.0,0.99496,3.52,0.78,10.6,5,0,0,0.5294117647058824,6.64,16.5625,-2.300906390278217,-0.8438051832876114
5.6,0.54,0.04,1.7,0.049,5.0,13.0,0.9942,3.72,0.58,11.4,5,0,0,0.38461538461538464,6.14,21.11111111111111,-3.5081296604674406,-1.631683782715954
6.2,0.57,0.1,2.1,0.048,4.0,11.0,0.99448,3.44,0.76,10.8,6,0,0,0.36363636363636365,6.7700000000000005,18.947368421052634,-2.011188825764682,-1.4920372456883884
7.1,0.22,0.49,1.8,0.039,8.0,18.0,0.99344,3.39,0.56,12.4,6,0,0,0.4444444444444444,7.319999999999999,56.36363636363637,-0.9917773598316241,-2.809140630717802
6.2,0.65,0.06,1.6,0.05,6.0,18.0,0.99348,3.57,0.54,11.95,5,0,0,0.3333333333333333,6.8500000000000005,18.384615384615383,-3.279125111527758,-1.6825058811868674
7.7,0.54,0.26,1.9,0.089,23.0,147.0,0.99636,3.26,0.59,9.7,5,0,0,0.1564625850340136,8.24,17.962962962962962,-0.13099078753367965,2.2859847058046427
6.4,0.31,0.09,1.4,0.066,15.0,28.0,0.99459,3.42,0.7,10.0,7,1,0,0.5357142857142857,6.71,32.25806451612903,-1.5568063931685687,-0.8015276948055348
7.0,0.43,0.02,1.9,0.08,15.0,28.0,0.99492,3.35,0.81,10.6,6,0,0,0.5357142857142857,7.43,24.651162790697676,-1.2353459673474878,-0.6970171378466484
6.9,0.74,0.03,2.3,0.054,7.0,16.0,0.99508,3.45,0.63,11.5,6,0,0,0.4375,7.640000000000001,15.54054054054054,-2.328973073467403,-1.0846215032748878
6.6,0.895,0.04,2.3,0.068,7.0,13.0,0.99582,3.53,0.58,10.8,6,0,0,0.5384615384615384,7.494999999999999,12.067039106145252,-2.605738937032511,-0.484471975840961
7.5,0.725,0.04,1.5,0.076,8.0,15.0,0.99508,3.26,0.53,9.6,5,0,0,0.5333333333333333,8.225,13.241379310344827,-1.5004739481601366,-0.46714007599373375
7.8,0.82,0.29,4.3,0.083,21.0,64.0,0.99642,3.16,0.53,9.4,5,0,0,0.328125,8.62,11.463414634146343,-0.02709260514914093,1.6917277479377784
7.3,0.585,0.18,2.4,0.078,15.0,60.0,0.99638,3.31,0.54,9.8,5,0,0,0.25,7.885,16.752136752136753,-0.788560629585212,0.5900596712913032
6.2,0.44,0.39,2.5,0.077,6.0,14.0,0.99555,3.51,0.69,11.0,6,0,0,0.42857142857142855,6.640000000000001,25.0,-1.0913329246175323,-1.5408030118777194
7.5,0.38,0.57,2.3,0.106,5.0,12.0,0.99605,3.36,0.55,11.4,6,0,1,0.4166666666666667,7.88,30.0,0.16812419563959952,-1.9442980207344993
6.7,0.76,0.02,1.8,0.078,6.0,12.0,0.996,3.55,0.63,9.95,3,0,0,0.5,7.46,13.092105263157894,-2.3072015228704252,-0.4836515528242435
6.8,0.81,0.05,2.0,0.07,6.0,14.0,0.99562,3.51,0.66,10.8,6,0,0,0.42857142857142855,7.609999999999999,13.333333333333334,-2.2999611156487005,-0.7636257385278765
7.1,0.27,0.6,2.1,0.074,17.0,25.0,0.99814,3.38,0.72,10.6,6,0,1,0.68,7.369999999999999,39.25925925925925,0.81768213098969,-0.9137474587629815
7.9,0.18,0.4,1.8,0.062,7.0,20.0,0.9941,3.28,0.7,11.1,5,0,1,0.35,8.08,61.666666666666664,-0.023700068840542786,-2.283620343342749
6.4,0.36,0.21,2.2,0.047,26.0,48.0,0.99661,3.47,0.77,9.7,6,0,0,0.5416666666666666,6.760000000000001,26.944444444444443,-0.9282315670127357,0.49337909942641245
7.1,0.69,0.04,2.1,0.068,19.0,27.0,0.99712,3.44,0.67,9.8,5,0,0,0.7037037037037037,7.789999999999999,14.20289855072464,-1.4574126855697294,0.4718362893366709
6.4,0.79,0.04,2.2,0.061,11.0,17.0,0.99588,3.53,0.65,10.4,6,0,0,0.6470588235294118,7.19,13.164556962025316,-2.4101562774015957,-0.267191941639873
6.4,0.56,0.15,1.8,0.078,17.0,65.0,0.99294,3.33,0.6,10.5,6,0,0,0.26153846153846155,6.960000000000001,18.749999999999996,-1.9039388726622453,0.008215150323974218
6.9,0.84,0.21,4.1,0.074,16.0,65.0,0.99842,3.53,0.72,9.23333333333333,6,0,0,0.24615384615384617,7.74,10.992063492063489,-0.8850006777956919,1.8094271078776984
6.9,0.84,0.21,4.1,0.074,16.0,65.0,0.99842,3.53,0.72,9.25,6,0,0,0.24615384615384617,7.74,11.011904761904763,-0.8868171987063681,1.8032178625878246
6.1,0.32,0.25,2.3,0.071,23.0,58.0,0.99633,3.42,0.97,10.6,5,0,0,0.39655172413793105,6.42,33.125,-0.4534225159513111,0.09214287952401712
6.5,0.53,0.06,2.0,0.063,29.0,44.0,0.99489,3.38,0.83,10.3,6,0,0,0.6590909090909091,7.03,19.433962264150942,-1.5190754777539406,0.49205490865287127
7.4,0.47,0.46,2.2,0.114,7.0,20.0,0.99647,3.32,0.63,10.5,5,0,1,0.35,7.87,22.340425531914896,0.20936211036399158,-1.11376046579997
6.6,0.7,0.08,2.6,0.106,14.0,27.0,0.99665,3.44,0.58,10.2,5,0,0,0.5185185185185185,7.3,14.571428571428571,-1.5642428211635893,0.252333593991076
6.9,0.48,0.2,1.9,0.0819999999999999,9.0,23.0,0.99585,3.39,0.43,9.05,4,0,0,0.391304347826087,7.380000000000001,18.854166666666668,-1.1948503561155384,-0.3187629989531451
6.8,0.48,0.25,2.0,0.076,29.0,61.0,0.9953,3.34,0.6,10.4,5,0,0,0.47540983606557374,7.279999999999999,21.666666666666668,-0.9934245647268799,0.660661275098663
6.0,0.42,0.19,2.0,0.075,22.0,47.0,0.99522,3.39,0.78,10.0,6,0,0,0.46808510638297873,6.42,23.80952380952381,-1.1366529316066254,0.16329822185385529
6.7,0.48,0.08,2.1,0.064,18.0,34.0,0.99552,3.33,0.64,9.7,5,0,0,0.5294117647058824,7.18,20.208333333333332,-1.2607070420073694,0.057242501249982175
6.8,0.47,0.08,2.2,0.064,18.0,38.0,0.99553,3.3,0.65,9.6,6,0,0,0.47368421052631576,7.27,20.425531914893618,-1.0917407861757795,0.1571991193557005
7.1,0.53,0.07,1.7,0.071,15.0,24.0,0.9951,3.29,0.66,10.8,6,0,0,0.625,7.63,20.37735849056604,-1.315466029079064,-0.7251523348498478
7.9,0.29,0.49,2.2,0.096,21.0,59.0,0.99714,3.31,0.67,10.1,6,0,1,0.3559322033898305,8.19,34.827586206896555,0.860068262915536,0.08944855520102503
7.1,0.69,0.08,2.1,0.063,42.0,52.0,0.99608,3.42,0.6,10.2,6,0,0,0.8076923076923077,7.789999999999999,14.782608695652174,-1.7155575525393438,1.7316061456581462
6.6,0.44,0.09,2.2,0.063,9.0,18.0,0.99444,3.42,0.69,11.3,6,0,0,0.5,7.04,25.681818181818183,-1.7897964419501038,-1.4517003084950475
6.1,0.705,0.1,2.8,0.081,13.0,28.0,0.99631,3.6,0.66,10.2,5,0,0,0.4642857142857143,6.805,14.46808510638298,-2.1609651778775962,0.14782849061376174
7.2,0.53,0.13,2.0,0.0579999999999999,18.0,22.0,0.99573,3.21,0.68,9.9,6,0,0,0.8181818181818182,7.73,18.67924528301887,-0.6920263808850304,-0.24271491148538635
8.0,0.39,0.3,1.9,0.074,32.0,84.0,0.99717,3.39,0.61,9.0,5,0,0,0.38095238095238093,8.39,23.076923076923077,-0.006339825583538327,1.6792272377035649
6.6,0.56,0.14,2.4,0.064,13.0,29.0,0.99397,3.42,0.62,11.7,7,1,0,0.4482758620689655,7.16,20.89285714285714,-2.046190558385555,-1.0707404918900147
7.0,0.55,0.13,2.2,0.075,15.0,35.0,0.9959,3.36,0.59,9.7,6,0,0,0.42857142857142855,7.55,17.636363636363633,-1.1644670044195433,0.08423586740132058
6.1,0.53,0.08,1.9,0.077,24.0,45.0,0.99528,3.6,0.68,10.3,6,0,0,0.5333333333333333,6.63,19.433962264150942,-2.2896960617725153,0.3926439879654319
5.4,0.58,0.08,1.9,0.059,20.0,31.0,0.99484,3.5,0.64,10.2,6,0,0,0.6451612903225806,5.98,17.586206896551722,-2.488539355827009,0.02178604650526362
6.2,0.64,0.09,2.5,0.081,15.0,26.0,0.99538,3.57,0.63,12.0,5,0,0,0.5769230769230769,6.84,18.75,-2.4572920013180157,-0.7142240236068403
7.2,0.39,0.32,1.8,0.065,34.0,60.0,0.99714,3.46,0.78,9.9,5,0,0,0.5666666666666667,7.59,25.384615384615383,-0.31735853217421267,0.9645528432423874
6.2,0.52,0.08,4.4,0.071,11.0,32.0,0.99646,3.56,0.63,11.6,6,0,0,0.34375,6.720000000000001,22.307692307692307,-1.8643642642320661,-0.3903084273497044
7.4,0.25,0.29,2.2,0.054,19.0,49.0,0.99666,3.4,0.76,10.9,7,1,0,0.3877551020408163,7.65,43.6,-0.20286904669792016,-0.5468677776310762
6.7,0.855,0.02,1.9,0.064,29.0,38.0,0.99472,3.3,0.56,10.75,6,0,0,0.7631578947368421,7.555,12.573099415204679,-2.2469444422788243,0.7804969439917389
11.1,0.44,0.42,2.2,0.064,14.0,19.0,0.99758,3.25,0.57,10.4,6,0,1,0.7368421052631579,11.54,23.636363636363637,1.3108317921447565,-0.9780235931442293
8.4,0.37,0.43,2.3,0.063,12.0,19.0,0.9955,3.17,0.81,11.2,7,1,1,0.631578947368421,8.77,30.27027027027027,0.7398245120431108,-1.634980509978277
6.5,0.63,0.33,1.8,0.059,16.0,28.0,0.99531,3.36,0.64,10.1,6,0,0,0.5714285714285714,7.13,16.03174603174603,-1.1484690376676892,-0.34423702277824175
7.0,0.57,0.02,2.0,0.072,17.0,26.0,0.99575,3.36,0.61,10.2,5,0,0,0.6538461538461539,7.57,17.894736842105264,-1.5545575969113,-0.10963549835004727
6.3,0.6,0.1,1.6,0.048,12.0,26.0,0.99306,3.55,0.51,12.1,5,0,0,0.46153846153846156,6.8999999999999995,20.166666666666668,-3.1955737713596246,-1.4674739642544918
11.2,0.4,0.5,2.0,0.099,19.0,50.0,0.99783,3.1,0.58,10.4,5,0,1,0.38,11.6,26.0,2.23183040246605,-0.24510514629404218
7.4,0.36,0.3,1.8,0.074,17.0,24.0,0.99419,3.24,0.7,11.4,8,1,0,0.7083333333333334,7.760000000000001,31.666666666666668,-0.5005487519579698,-1.409818135060802
7.1,0.68,0.0,2.3,0.087,17.0,26.0,0.99783,3.45,0.53,9.5,5,0,0,0.6538461538461539,7.779999999999999,13.970588235294116,-1.4859639734622,0.7031415194379708
7.1,0.67,0.0,2.3,0.083,18.0,27.0,0.99768,3.44,0.54,9.4,5,0,0,0.6666666666666666,7.77,14.029850746268657,-1.4685758028342282,0.7591444418722537
6.3,0.68,0.01,3.7,0.103,32.0,54.0,0.99586,3.51,0.66,11.3,6,0,0,0.5925925925925926,6.9799999999999995,16.61764705882353,-2.0707129220327767,1.299799483295289
7.3,0.735,0.0,2.2,0.08,18.0,28.0,0.99765,3.41,0.6,9.4,5,0,0,0.6428571428571429,8.035,12.789115646258503,-1.3518007567420678,0.812875769425912
6.6,0.855,0.02,2.4,0.062,15.0,23.0,0.99627,3.54,0.6,11.0,6,0,0,0.6521739130434783,7.455,12.865497076023392,-2.550492053530981,0.01258300740200242
7.0,0.56,0.17,1.7,0.065,15.0,24.0,0.99514,3.44,0.68,10.55,7,1,0,0.625,7.5600000000000005,18.839285714285715,-1.5370420925354873,-0.6749714084339657
6.6,0.88,0.04,2.2,0.066,12.0,20.0,0.99636,3.53,0.56,9.9,5,0,0,0.6,7.4799999999999995,11.25,-2.4262994418738026,0.24449722973089977
6.9,0.63,0.33,6.7,0.235,66.0,115.0,0.99787,3.22,0.56,9.5,5,0,0,0.5739130434782609,7.53,15.079365079365079,1.0831665441016833,5.4768003089495325
7.8,0.6,0.26,2.0,0.08,31.0,131.0,0.99622,3.21,0.52,9.9,5,0,0,0.2366412213740458,8.4,16.5,-0.256238700171913,2.4103824438554753
7.2,0.695,0.13,2.0,0.076,12.0,20.0,0.99546,3.29,0.54,10.1,5,0,0,0.6,7.8950000000000005,14.532374100719425,-1.3319842538576057,-0.33638869741904
6.7,0.67,0.02,1.9,0.061,26.0,42.0,0.99489,3.39,0.82,10.9,6,0,0,0.6190476190476191,7.37,16.26865671641791,-1.8638813290964147,0.297790920742711
6.7,0.16,0.64,2.1,0.059,24.0,52.0,0.99494,3.34,0.71,11.2,6,0,1,0.46153846153846156,6.86,70.0,0.25658852989829134,-0.9323799150281141
7.0,0.56,0.13,1.6,0.077,25.0,42.0,0.99629,3.34,0.59,9.2,5,0,0,0.5952380952380952,7.5600000000000005,16.428571428571427,-1.0495281304254795,0.8447041916281482
6.2,0.51,0.14,1.9,0.0559999999999999,15.0,34.0,0.99396,3.48,0.57,11.5,6,0,0,0.4411764705882353,6.71,22.549019607843135,-2.401728554324924,-0.9552358621824277
6.4,0.36,0.53,2.2,0.23,19.0,35.0,0.9934,3.37,0.93,12.4,6,0,1,0.5428571428571428,6.760000000000001,34.44444444444445,0.17859336414194776,-1.2988860279902494
6.4,0.38,0.14,2.2,0.038,15.0,25.0,0.99514,3.44,0.65,11.1,6,0,0,0.6,6.78,29.210526315789473,-1.7105537730467912,-1.046268113184995
7.3,0.69,0.32,2.2,0.069,35.0,104.0,0.99632,3.33,0.51,9.5,5,0,0,0.33653846153846156,7.99,13.768115942028986,-0.7316925576540699,2.4334040240190604
6.0,0.58,0.2,2.4,0.075,15.0,50.0,0.99467,3.58,0.67,12.5,6,0,0,0.3,6.58,21.551724137931036,-2.3577787151536227,-0.7854482185717598
5.6,0.31,0.78,13.9,0.074,23.0,92.0,0.99677,3.39,0.48,10.5,6,0,1,0.25,5.909999999999999,33.87096774193549,1.3467903586557173,2.5720134120945226
7.5,0.52,0.4,2.2,0.06,12.0,20.0,0.99474,3.26,0.64,11.8,6,0,0,0.6,8.02,22.692307692307693,-0.5332094917491443,-1.5966113492246963
8.0,0.3,0.63,1.6,0.081,16.0,29.0,0.99588,3.3,0.78,10.8,6,0,1,0.5517241379310345,8.3,36.00000000000001,0.9098842904053165,-1.3732973648916487
6.2,0.7,0.15,5.1,0.076,13.0,27.0,0.99622,3.54,0.6,11.9,6,0,0,0.48148148148148145,6.9,17.0,-1.9225129020582794,-0.15773556717026635
6.8,0.67,0.15,1.8,0.118,13.0,20.0,0.9954,3.42,0.67,11.3,6,0,0,0.65,7.47,16.865671641791046,-1.5287857256647384,-0.733586054539712
6.2,0.56,0.09,1.7,0.053,24.0,32.0,0.99402,3.54,0.6,11.3,5,0,0,0.75,6.76,20.178571428571427,-2.7340289176131023,-0.4028032861147332
7.4,0.35,0.33,2.4,0.068,9.0,26.0,0.9947,3.36,0.6,11.9,6,0,0,0.34615384615384615,7.75,34.0,-0.8013320844618027,-1.8066368836074924
6.1,0.715,0.1,2.6,0.053,13.0,27.0,0.99362,3.57,0.5,11.9,5,0,0,0.48148148148148145,6.8149999999999995,16.643356643356643,-3.2147553290645976,-0.8782101267925069
6.2,0.46,0.29,2.1,0.074,32.0,98.0,0.99578,3.33,0.62,9.8,5,0,0,0.32653061224489793,6.66,21.304347826086957,-0.7816950137587384,1.7113321652632463
6.7,0.32,0.44,2.4,0.061,24.0,34.0,0.99484,3.29,0.8,11.6,7,1,1,0.7058823529411765,7.0200000000000005,36.25,-0.19604051134589928,-0.9751447869536479
7.2,0.39,0.44,2.6,0.066,22.0,48.0,0.99494,3.3,0.84,11.5,6,0,1,0.4583333333333333,7.59,29.487179487179485,-0.024836696496285032,-0.6725828786059669
7.5,0.31,0.41,2.4,0.065,34.0,60.0,0.99492,3.34,0.85,11.4,6,0,1,0.5666666666666667,7.81,36.774193548387096,-0.03844006783684702,0.0014049381026309683
5.8,0.61,0.11,1.8,0.066,18.0,28.0,0.99483,3.55,0.66,10.9,6,0,0,0.6428571428571429,6.41,17.868852459016395,-2.5157321053283432,-0.3990277740250347
7.2,0.66,0.33,2.5,0.068,34.0,102.0,0.99414,3.27,0.78,12.8,6,0,0,0.3333333333333333,7.86,19.393939393939394,-0.9195490089332664,0.7670291223388696
6.6,0.725,0.2,7.8,0.073,29.0,79.0,0.9977,3.29,0.54,9.2,5,0,0,0.3670886075949367,7.324999999999999,12.689655172413792,-0.2158797906300237,3.168569161025244
6.3,0.55,0.15,1.8,0.077,26.0,35.0,0.99314,3.32,0.82,11.6,6,0,0,0.7428571428571429,6.85,21.09090909090909,-1.7017162621868849,-0.5350893932505032
5.4,0.74,0.09,1.7,0.089,16.0,26.0,0.99402,3.67,0.56,11.6,6,0,0,0.6153846153846154,6.140000000000001,15.675675675675675,-3.4897940201288122,-0.5773335685256923
6.3,0.51,0.13,2.3,0.076,29.0,40.0,0.99574,3.42,0.75,11.0,6,0,0,0.725,6.81,21.56862745098039,-1.4314339222190058,0.3075989578792438
6.8,0.62,0.08,1.9,0.068,28.0,38.0,0.99651,3.42,0.82,9.5,6,0,0,0.7368421052631579,7.42,15.32258064516129,-1.2006204117015775,0.9377927144660116
6.2,0.6,0.08,2.0,0.09,32.0,44.0,0.9949,3.45,0.58,10.5,5,0,0,0.7272727272727273,6.8,17.5,-2.124124593452074,0.8278578690591377
5.9,0.55,0.1,2.2,0.062,39.0,51.0,0.99512,3.52,0.76,11.2,6,0,0,0.7647058823529411,6.45,20.36363636363636,-2.1713049709428103,0.8905408552631382
5.9,0.645,0.12,2.0,0.075,32.0,44.0,0.99547,3.57,0.71,10.2,5,0,0,0.7272727272727273,6.545,15.813953488372091,-2.2381651539416723,0.9856853685973589
6.0,0.31,0.47,3.6,0.067,18.0,42.0,0.99549,3.39,0.66,11.0,6,0,0,0.42857142857142855,6.31,35.483870967741936,-0.43087384606241197,-0.5484287858441703
